cycle,Voltages,rate,Tem,Capacity
1,"[4.1826439 4.1783519 4.1753993 4.1732731 4.1714616 4.1701627 4.1688633
 4.1679182 4.1669731 4.1662645 4.1654773 4.1649261 4.1643748 4.1638627]",0.5,25,3232.081616090224
2,"[4.1827226 4.1783128 4.175478  4.1732335 4.1715798 4.1703591 4.1690602
 4.1679182 4.1669731 4.1662645 4.1656737 4.1650047 4.1645322 4.163981 ]",0.5,25,3232.083223331298
3,"[4.1826439 4.1783128 4.1753597 4.1732731 4.1715407 4.1701627 4.168942
 4.1679182 4.1670127 4.1663432 4.1656737 4.1650834 4.1645322 4.1640201]",0.5,25,3230.493170742867
4,"[4.1825652 4.1782732 4.1753993 4.1732335 4.1714616 4.1702018 4.168942
 4.1678395 4.1670914 4.1663432 4.1656737 4.1650438 4.1644535 4.163981 ]",0.5,25,3228.064682234563
5,"[4.1825256 4.1783128 4.1753993 4.1731548 4.1715798 4.1700048 4.1690207
 4.1679578 4.1671309 4.1663041 4.1655951 4.1651621 4.1644535 4.1640201]",0.5,25,3226.316626671413
6,"[4.1825256 4.1781945 4.1754384 4.1731548 4.1714616 4.1701627 4.1689024
 4.1679182 4.1670914 4.1664219 4.1655951 4.1650834 4.1644926 4.1640596]",0.5,25,3223.268916608207
7,"[4.1825256 4.1782341 4.1753597 4.1731548 4.1714616 4.1701627 4.168942
 4.1678786 4.1670914 4.1663041 4.1655164 4.1651225 4.1644535 4.1640201]",0.5,25,3220.347950318058
8,"[4.182447  4.1781554 4.175281  4.1732335 4.1714616 4.1700444 4.1689024
 4.1679578 4.1670914 4.1663432 4.1657529 4.1650047 4.1645713 4.1640596]",0.5,25,3217.2906019198963
9,"[4.1824861 4.1782341 4.1753597 4.1731944 4.1716585 4.1700835 4.1691389
 4.1678395 4.16717   4.1663432 4.1657133 4.1651621 4.1646109 4.1641779]",0.5,25,3214.5050949854854
10,"[4.1825256 4.1781945 4.1752415 4.1731153 4.1715798 4.1701627 4.1689811
 4.1679969 4.1671309 4.1663828 4.1657133 4.1651225 4.1646504 4.1640992]",0.5,25,3211.67033151001
11,"[4.1824861 4.1781554 4.1753201 4.1731548 4.1716981 4.1700835 4.1690207
 4.1680365 4.16717   4.166225  4.1656346 4.1650834 4.1644926 4.1641779]",0.5,25,3208.91832059394
12,"[4.1825652 4.1781945 4.1752415 4.1731153 4.1716585 4.1700444 4.1689811
 4.1679969 4.1670518 4.1663432 4.1656737 4.1650834 4.1645713 4.1640992]",0.5,25,3206.023319834933
13,"[4.1825256 4.1782341 4.1753201 4.1731548 4.1714616 4.1700048 4.1688633
 4.1678395 4.1670518 4.1662645 4.1656737 4.1651621 4.1645713 4.1641383]",0.5,25,3203.102626303033
14,"[4.1825256 4.1782341 4.1751237 4.1731153 4.1713438 4.1701231 4.1688237
 4.1679182 4.1670127 4.166225  4.1657133 4.1650438 4.1645322 4.1640201]",0.5,25,3199.781454547253
15,"[4.182447  4.1780763 4.1752024 4.1731153 4.1713042 4.1701627 4.1688237
 4.1679182 4.1670914 4.1662645 4.1656346 4.1649652 4.1644535 4.163981 ]",0.5,25,3197.0979300018957
16,"[4.1822896 4.1780763 4.1752024 4.1730366 4.1713829 4.1700048 4.1687846
 4.1678395 4.1669731 4.1662645 4.165556  4.1649652 4.1644535 4.1640201]",0.5,25,3194.4204216041417
17,"[4.1824074 4.1781554 4.1753597 4.1729975 4.1713438 4.1700048 4.1689024
 4.1678395 4.1670518 4.1662645 4.1656346 4.1650834 4.1644926 4.1640992]",0.5,25,3191.826972398819
18,"[4.1822896 4.1779585 4.1750445 4.1729975 4.1713438 4.1698871 4.1688237
 4.1677608 4.1668553 4.1661463 4.1654773 4.1648078 4.1644535 4.163981 ]",0.5,25,3188.638722738443
19,"[4.1823683 4.1781158 4.1750445 4.1729975 4.1712255 4.1698079 4.1687055
 4.167603  4.1668158 4.1661859 4.1654773 4.1648469 4.1642957 4.163981 ]",0.5,25,3185.892215061577
20,"[4.1823287 4.1781158 4.1750054 4.1729579 4.1712255 4.1698079 4.1687055
 4.1677608 4.1667762 4.1662645 4.1653981 4.1648469 4.1642957 4.163981 ]",0.5,25,3183.2641563193074
21,"[4.1822104 4.1779189 4.1750054 4.1728396 4.1710682 4.1696901 4.1685481
 4.167603  4.1665797 4.1659102 4.1654377 4.1647682 4.1641779 4.1637444]",0.5,25,3180.514456131864
22,"[4.1823287 4.1779189 4.1750054 4.1729975 4.1713042 4.1698079 4.1686664
 4.1676822 4.1668944 4.1661072 4.1654377 4.1648078 4.164217  4.163784 ]",0.5,25,3177.795852321778
23,"[4.1822104 4.1779189 4.1749659 4.1728792 4.1711469 4.1698871 4.1686664
 4.1675639 4.1668158 4.1661072 4.1652803 4.1648078 4.1641779 4.1637053]",0.5,25,3175.261434621988
24,"[4.18225   4.1779976 4.1750445 4.1731153 4.171186  4.1697688 4.1686664
 4.1677213 4.1667762 4.1660676 4.1654377 4.1648078 4.1643748 4.1639023]",0.5,25,3172.6433920277223
25,"[4.18225   4.1779189 4.1750445 4.1729579 4.1712255 4.1697292 4.1685877
 4.1675639 4.1667762 4.166225  4.1654773 4.1647291 4.1642566 4.1638236]",0.5,25,3169.8454902273243
26,"[4.1820927 4.1777616 4.1748481 4.1726036 4.1709499 4.1695719 4.168509
 4.1674066 4.1666188 4.1657529 4.1652803 4.1646504 4.1640596 4.1636267]",0.5,25,3167.002738640952
27,"[4.1821318 4.1778007 4.1749659 4.1727219 4.1710682 4.1696506 4.1684694
 4.1674852 4.1666584 4.165792  4.1651621 4.1646895 4.1640596 4.1635871]",0.5,25,3164.6170101365865
28,"[4.18225   4.1779189 4.1749268 4.1728005 4.1710286 4.1697292 4.1684694
 4.1674066 4.1666188 4.1659102 4.1652017 4.1646109 4.1641383 4.1637053]",0.5,25,3162.084522252874
29,"[4.18225   4.1779189 4.1748872 4.1728005 4.1709104 4.1696506 4.1684299
 4.1675639 4.1665797 4.1659102 4.1651621 4.1646504 4.164217  4.1636658]",0.5,25,3159.863122303604
30,"[4.1822104 4.177722  4.1749659 4.1727219 4.1709499 4.1695323 4.1684299
 4.1674457 4.1666584 4.165792  4.1652408 4.1646109 4.1641779 4.163548 ]",0.5,25,3157.38187590427
31,"[4.1821318 4.177722  4.1748872 4.1726432 4.1709104 4.1696901 4.1683908
 4.1674457 4.1665797 4.1658316 4.1652803 4.1646504 4.1640596 4.1634688]",0.5,25,3155.076809249266
1,"[4.1821413 4.177495  4.1746211 4.172534  4.1708412 4.1693449 4.1681247
 4.1670222 4.1662345 4.1654472 4.1646595 4.1642265 4.1637149 4.1631241]",0.5,25,3217.325874979387
2,"[4.182023  4.1776919 4.1745815 4.1724949 4.1709199 4.1693845 4.1682425
 4.1672583 4.1661954 4.1655259 4.1648564 4.1642661 4.1636753 4.1632028]",0.5,25,3218.291537731121
3,"[4.1819048 4.1775346 4.1746602 4.1723766 4.1708016 4.1693058 4.1680455
 4.1671796 4.1662741 4.1654472 4.1647778 4.1642661 4.163754  4.1632423]",0.5,25,3216.87146379842
4,"[4.182023  4.1774163 4.1745028 4.1723375 4.1708016 4.1693845 4.1680851
 4.1670613 4.1662345 4.1654472 4.1647778 4.164187  4.163754  4.1630454]",0.5,25,3214.6988578171117
5,"[4.1818657 4.177495  4.1745028 4.172298  4.1705656 4.1691875 4.1680064
 4.1670222 4.1662741 4.1654077 4.1646991 4.1642661 4.1636753 4.1631241]",0.5,25,3213.9149308965416
6,"[4.182023  4.177495  4.1746602 4.1724949 4.1706839 4.1693449 4.1681638
 4.1670613 4.1662741 4.1654863 4.1648173 4.1643839 4.1637936 4.1632814]",0.5,25,3211.282086822241
7,"[4.181787  4.1774163 4.1744242 4.1724162 4.1706052 4.1692271 4.1681247
 4.1671009 4.1660771 4.1654077 4.1647382 4.1641083 4.1636357 4.1631241]",0.5,25,3208.786391782633
8,"[4.1817474 4.1773772 4.1745815 4.172298  4.1705656 4.1691089 4.1678882
 4.1669431 4.1660771 4.165329  4.1646204 4.1640692 4.163518  4.163085 ]",0.5,25,3206.44381716607
9,"[4.1819444 4.1775346 4.1746998 4.172298  4.1706443 4.1692271 4.1680455
 4.1670222 4.1662345 4.1654077 4.1646991 4.1641083 4.1636357 4.1631241]",0.5,25,3204.401361638046
10,"[4.1817474 4.1774163 4.1744633 4.1721406 4.1706052 4.1692271 4.1679277
 4.1669431 4.1661162 4.1652503 4.1646991 4.1641479 4.1636357 4.1630454]",0.5,25,3202.09710812785
11,"[4.181787  4.1773772 4.1744633 4.172298  4.1705656 4.1691875 4.1678095
 4.1669431 4.1661162 4.1653686 4.1648173 4.1641083 4.1635571 4.1631241]",0.5,25,3199.920938975964
12,"[4.1817474 4.1773376 4.1744242 4.1723375 4.1704869 4.1690693 4.1679668
 4.1668644 4.1660771 4.1654472 4.1646204 4.1641479 4.1635966 4.1630454]",0.5,25,3197.562359467774
13,"[4.1817079 4.1773376 4.1744242 4.172298  4.1704869 4.1691089 4.1679668
 4.1669431 4.1661954 4.1652894 4.1646595 4.1640296 4.1634393 4.1631241]",0.5,25,3195.172535315351
14,"[4.181787  4.1773376 4.1743455 4.1721797 4.1705656 4.1691875 4.1680064
 4.1669431 4.1661162 4.1652107 4.1647382 4.1641479 4.1635571 4.1630058]",0.5,25,3192.723157016064
15,"[4.1815505 4.1771803 4.1743059 4.1722584 4.1704082 4.1689906 4.1678882
 4.1668253 4.1659985 4.1652894 4.1645808 4.1639905 4.1633997 4.1630454]",0.5,25,3189.725804550647
16,"[4.1817079 4.1773772 4.1743455 4.1723375 4.1704869 4.1691089 4.1678882
 4.1668253 4.1659198 4.1652894 4.1645808 4.1640692 4.1636753 4.1630454]",0.5,25,3187.378154160835
17,"[4.1816292 4.1771803 4.1742668 4.1721406 4.17029   4.1689119 4.1677699
 4.1667857 4.1658802 4.1650929 4.1644626 4.1639905 4.1633997 4.1629272]",0.5,25,3184.4713050794817
18,"[4.1817079 4.1772985 4.1744242 4.1721797 4.1704869 4.1690302 4.1679668
 4.1670222 4.1659985 4.1653686 4.1647382 4.1640692 4.1635966 4.163085 ]",0.5,25,3182.2855831180827
19,"[4.1817474 4.1772985 4.1743846 4.1722584 4.1704473 4.1690693 4.1678095
 4.166904  4.1661162 4.1652894 4.1645417 4.1641083 4.1635966 4.1630058]",0.5,25,3179.804542733561
20,"[4.1816292 4.1771803 4.1742668 4.172101  4.1703687 4.1688724 4.1678095
 4.1669827 4.1659985 4.1652894 4.1646204 4.1639113 4.163518  4.1631241]",0.5,25,3177.507367898626
21,"[4.1816292 4.177259  4.1743846 4.1722193 4.1703296 4.1690302 4.1678095
 4.1667466 4.1659198 4.1654863 4.1645808 4.1640296 4.163518  4.1628881]",0.5,25,3174.960917948542
22,"[4.1816688 4.177259  4.1742668 4.172101  4.1704082 4.1690302 4.1678095
 4.1668253 4.1659985 4.1651716 4.1644626 4.1638722 4.1635966 4.1629667]",0.5,25,3172.594474796952
23,"[4.1816292 4.1771407 4.1744633 4.1721406 4.1704869 4.1689515 4.1677699
 4.1667857 4.1660771 4.1652894 4.1646595 4.1639905 4.1633997 4.1630058]",0.5,25,3170.586619067652
24,"[4.1815901 4.1772194 4.1742668 4.172101  4.1704473 4.1689515 4.1677308
 4.1667857 4.1659589 4.1652107 4.1644626 4.1638722 4.1634784 4.1630058]",0.5,25,3168.326895492488
25,"[4.1815505 4.1771016 4.1741486 4.1719041 4.1703687 4.1689119 4.1676912
 4.1667466 4.1658406 4.1650138 4.1643839 4.163754  4.1633601 4.1628881]",0.5,25,3165.7815277672
26,"[4.1815901 4.177062  4.174109  4.1719828 4.1703687 4.1687937 4.1677308
 4.1666675 4.1658802 4.1650929 4.1644235 4.1639113 4.1631241 4.1628094]",0.5,25,3163.41725096856
27,"[4.1817079 4.1771803 4.1742272 4.1720223 4.1703687 4.1690302 4.1676912
 4.1667466 4.1659198 4.165132  4.1645021 4.1639509 4.163518  4.1628094]",0.5,25,3161.367210008952
28,"[4.1815505 4.1771016 4.1741486 4.1719041 4.17029   4.1688333 4.1675735
 4.1668253 4.1658015 4.1650929 4.1645417 4.1638327 4.1634784 4.1628094]",0.5,25,3158.8935370625813
29,"[4.1816292 4.177062  4.174109  4.1719437 4.1702113 4.1689119 4.1676126
 4.1666284 4.1659198 4.165132  4.1645021 4.1637936 4.1633997 4.1628094]",0.5,25,3156.834390650638
30,"[4.1813536 4.177062  4.1741877 4.171865  4.1702504 4.1687937 4.1677699
 4.1667857 4.1659198 4.1650534 4.1644626 4.163754  4.163518  4.1628094]",0.5,25,3154.712654261204
31,"[4.1814718 4.1770229 4.174109  4.171865  4.170054  4.1687546 4.1676521
 4.1665101 4.1658406 4.1650534 4.1642661 4.1636753 4.1632423 4.1627698]",0.5,25,3152.642312028538
32,"[4.1815114 4.1770229 4.1740699 4.171865  4.1701717 4.1687546 4.1676126
 4.1666284 4.1656442 4.1650138 4.1643839 4.1638327 4.1632028 4.1628881]",0.5,25,3150.499569956324
33,"[4.1815901 4.1771407 4.1742668 4.1720223 4.1701717 4.1687546 4.1676912
 4.1665888 4.1658015 4.1650929 4.1643839 4.163754  4.1633601 4.1628094]",0.5,25,3148.693303169217
34,"[4.1815114 4.1770229 4.1740303 4.1717863 4.1701326 4.1687937 4.1675339
 4.1666284 4.1657228 4.164896  4.1642661 4.1636753 4.1632814 4.1627698]",0.5,25,3146.320200020884
35,"[4.1814322 4.1769047 4.174109  4.1719437 4.1700931 4.1686759 4.1674943
 4.1666284 4.1656833 4.1648173 4.1643052 4.1636753 4.1632814 4.1626911]",0.5,25,3144.421177515736
36,"[4.1813931 4.1769834 4.1739516 4.171865  4.1702504 4.1686363 4.1675339
 4.1665888 4.1657619 4.165132  4.1643839 4.1636357 4.1632028 4.1626911]",0.5,25,3142.541205764972
37,"[4.1813145 4.1769438 4.1739912 4.1716681 4.1701326 4.1688333 4.1674943
 4.1665497 4.1657228 4.1649351 4.1642265 4.1636753 4.1632028 4.1627302]",0.5,25,3141.727717832712
38,"[4.1814322 4.1770229 4.1741877 4.172101  4.1702113 4.1689119 4.1675735
 4.1665888 4.1659198 4.1650534 4.1643839 4.1638327 4.1632814 4.1628485]",0.5,25,3139.0106253850645
39,"[4.1813536 4.1769438 4.1739912 4.1717072 4.1700144 4.168715  4.1673765
 4.1664314 4.1656046 4.1649351 4.164187  4.1636753 4.1631241 4.1626515]",0.5,25,3136.4840992221416
40,"[4.1813931 4.176826  4.1739912 4.1717467 4.170054  4.168479  4.1674552
 4.1665497 4.1655259 4.1648564 4.1641479 4.1636753 4.1630058 4.1626124]",0.5,25,3134.620980805258
41,"[4.1812358 4.176826  4.1739516 4.1717072 4.1700144 4.1686363 4.1673369
 4.1663918 4.1653686 4.1646991 4.1640692 4.1634393 4.1629667 4.1625338]",0.5,25,3132.821549834121
42,"[4.1812749 4.1769438 4.173912  4.1717072 4.169857  4.1685967 4.1674156
 4.166471  4.1654863 4.1647778 4.1641479 4.1636357 4.1629667 4.1625338]",0.5,25,3130.961621662867
43,"[4.1812358 4.1769438 4.173912  4.1716285 4.1698961 4.1684003 4.1672978
 4.1662741 4.1654472 4.1647382 4.1640692 4.1633601 4.163085  4.1625729]",0.5,25,3129.049751282416
44,"[4.1813536 4.1768651 4.1738334 4.1717072 4.1700144 4.168479  4.1672583
 4.1662741 4.165565  4.1646595 4.1640296 4.1634784 4.1629272 4.1625729]",0.5,25,3127.283884811743
45,"[4.1812749 4.1767077 4.1737547 4.1715894 4.1698174 4.168479  4.1672187
 4.1662345 4.1653686 4.1646991 4.1639113 4.1632814 4.1627698 4.1623759]",0.5,25,3125.336662522514
46,"[4.1812358 4.1767864 4.1735973 4.1715498 4.169857  4.1683607 4.1672187
 4.1661558 4.165329  4.1646204 4.1640296 4.1633997 4.1628881 4.1623759]",0.5,25,3123.652223255612
47,"[4.1811566 4.1767864 4.1737943 4.1715894 4.169857  4.1685181 4.1672583
 4.1663527 4.1654472 4.1647778 4.1639509 4.1634393 4.1628485 4.1624155]",0.5,25,3122.069240157604
48,"[4.1813145 4.1768651 4.1738729 4.1717467 4.170054  4.1685967 4.1674156
 4.1663918 4.1654077 4.1647382 4.1639905 4.1634784 4.1628881 4.1626911]",0.5,25,3120.509195914576
49,"[4.1811566 4.1769047 4.1738729 4.1715498 4.1698174 4.1683211 4.1672978
 4.1661954 4.1654077 4.1646991 4.1640692 4.163518  4.1628094 4.1623368]",0.5,25,3118.794248489583
50,"[4.181078  4.1765895 4.173912  4.1715107 4.1698961 4.1682425 4.16714
 4.1661954 4.1652503 4.1647382 4.1637936 4.1631241 4.1626124 4.162179 ]",0.5,25,3116.730034197591
51,"[4.1811962 4.1767473 4.173676  4.1715107 4.1697388 4.1684394 4.1671796
 4.1663132 4.1653686 4.1645808 4.1641479 4.163321  4.1628485 4.1623759]",0.5,25,3115.405025212403
52,"[4.1811175 4.1765108 4.1737547 4.1713138 4.1696601 4.1683211 4.1671009
 4.1661558 4.165132  4.1645808 4.1637936 4.163321  4.1628094 4.1622581]",0.5,25,3113.57164827026
53,"[4.1809206 4.1766291 4.1736364 4.1714711 4.1696992 4.168282  4.1671796
 4.1660771 4.1652503 4.1645808 4.1639905 4.1631241 4.1628094 4.1622186]",0.5,25,3111.960832408042
54,"[4.1809602 4.1765504 4.1735973 4.1714315 4.1695814 4.1682425 4.1671009
 4.1660376 4.165132  4.1644235 4.163754  4.1631241 4.1626124 4.162179 ]",0.5,25,3110.2552351974823
55,"[4.181078  4.1764717 4.17344   4.1714711 4.1696992 4.1683607 4.1669827
 4.1659985 4.165132  4.1645417 4.163754  4.1631637 4.1626515 4.162179 ]",0.5,25,3108.6456581344924
56,"[4.180881  4.1765504 4.1736364 4.1714711 4.1695814 4.1682425 4.1671009
 4.1659589 4.1652503 4.1645021 4.1638722 4.1632028 4.1626911 4.1620612]",0.5,25,3107.17373440606
57,"[4.181078  4.1766682 4.1737943 4.1715107 4.1696205 4.1682034 4.16714
 4.1660771 4.1652894 4.1644626 4.1638327 4.163321  4.1627698 4.1622581]",0.5,25,3105.7057219494623
58,"[4.180881  4.1766291 4.17344   4.1713529 4.1695418 4.1681247 4.1668644
 4.1659589 4.1650929 4.1643052 4.163754  4.163085  4.1626515 4.1620612]",0.5,25,3103.957765094945
59,"[4.1809602 4.1765895 4.1735578 4.1712742 4.1695027 4.1680851 4.1669431
 4.1659198 4.1650138 4.1643052 4.1636753 4.1629667 4.1624546 4.1620216]",0.5,25,3102.518472203096
60,"[4.181078  4.1764717 4.1734791 4.1713529 4.1695418 4.1681638 4.1669827
 4.1659589 4.1650138 4.1643448 4.1635966 4.1630454 4.1625729 4.1621399]",0.5,25,3100.879267187093
61,"[4.1810389 4.1765108 4.1734004 4.1712351 4.1696205 4.1680455 4.1669431
 4.1659589 4.1651716 4.1642265 4.1637149 4.163085  4.1626515 4.162179 ]",0.5,25,3099.5325167825
62,"[4.1809206 4.1765504 4.17344   4.1712351 4.1695814 4.1681247 4.1669827
 4.1658015 4.1650138 4.1643448 4.163754  4.1629667 4.1624942 4.1620612]",0.5,25,3098.152002327069
63,"[4.1811175 4.1765108 4.1734791 4.1713138 4.1695418 4.1680851 4.1671009
 4.1659589 4.1650138 4.1643448 4.1636357 4.1629272 4.1624942 4.1619825]",0.5,25,3096.6907304992687
64,"[4.1809602 4.1765504 4.1734791 4.1712742 4.1695418 4.1682034 4.1670222
 4.1658802 4.1652107 4.1643052 4.1636357 4.163085  4.1625729 4.1621399]",0.5,25,3095.620113784721
65,"[4.1809602 4.1764717 4.1735187 4.1713529 4.1695418 4.1680851 4.166904
 4.1658406 4.1650138 4.164187  4.1637149 4.1629667 4.1623759 4.1619825]",0.5,25,3093.834739637452
66,"[4.1809206 4.1765108 4.1735578 4.1711564 4.1694632 4.1680455 4.1667857
 4.1659198 4.1649351 4.1643448 4.1634784 4.163085  4.1623759 4.161943 ]",0.5,25,3092.534546703151
67,"[4.1809602 4.1764717 4.1734004 4.1713529 4.1695027 4.1680064 4.1669431
 4.1659198 4.165132  4.1642661 4.1635571 4.1631241 4.1624942 4.1620216]",0.5,25,3091.316693439671
68,"[4.1809206 4.1764321 4.1734791 4.1711564 4.1695814 4.1679668 4.1668253
 4.1659198 4.1650534 4.1643839 4.1636357 4.1630058 4.1625338 4.1619825]",0.5,25,3090.189982766792
69,"[4.1809602 4.1763926 4.1735187 4.1712742 4.1695814 4.1680064 4.166904
 4.1658015 4.1649747 4.1642265 4.1635966 4.1629272 4.1624155 4.1620612]",0.5,25,3088.7902310214563
70,"[4.1809993 4.1764717 4.1734791 4.1713138 4.1696205 4.1680851 4.166904
 4.1659589 4.1650534 4.1643052 4.1635966 4.1630454 4.1625338 4.162179 ]",0.5,25,3087.66355058472
71,"[4.1809602 4.1763926 4.1734004 4.1711168 4.1694236 4.1679277 4.1668253
 4.1657228 4.164896  4.164187  4.163518  4.1628094 4.1623759 4.1619034]",0.5,25,3085.902286355255
72,"[4.180881  4.1763926 4.17344   4.1712351 4.1694236 4.1679668 4.1668644
 4.1658802 4.1648564 4.1641479 4.1634393 4.1630058 4.1623759 4.1617856]",0.5,25,3084.642880769315
73,"[4.1807632 4.1763139 4.1734004 4.1710382 4.1694632 4.1679277 4.1666675
 4.1658406 4.1649351 4.1640692 4.1634784 4.1630058 4.1622581 4.1618247]",0.5,25,3083.491198314071
74,"[4.1809602 4.1763535 4.1735578 4.1712351 4.1693058 4.1680455 4.166904
 4.1658802 4.1649747 4.1643052 4.1635571 4.1628485 4.1624546 4.1619825]",0.5,25,3082.586883780384
75,"[4.1808023 4.1763535 4.1733217 4.1711564 4.1693845 4.1678882 4.1668253
 4.1657228 4.1648564 4.1641083 4.1634393 4.1627302 4.1622186 4.161943 ]",0.5,25,3081.033357262778
76,"[4.1808023 4.1763926 4.1734791 4.1711168 4.1693845 4.1680455 4.166707
 4.1658015 4.1649351 4.1641083 4.1634784 4.1629272 4.1622581 4.1619034]",0.5,25,3079.91764571425
77,"[4.1806846 4.1763139 4.1731248 4.1708808 4.169148  4.1677308 4.1665101
 4.1656046 4.1647778 4.1639905 4.1632423 4.1626124 4.1621399 4.1616278]",0.5,25,3077.973281160619
78,"[4.1807237 4.1761565 4.1732035 4.1709595 4.169148  4.1677308 4.1665101
 4.165565  4.1647382 4.1639509 4.1632028 4.1627698 4.1621003 4.1617069]",0.5,25,3076.699264423557
79,"[4.1807237 4.1761961 4.1732035 4.1709986 4.1691875 4.1678882 4.1665497
 4.1657228 4.1646991 4.1638722 4.163321  4.1627302 4.1622186 4.1615491]",0.5,25,3075.3576066072583
80,"[4.1805663 4.1761169 4.1730461 4.1708412 4.1691089 4.1674943 4.1662741
 4.1653686 4.1645417 4.1637936 4.1630454 4.1625338 4.1619825 4.1615887]",0.5,25,3073.9835355891914
81,"[4.1808023 4.1761565 4.1730461 4.1709199 4.1693058 4.1676521 4.1665888
 4.1655259 4.1646204 4.1638722 4.1631241 4.1627698 4.1621399 4.1616278]",0.5,25,3073.12747065511
82,"[4.180645  4.1761961 4.1732035 4.1707625 4.169148  4.1678882 4.1664314
 4.1654077 4.1645417 4.1638722 4.1631241 4.1626124 4.1621003 4.1616673]",0.5,25,3071.796550126546
83,"[4.1807632 4.1761961 4.1730461 4.1709595 4.1690693 4.1677308 4.1664314
 4.1656046 4.1647778 4.1638722 4.1631637 4.1626124 4.1619825 4.1614313]",0.5,25,3070.60458959052
84,"[4.1807237 4.1760383 4.1732035 4.1709199 4.1693449 4.1677308 4.166471
 4.1653686 4.1647382 4.1639509 4.1632028 4.1624942 4.1620216 4.1616673]",0.5,25,3069.2996969444457
85,"[4.1805663 4.1761169 4.1732821 4.1709199 4.1691875 4.1677699 4.166471
 4.1654472 4.1645808 4.1639905 4.1632028 4.1626124 4.1620216 4.1615491]",0.5,25,3068.1540798491747
86,"[4.1807632 4.1760778 4.1732035 4.1708412 4.1691089 4.1677308 4.1663132
 4.1655259 4.1647382 4.1636753 4.1631241 4.1624155 4.1617856 4.1613522]",0.5,25,3067.083657755535
87,"[4.180645  4.1759596 4.1729674 4.1707625 4.1689119 4.1674943 4.1663132
 4.165329  4.1645021 4.1637149 4.1628881 4.1623759 4.1617856 4.1613522]",0.5,25,3065.711184151612
88,"[4.1805267 4.1760778 4.1728888 4.1708412 4.1689515 4.1673369 4.1661558
 4.1652503 4.1644626 4.1636357 4.1629272 4.1623368 4.161746  4.1612735]",0.5,25,3064.4671195416963
89,"[4.1805267 4.1760778 4.1730065 4.170723  4.1689515 4.1676912 4.1664314
 4.1654472 4.1643839 4.1636753 4.1630058 4.1624942 4.1617856 4.1615887]",0.5,25,3063.569226127522
90,"[4.1804876 4.1759992 4.1731248 4.170723  4.1689906 4.1676126 4.1663918
 4.1654472 4.1644626 4.1636753 4.1630454 4.1624155 4.1619034 4.1612735]",0.5,25,3062.532237930636
91,"[4.1807237 4.1758809 4.1730461 4.1707625 4.1689515 4.1675339 4.1662741
 4.1652503 4.1645417 4.1636753 4.1630058 4.1624155 4.1617856 4.1613917]",0.5,25,3061.0591086074483
92,"[4.1804481 4.1759205 4.1729279 4.1706839 4.1688333 4.1674156 4.1663132
 4.1651716 4.1642661 4.1635571 4.1628485 4.162179  4.1617856 4.1614313]",0.5,25,3059.75319476698
93,"[4.1804876 4.1759205 4.1728096 4.170723  4.1687937 4.1674552 4.1661162
 4.1652107 4.1643448 4.1634393 4.1629272 4.1622581 4.1616278 4.1611948]",0.5,25,3058.557025875924
94,"[4.180409  4.1759596 4.1730065 4.1706839 4.1689119 4.1673765 4.1663918
 4.1651716 4.1643448 4.1636357 4.1630058 4.1623368 4.1617856 4.1613522]",0.5,25,3057.830727663301
95,"[4.1804876 4.1758413 4.1729279 4.1705656 4.1687546 4.1672187 4.1660771
 4.1650138 4.1642661 4.1633601 4.1628485 4.1622186 4.16151   4.1611161]",0.5,25,3056.24455954617
96,"[4.1802907 4.1757236 4.1727309 4.1704473 4.1686759 4.1672187 4.1660376
 4.1649351 4.1642265 4.1633601 4.1627698 4.1621003 4.16151   4.1609588]",0.5,25,3054.909389854056
97,"[4.180409  4.1758022 4.1727309 4.1705656 4.1686363 4.1674156 4.1661558
 4.1650929 4.1641479 4.1634393 4.1627302 4.1621399 4.1616278 4.1611161]",0.5,25,3053.910528248158
98,"[4.1802907 4.1758809 4.1727705 4.1704473 4.168715  4.1672978 4.1659589
 4.1650929 4.1642661 4.163321  4.1627302 4.162179  4.1616673 4.1610374]",0.5,25,3052.766909825304
99,"[4.1804481 4.1758022 4.1728492 4.1703687 4.1686759 4.1673369 4.1661954
 4.1650929 4.1640296 4.1633601 4.1626911 4.1621003 4.16151   4.1609979]",0.5,25,3051.716732968885
100,"[4.1803298 4.175684  4.172534  4.1704869 4.1685576 4.1673369 4.1659589
 4.1649351 4.1640692 4.1631637 4.1625729 4.1618643 4.1613522 4.1609192]",0.5,25,3050.370930544704
101,"[4.1803694 4.1756449 4.1726918 4.1704473 4.168715  4.1671796 4.1659985
 4.164896  4.1641479 4.1632423 4.1626911 4.1620612 4.1615887 4.1611161]",0.5,25,3049.305545699735
102,"[4.1802907 4.1757627 4.1726918 4.1705656 4.1685967 4.1673369 4.1659985
 4.1649351 4.1639905 4.1632814 4.1626124 4.1619825 4.1613522 4.1609979]",0.5,25,3048.29893029636
103,"[4.180409  4.1757236 4.1728096 4.1704473 4.168715  4.1672583 4.1660376
 4.1650929 4.1640692 4.1632423 4.1626515 4.1620612 4.16151   4.1609192]",0.5,25,3047.296847028269
104,"[4.1802907 4.1757236 4.1726131 4.1704082 4.1686759 4.1671796 4.1658406
 4.1648173 4.1639509 4.163321  4.1626124 4.1619825 4.1613917 4.1607618]",0.5,25,3046.323740929635
105,"[4.1802511 4.1755657 4.1725736 4.1702504 4.168479  4.1670222 4.1657619
 4.164896  4.1638722 4.1632028 4.1624546 4.1619034 4.1613917 4.1607618]",0.5,25,3045.172563924969
106,"[4.1801724 4.1756053 4.1726131 4.17029   4.1685576 4.16714   4.1659198
 4.1647778 4.1639509 4.163321  4.1624155 4.1619825 4.1614704 4.1607223]",0.5,25,3044.3549275237374
107,"[4.1802511 4.175684  4.1726131 4.1702504 4.168479  4.1670222 4.1658802
 4.1648173 4.1640692 4.1633997 4.1625338 4.1618643 4.1614313 4.1608405]",0.5,25,3043.234815445691
108,"[4.180212  4.1755657 4.1724162 4.1702504 4.1683211 4.1669827 4.1657619
 4.1647382 4.1637936 4.1630058 4.1624155 4.1617856 4.1612344 4.1606832]",0.5,25,3041.949522791749
109,"[4.1801724 4.1755657 4.1727705 4.1703296 4.1685181 4.16714   4.1659589
 4.164896  4.1639509 4.1632423 4.1624546 4.161943  4.1613131 4.1607618]",0.5,25,3040.974617438829
110,"[4.1801333 4.1755657 4.1726522 4.1704082 4.1686363 4.1670613 4.1659198
 4.164896  4.1639113 4.1632423 4.1624942 4.1619825 4.1613131 4.1608801]",0.5,25,3039.956554888101
111,"[4.180212  4.1755657 4.1726131 4.1704082 4.168479  4.16714   4.1658802
 4.1648173 4.1639113 4.1632028 4.1626124 4.161943  4.1613131 4.1607618]",0.5,25,3039.023865318064
112,"[4.1802907 4.1756449 4.1726131 4.17029   4.168479  4.1670222 4.1658015
 4.1648173 4.1637936 4.1631241 4.1624942 4.1618247 4.1612344 4.1608009]",0.5,25,3037.877203205566
113,"[4.1802511 4.1755657 4.1725736 4.1704082 4.1686363 4.1669827 4.1657619
 4.1648564 4.1640296 4.1631637 4.1626124 4.161746  4.1614313 4.1607618]",0.5,25,3036.963722013753
114,"[4.1800542 4.1755266 4.1723766 4.1702113 4.1683607 4.1667857 4.1656046
 4.1646595 4.163754  4.1630454 4.1622186 4.1617069 4.1611557 4.1605253]",0.5,25,3035.422139764676
115,"[4.1801333 4.1755657 4.1724949 4.1701717 4.1684394 4.1670613 4.1658406
 4.1646595 4.1638327 4.1632814 4.1623368 4.1616278 4.1612735 4.1607618]",0.5,25,3034.53537063463
116,"[4.1800938 4.1753297 4.1724949 4.1702504 4.1683607 4.166904  4.1657228
 4.1645808 4.1637936 4.1628881 4.1623368 4.1617069 4.1611161 4.1606832]",0.5,25,3033.557772542722
117,"[4.1800151 4.1755266 4.1724162 4.1703296 4.1684003 4.166904  4.1656833
 4.1646204 4.1637149 4.1628881 4.1622581 4.1616278 4.1610765 4.1606832]",0.5,25,3032.65024909885
118,"[4.1801724 4.1756053 4.1724553 4.1701717 4.168479  4.166904  4.1656833
 4.1646991 4.1638327 4.1630454 4.1622186 4.1617856 4.1612344 4.1606045]",0.5,25,3031.6464467941632
119,"[4.1801333 4.1756053 4.1726131 4.1702113 4.1685181 4.166904  4.1657619
 4.1647382 4.1639113 4.1630058 4.1624155 4.1617069 4.1611161 4.1606436]",0.5,25,3030.730427700196
120,"[4.1801724 4.1755266 4.1724553 4.1700931 4.1683211 4.1670222 4.1656833
 4.1645021 4.1638722 4.1629667 4.1621003 4.1617856 4.1610765 4.1605253]",0.5,25,3029.6419159616444
121,"[4.1800542 4.175487  4.1723375 4.1700931 4.1681638 4.1667857 4.1656442
 4.1646595 4.1636357 4.1628485 4.1622186 4.1614704 4.1609979 4.1605649]",0.5,25,3028.4903204675297
122,"[4.1800151 4.1755657 4.1724949 4.1700931 4.1683211 4.166904  4.1657619
 4.1645808 4.1636753 4.1628881 4.1622581 4.1615491 4.1610765 4.1605649]",0.5,25,3027.482345134687
123,"[4.1800542 4.1754479 4.1723766 4.1701326 4.168282  4.166904  4.1656046
 4.1646595 4.1636753 4.1628881 4.162179  4.1616673 4.1609979 4.1606045]",0.5,25,3026.357539154188
124,"[4.1800542 4.175487  4.172298  4.1701717 4.1683211 4.1667857 4.1655259
 4.1646204 4.1636357 4.1627698 4.1622581 4.16151   4.1610374 4.160368 ]",0.5,25,3025.379696285537
125,"[4.1800151 4.175487  4.1723375 4.1699748 4.1681638 4.1667857 4.1655259
 4.1645021 4.1634784 4.1627302 4.1622186 4.1615491 4.1608801 4.1604466]",0.5,25,3024.320204194471
126,"[4.1800938 4.1755657 4.1723375 4.1701717 4.1682425 4.166707  4.1656442
 4.1646204 4.1635966 4.1627698 4.1620216 4.1616278 4.1610374 4.1603289]",0.5,25,3023.328493486056
127,"[4.1800542 4.175487  4.1724162 4.1699748 4.1683211 4.1667857 4.1656046
 4.1645417 4.1635966 4.1628485 4.1621003 4.1615491 4.1609588 4.1604862]",0.5,25,3022.370063014997
128,"[4.1799755 4.1753297 4.172298  4.1700144 4.1682425 4.1668253 4.1654077
 4.1645021 4.1635966 4.1629272 4.162179  4.1614704 4.1609979 4.1604075]",0.5,25,3021.310024609377
129,"[4.1800151 4.1752901 4.1722584 4.1699748 4.1681638 4.166707  4.1654863
 4.1644235 4.1635571 4.1626911 4.162179  4.1614313 4.1608801 4.1604862]",0.5,25,3020.284305987278
130,"[4.1799364 4.1752901 4.1723375 4.1700144 4.1681247 4.1669431 4.1654863
 4.1645021 4.1634393 4.1626515 4.1621003 4.1614313 4.1608405 4.1603289]",0.5,25,3019.404036331108
131,"[4.1799755 4.1754479 4.1722193 4.1698174 4.1681638 4.1665497 4.165329
 4.1643448 4.1634393 4.1626911 4.1618643 4.1613131 4.1607618 4.1600924]",0.5,25,3018.20432768419
132,"[4.1798182 4.1752114 4.172298  4.1697783 4.1680455 4.1665888 4.1653686
 4.1642661 4.1633997 4.1625338 4.1618247 4.1611557 4.1607223 4.1600924]",0.5,25,3017.045704170465
133,"[4.1798577 4.1752901 4.1722193 4.169857  4.1681247 4.1665888 4.1655259
 4.1642661 4.1634784 4.1626911 4.162179  4.1613131 4.1608009 4.1602893]",0.5,25,3016.411934604898
134,"[4.1799364 4.1752901 4.1722193 4.169857  4.1680064 4.1666675 4.165329
 4.1643052 4.1633601 4.1626515 4.1619825 4.1613522 4.1608009 4.1603289]",0.5,25,3015.420642772081
135,"[4.1799364 4.1753297 4.1721406 4.170054  4.1681247 4.1666284 4.1654077
 4.1643448 4.1634784 4.1628094 4.1618643 4.1613131 4.1608405 4.1602497]",0.5,25,3014.5970474149563
136,"[4.1799755 4.175251  4.172101  4.169857  4.1680851 4.166471  4.1652107
 4.1642661 4.1633601 4.1625729 4.1618247 4.1611161 4.1606436 4.160171 ]",0.5,25,3013.4063973338484
137,"[4.1797786 4.1751723 4.1721406 4.1697388 4.1680064 4.166471  4.165329
 4.1643448 4.1632814 4.1624546 4.1618643 4.1611557 4.1605649 4.1600137]",0.5,25,3012.4484973999
138,"[4.1797786 4.1751723 4.1720619 4.1697783 4.1678095 4.1665101 4.1652894
 4.1641479 4.1632814 4.1624155 4.1616278 4.1611948 4.1604075 4.1600137]",0.5,25,3011.513172563471
139,"[4.1798182 4.1751723 4.1722193 4.1698174 4.1680064 4.166471  4.165329
 4.164187  4.1632423 4.1624942 4.1617069 4.1612344 4.1606436 4.1600533]",0.5,25,3010.7660367796507
140,"[4.1799755 4.175251  4.1721406 4.1697783 4.1680064 4.1665888 4.1652894
 4.1643052 4.1632814 4.1625338 4.1617856 4.1612344 4.1606832 4.1601319]",0.5,25,3010.0465195994702
141,"[4.1798968 4.1751723 4.1722584 4.1697783 4.1681247 4.1665101 4.1652894
 4.1641479 4.163321  4.1625338 4.161746  4.1611557 4.1606832 4.1600924]",0.5,25,3009.154181148276
142,"[4.1798182 4.1750937 4.172101  4.1696992 4.1680064 4.166471  4.1650534
 4.1641479 4.1632423 4.1624942 4.1617069 4.1610374 4.1607223 4.1600137]",0.5,25,3008.118591673719
143,"[4.1798182 4.1751723 4.1720223 4.169857  4.1679668 4.1665888 4.1652107
 4.1642661 4.163321  4.1624942 4.1618247 4.1610765 4.1605253 4.1600137]",0.5,25,3007.358299665936
144,"[4.1797395 4.1750937 4.1719041 4.1696992 4.1680064 4.1664314 4.1652107
 4.1640692 4.1631637 4.1622972 4.1617069 4.1611161 4.1605649 4.1600533]",0.5,25,3006.203159986032
145,"[4.1797395 4.1748967 4.1718254 4.1696601 4.1678491 4.1663132 4.1650534
 4.1639905 4.1631241 4.162179  4.1615887 4.1608801 4.1603289 4.1597381]",0.5,25,3005.065712357179
146,"[4.1795821 4.1749358 4.171865  4.1695027 4.1677308 4.1662741 4.1649747
 4.1638327 4.1630058 4.1621003 4.1614313 4.1609192 4.160368  4.1596594]",0.5,25,3004.099432892928
147,"[4.1797786 4.1748967 4.1717863 4.1695027 4.1676126 4.1662345 4.1650929
 4.1639113 4.1629272 4.1623368 4.1614313 4.1608801 4.1602893 4.1598167]",0.5,25,3003.127867774524
148,"[4.1796608 4.1750145 4.1721797 4.1696601 4.1677699 4.1663132 4.1649351
 4.1639509 4.1631637 4.1622581 4.1615887 4.1609588 4.1604075 4.1600137]",0.5,25,3002.6154610078943
149,"[4.1797395 4.1750937 4.1719828 4.1696992 4.1676521 4.1661954 4.1650534
 4.1638722 4.1629272 4.1622581 4.1615887 4.1609192 4.1602893 4.1596985]",0.5,25,3001.1915617666305
150,"[4.1796999 4.1750145 4.1719041 4.1694236 4.1677699 4.1661558 4.1649747
 4.1638722 4.1628485 4.1622186 4.1614704 4.1608405 4.1602893 4.1596594]",0.5,25,3000.2609762927223
151,"[4.1796212 4.174818  4.171865  4.1695814 4.1675735 4.1661954 4.1649351
 4.1637936 4.1630058 4.162179  4.1614313 4.1608405 4.1602497 4.1596594]",0.5,25,2999.2122388439943
152,"[4.1796608 4.1749754 4.171865  4.1695027 4.1676521 4.1663132 4.1649351
 4.1639113 4.1629272 4.162179  4.16151   4.1608405 4.1602893 4.1597381]",0.5,25,2998.300511610918
153,"[4.1795821 4.1749358 4.1717467 4.1695418 4.1676126 4.1659985 4.1649351
 4.1638722 4.1628094 4.1621003 4.1613522 4.1607618 4.160368  4.1596594]",0.5,25,2997.2108079622417
154,"[4.1796212 4.1749754 4.1718254 4.1694632 4.1676521 4.1659985 4.164896
 4.1637149 4.1628094 4.1621003 4.1613522 4.1607223 4.1600533 4.1595807]",0.5,25,2996.337797021215
155,"[4.179503  4.1748967 4.1718254 4.1694632 4.1676126 4.1661954 4.1650534
 4.163754  4.1627698 4.161943  4.1613917 4.1607223 4.160171  4.1597776]",0.5,25,2995.345423022733
156,"[4.1796608 4.1748571 4.1718254 4.1695027 4.1676912 4.1659985 4.1648564
 4.1638722 4.1628485 4.1618247 4.1612735 4.1606832 4.1600924 4.1595411]",0.5,25,2994.392321936851
157,"[4.1795821 4.174818  4.1717467 4.1693845 4.1675735 4.1661162 4.1648173
 4.1637936 4.1627698 4.1620216 4.1611948 4.1607223 4.1600533 4.1597381]",0.5,25,2993.541764531657
158,"[4.1795425 4.1747785 4.1717467 4.1694632 4.1676126 4.1661558 4.1648173
 4.1638327 4.1628485 4.162179  4.1613131 4.1606832 4.1602497 4.159502 ]",0.5,25,2992.742034643012
159,"[4.1795425 4.1746602 4.1717072 4.1692662 4.1673765 4.1659985 4.1647778
 4.1636357 4.1626515 4.1619034 4.1611557 4.1605253 4.159935  4.1593838]",0.5,25,2991.3079919222
160,"[4.1796608 4.174818  4.1716285 4.1694236 4.1674156 4.1659198 4.1648173
 4.1637149 4.1627698 4.1618247 4.1612344 4.1605253 4.1600137 4.159502 ]",0.5,25,2990.690870117051
161,"[4.1794639 4.174818  4.1717072 4.1693058 4.1675339 4.1660376 4.1648564
 4.1636357 4.1627698 4.161943  4.1612735 4.1605649 4.159935  4.159502 ]",0.5,25,2989.742531436903
162,"[4.1794243 4.1748571 4.1716681 4.1694632 4.1674552 4.1659985 4.1647382
 4.1637936 4.1626911 4.1620216 4.1611948 4.1606436 4.1600533 4.1595411]",0.5,25,2988.96817821126
163,"[4.179503  4.1748571 4.1716681 4.1692662 4.1676126 4.1659589 4.1647382
 4.1636753 4.1626911 4.1618247 4.1611557 4.1604466 4.1599741 4.1594229]",0.5,25,2988.0829975269926
164,"[4.1793852 4.1745424 4.1715107 4.169148  4.1672583 4.1659198 4.1645808
 4.1636357 4.1625338 4.1616673 4.1608801 4.160368  4.1598167 4.1592655]",0.5,25,2987.137367808157
165,"[4.1793852 4.174818  4.1716681 4.1692662 4.1674156 4.1659589 4.1645808
 4.1635571 4.1626515 4.1617069 4.1609979 4.1604466 4.1598954 4.1591868]",0.5,25,2986.4189312418653
166,"[4.1794243 4.1746602 4.1715107 4.1692662 4.1672583 4.1659198 4.1645021
 4.1633997 4.1626911 4.1617069 4.1609192 4.1602497 4.1597381 4.1591868]",0.5,25,2985.414378936224
167,"[4.1795425 4.1745815 4.1715107 4.1691875 4.1674156 4.1657228 4.1643839
 4.1633997 4.1626124 4.1615491 4.1610374 4.1601319 4.1596594 4.1591082]",0.5,25,2984.1668757610414
168,"[4.1793065 4.1745424 4.1714315 4.1693058 4.1672978 4.1657619 4.1644235
 4.1633997 4.1623759 4.1616673 4.1608405 4.1602893 4.159502  4.1591868]",0.5,25,2982.88105268433
169,"[4.1794243 4.1746602 4.1715107 4.1689906 4.1674156 4.1659589 4.1645808
 4.1633997 4.1623759 4.1615887 4.1608009 4.1602893 4.1596198 4.1590686]",0.5,25,2982.101595726996
170,"[4.1794639 4.1746998 4.1715498 4.1692271 4.1674156 4.1657619 4.1645021
 4.1634393 4.1625338 4.1616278 4.1609192 4.1602497 4.1597776 4.1590686]",0.5,25,2981.1404134323466
171,"[4.1793456 4.1747389 4.1716285 4.169148  4.1674156 4.1657619 4.1646991
 4.1633997 4.1625729 4.1616673 4.1609192 4.1602497 4.1598167 4.1591082]",0.5,25,2979.917034533014
172,"[4.1793456 4.1747785 4.1714711 4.1693449 4.1672583 4.1659589 4.1645021
 4.1635571 4.1624546 4.161746  4.1609979 4.1602106 4.1596985 4.1590295]",0.5,25,2978.5855394863534
173,"[4.1793852 4.1745815 4.1714315 4.1691089 4.1673765 4.1656442 4.1645808
 4.1633601 4.1625338 4.16151   4.1609588 4.1600924 4.159502  4.1590686]",0.5,25,2977.002498817684
174,"[4.1793852 4.1746602 4.1715894 4.169148  4.1672978 4.1658015 4.1645021
 4.1633997 4.1624942 4.161746  4.1609588 4.1602497 4.1596594 4.1589899]",0.5,25,2975.590493810086
175,"[4.1792669 4.1745815 4.1714315 4.1691875 4.1671796 4.1656833 4.1645417
 4.1632028 4.1624546 4.1614704 4.1607223 4.1601319 4.1595411 4.1589899]",0.5,25,2973.8785386151817
176,"[4.1793065 4.1745424 4.1714711 4.1691089 4.1672187 4.1657619 4.1645417
 4.1632028 4.1625338 4.1615491 4.1608405 4.1601319 4.1595807 4.1590686]",0.5,25,2972.250114302705
177,"[4.1792278 4.1745815 4.1714315 4.169148  4.16714   4.1658015 4.1644235
 4.1633997 4.1624546 4.1615887 4.1609192 4.1602106 4.1595411 4.1590295]",0.5,25,2970.8112999395066
178,"[4.1793065 4.1745815 4.1713924 4.1693058 4.1672583 4.1658802 4.1645417
 4.1634784 4.1624546 4.1616278 4.1609192 4.1602497 4.1596985 4.1591082]",0.5,25,2969.4609897256128
179,"[4.1792669 4.1745815 4.1713924 4.169148  4.1672187 4.1657228 4.1646204
 4.1633997 4.1624546 4.1615887 4.1609979 4.1603289 4.1597381 4.1590686]",0.5,25,2967.956109760067
180,"[4.1791883 4.1745424 4.1713924 4.1692662 4.16714   4.1656046 4.1643839
 4.1632423 4.1622186 4.1614313 4.1608009 4.1601319 4.159502  4.1589899]",0.5,25,2966.411616390244
181,"[4.1791096 4.1743846 4.1713138 4.1689906 4.1671009 4.1656046 4.164187
 4.1632028 4.1622972 4.1613917 4.1606436 4.1598954 4.1593838 4.1588717]",0.5,25,2964.612379361436
182,"[4.1792669 4.1745815 4.1713924 4.1690302 4.1672187 4.1657228 4.1645417
 4.1633997 4.1624546 4.16151   4.1608801 4.160171  4.1596985 4.1590295]",0.5,25,2963.6150845526813
183,"[4.1792278 4.1743455 4.1713138 4.1690693 4.1671009 4.1657228 4.1643839
 4.1632028 4.1622581 4.16151   4.1605649 4.1600137 4.1594229 4.1588717]",0.5,25,2961.954762652997
184,"[4.17907   4.1743455 4.1713138 4.1689906 4.16714   4.1654863 4.1643448
 4.1632423 4.1622972 4.1613522 4.1607223 4.1600924 4.1595807 4.1589899]",0.5,25,2960.316497437744
185,"[4.1791487 4.1744633 4.1712742 4.1688724 4.1669827 4.1654863 4.1642661
 4.1631637 4.1622972 4.1613131 4.1609192 4.159935  4.1594625 4.1588717]",0.5,25,2958.214998743219
186,"[4.1790309 4.1744242 4.1711955 4.1688333 4.1671009 4.165565  4.1642661
 4.1631241 4.162179  4.1613131 4.1606436 4.1598563 4.1592264 4.1589508]",0.5,25,2956.5990291905373
187,"[4.1790309 4.1743846 4.1711955 4.1689515 4.1670222 4.1654863 4.1642661
 4.1630058 4.1622186 4.1612735 4.1606832 4.159935  4.1593442 4.1588326]",0.5,25,2955.018440227589
188,"[4.1791096 4.1744242 4.1712351 4.1688724 4.1670222 4.1654077 4.164187
 4.1631241 4.1622581 4.1613917 4.1606832 4.1599741 4.1592655 4.1588717]",0.5,25,2953.409351966687
189,"[4.1791096 4.1744242 4.1713924 4.1688724 4.1670613 4.1655259 4.1643448
 4.163085  4.1622186 4.1613917 4.1606045 4.1598563 4.1593051 4.158793 ]",0.5,25,2951.717150678711
190,"[4.1789126 4.1743059 4.1711168 4.1686759 4.1670222 4.1653686 4.1640692
 4.1630058 4.161943  4.1611161 4.1604075 4.1598563 4.1591473 4.158596 ]",0.5,25,2949.8369731523967
191,"[4.1790309 4.1742668 4.1710773 4.1689119 4.1670222 4.1654472 4.1641083
 4.1630454 4.162179  4.1611557 4.1605253 4.1597776 4.1591868 4.1586752]",0.5,25,2948.241083688423
192,"[4.1791487 4.1743455 4.1711955 4.1686759 4.1669431 4.1652894 4.1641083
 4.1630454 4.1622186 4.1611948 4.1604862 4.1596985 4.1591082 4.1586752]",0.5,25,2946.4299165127195
1,"[4.1822548 4.1777663 4.1748128 4.1730018 4.1711907 4.1696548 4.1685133
 4.1675682 4.1668987 4.1659932 4.1652055 4.1647334 4.164103  4.1637487]",0.5,25,3235.4555651090504
2,"[4.1822939 4.1778841 4.175128  4.1727657 4.1711512 4.16997   4.1686311
 4.1676469 4.16682   4.1659145 4.1654024 4.1648512 4.1642213 4.1637883]",0.5,25,3235.8153415444594
3,"[4.1820579 4.1778054 4.1749706 4.1728444 4.1709542 4.1696548 4.1683555
 4.1674895 4.1668987 4.1659145 4.165442  4.1645756 4.1640639 4.1637096]",0.5,25,3232.941327712807
4,"[4.1821365 4.177845  4.1748128 4.1727657 4.1710329 4.1696157 4.168592
 4.1676469 4.1669383 4.1659536 4.1652846 4.1648121 4.1643395 4.1637487]",0.5,25,3230.337146608344
5,"[4.1823335 4.1777267 4.1750097 4.1727262 4.1710725 4.1698127 4.1685133
 4.1675682 4.16682   4.1661901 4.1654811 4.1648512 4.1643    4.1637883]",0.5,25,3230.3877948236764
6,"[4.1820183 4.1779628 4.1748128 4.1726866 4.1711121 4.1696548 4.1687889
 4.1675286 4.1667018 4.1661115 4.1653237 4.1648121 4.1642609 4.1637096]",0.5,25,3225.78780590739
7,"[4.1820974 4.1777267 4.1747737 4.1725292 4.1708755 4.1695371 4.1683555
 4.1675286 4.1666627 4.165875  4.1651268 4.1646938 4.1639853 4.1637883]",0.5,25,3222.9513333626287
8,"[4.1821365 4.1778841 4.1750097 4.1728835 4.1710329 4.1696548 4.1686311
 4.1675286 4.1669383 4.1659932 4.1653237 4.1647725 4.1642213 4.163867 ]",0.5,25,3220.640496389566
9,"[4.1820974 4.1778054 4.1748524 4.1726866 4.1709151 4.1695371 4.1684346
 4.1674895 4.1667414 4.1660328 4.1652846 4.1647725 4.1641822 4.1635914]",0.5,25,3217.627396322971
10,"[4.1819396 4.1775694 4.1747737 4.1726079 4.1709938 4.1696157 4.1683164
 4.16745   4.1666627 4.1659536 4.1651664 4.1645365 4.164103  4.1636701]",0.5,25,3215.0637740610077
11,"[4.1819396 4.1776085 4.1748919 4.1728444 4.1709151 4.1695762 4.1684737
 4.1676073 4.166584  4.1659932 4.1652055 4.1646152 4.1640639 4.1637487]",0.5,25,3212.469046775173
12,"[4.1819396 4.1777267 4.1748128 4.1726079 4.1709542 4.1694579 4.1681981
 4.16745   4.1665444 4.1657572 4.1651268 4.1646938 4.164103  4.163631 ]",0.5,25,3209.497588731285
13,"[4.1820183 4.1775694 4.1748128 4.1726475 4.1711512 4.1695371 4.1685133
 4.1674895 4.1667414 4.1659145 4.1653633 4.1646152 4.1641822 4.1636701]",0.5,25,3207.110056000296
14,"[4.1819792 4.1775694 4.1749706 4.1726475 4.1710329 4.1697335 4.1685133
 4.1675682 4.1667414 4.165875  4.1652846 4.1648512 4.1643    4.1637883]",0.5,25,3204.310509456922
15,"[4.1819005 4.1776872 4.1748128 4.1725292 4.1709938 4.1694188 4.1684737
 4.1673713 4.1666231 4.165875  4.1651664 4.1646938 4.1641426 4.1635914]",0.5,25,3200.9119232744706
16,"[4.1818609 4.1775694 4.1747737 4.1725688 4.1709151 4.1695371 4.1683164
 4.1673713 4.1667805 4.1659145 4.1652451 4.1645365 4.164103  4.163631 ]",0.5,25,3198.249067357721
17,"[4.1817822 4.1774511 4.1745768 4.1726866 4.1708364 4.1694975 4.1682768
 4.167253  4.1664658 4.165875  4.165009  4.1645365 4.164103  4.1636701]",0.5,25,3195.378333925241
18,"[4.1818609 4.1776872 4.1745768 4.172411  4.1707969 4.1694579 4.1682768
 4.16745   4.1665444 4.165678  4.1651268 4.1645756 4.1640244 4.1635914]",0.5,25,3192.647830403647
19,"[4.1819396 4.1774511 4.1745768 4.1725292 4.1708364 4.1694188 4.1682768
 4.1673317 4.1666231 4.165678  4.1649694 4.1645365 4.164103  4.1635518]",0.5,25,3190.007000909698
20,"[4.1819396 4.1774902 4.1746554 4.1725292 4.1707573 4.1694579 4.1682768
 4.1674109 4.1663475 4.165678  4.1650877 4.1644969 4.1639853 4.1635127]",0.5,25,3187.321511482748
21,"[4.1817427 4.1775298 4.1746163 4.1723323 4.1707182 4.1694975 4.1683555
 4.167253  4.1664262 4.1657176 4.1650481 4.1646152 4.1639853 4.163434 ]",0.5,25,3184.550228300106
22,"[4.1819005 4.1774511 4.1744585 4.1722932 4.1707969 4.1691823 4.1684346
 4.167253  4.1665444 4.1656389 4.1650877 4.1643    4.1639853 4.1634731]",0.5,25,3181.940585537651
23,"[4.1818218 4.1776085 4.174695  4.1724901 4.1708755 4.1693401 4.1682377
 4.1671743 4.1663475 4.1655993 4.1651664 4.1645756 4.1640244 4.1633945]",0.5,25,3179.7472325146477
24,"[4.1819396 4.1775298 4.1745768 4.1725292 4.1707969 4.1694975 4.1682377
 4.1671352 4.1663871 4.1657176 4.1650877 4.1644969 4.1639066 4.1635914]",0.5,25,3177.447388161484
25,"[4.1818609 4.1773725 4.1746554 4.1724901 4.1706786 4.1692615 4.168159
 4.1671743 4.1663475 4.1655993 4.1649694 4.1644578 4.163867  4.1633945]",0.5,25,3174.758338825412
26,"[4.1816249 4.1774116 4.1744585 4.1723323 4.1707182 4.1694188 4.1681981
 4.1671352 4.1662688 4.1655993 4.1649694 4.1644578 4.1637883 4.1633554]",0.5,25,3172.239358054472
27,"[4.1816249 4.1774511 4.1746163 4.1726079 4.1707573 4.1693401 4.1682768
 4.167253  4.1664262 4.165678  4.1652055 4.1644182 4.1639066 4.1635518]",0.5,25,3170.0394331726097
28,"[4.1816249 4.1774902 4.1745372 4.1721749 4.1706786 4.1691432 4.1680012
 4.1671743 4.1662688 4.1655207 4.1649299 4.1643395 4.163867  4.1633945]",0.5,25,3167.358136339384
29,"[4.1817427 4.1773725 4.1746554 4.1724505 4.1707969 4.1693006 4.1680012
 4.167253  4.1663084 4.1657176 4.1649299 4.1645365 4.1639457 4.1633945]",0.5,25,3165.291261280248
30,"[4.1817822 4.1772542 4.1744194 4.1722932 4.1705999 4.1692219 4.1681981
 4.167017  4.1663084 4.1655993 4.1649299 4.1642213 4.1639457 4.1633945]",0.5,25,3162.976357548693
31,"[4.1815853 4.1771755 4.1744585 4.1722145 4.1704817 4.1691432 4.1680408
 4.1670957 4.1663475 4.1655207 4.1647725 4.1641822 4.1638274 4.1631975]",0.5,25,3160.5214923347967
32,"[4.1814671 4.1771755 4.1742616 4.1720567 4.1705999 4.1691036 4.1679225
 4.1668987 4.1661115 4.1653237 4.1647725 4.1641426 4.1636701 4.1632762]",0.5,25,3158.08666994724
33,"[4.1815853 4.1772542 4.1742616 4.1721749 4.170403  4.1692219 4.1678829
 4.1668987 4.1661901 4.165442  4.1646938 4.1639853 4.163631  4.1631584]",0.5,25,3155.974802973632
34,"[4.1817427 4.1773725 4.1744585 4.1722932 4.1704817 4.1693006 4.1680408
 4.1671352 4.1661115 4.165442  4.1648121 4.1643786 4.1637883 4.1632762]",0.5,25,3154.087476614586
35,"[4.1815462 4.1770968 4.1744585 4.172411  4.1707182 4.1692615 4.1680012
 4.167017  4.1662292 4.165442  4.1648121 4.1644969 4.1637883 4.1632371]",0.5,25,3152.035782219643
36,"[4.1815462 4.1770573 4.1743798 4.1721749 4.1702847 4.1691823 4.1678438
 4.16682   4.1661115 4.1653237 4.1647334 4.1641822 4.163631  4.1633945]",0.5,25,3149.926456770291
37,"[4.1815853 4.1771755 4.1742616 4.1720963 4.1703639 4.1690249 4.1679621
 4.1667805 4.1662292 4.1653633 4.1646543 4.1641426 4.1635518 4.1631584]",0.5,25,3148.859915890707
38,"[4.1817427 4.1773725 4.1744981 4.1723719 4.1706786 4.1693792 4.1682768
 4.1672139 4.1665049 4.165678  4.1652055 4.1646152 4.1639457 4.1635127]",0.5,25,3146.4599935435667
39,"[4.1815462 4.1771359 4.1743407 4.1720176 4.1705213 4.1691823 4.1679621
 4.1669774 4.1661115 4.1653237 4.1648121 4.164103  4.1637487 4.1631975]",0.5,25,3143.535122265762
40,"[4.1815066 4.1772542 4.1742225 4.1720963 4.1704817 4.1690249 4.1678829
 4.1669774 4.1659932 4.1652055 4.1646543 4.1641822 4.163631  4.1633554]",0.5,25,3141.549764139132
41,"[4.1815066 4.176939  4.1740255 4.1719389 4.170403  4.1689067 4.1676865
 4.1667018 4.1659145 4.1649694 4.1644182 4.1639066 4.1633554 4.1630006]",0.5,25,3139.461008415392
42,"[4.1813884 4.1768999 4.1741042 4.1720567 4.1702456 4.1687493 4.1677256
 4.1667018 4.1657963 4.1650877 4.1645756 4.1639853 4.1633554 4.1629219]",0.5,25,3137.610067777777
43,"[4.1815066 4.1772146 4.1741829 4.171978  4.1702061 4.1689463 4.1677256
 4.1667414 4.1659145 4.1651268 4.1646543 4.1640639 4.1635518 4.1630006]",0.5,25,3135.9364471051704
44,"[4.181428  4.1771359 4.173986  4.1720567 4.1703639 4.1688676 4.1678829
 4.1667414 4.165875  4.1651268 4.1646152 4.164103  4.1635518 4.1630402]",0.5,25,3134.02498187622
45,"[4.181428  4.1770573 4.1740651 4.1718993 4.1702061 4.1689858 4.1677651
 4.1666627 4.1657572 4.1651268 4.1645756 4.1639853 4.1635518 4.1629615]",0.5,25,3132.123177032604
46,"[4.1813884 4.1770182 4.1741438 4.1718206 4.1702061 4.168828  4.1677256
 4.1667018 4.1660328 4.1651664 4.1644182 4.1637883 4.163434  4.1629615]",0.5,25,3130.355851156277
47,"[4.1814671 4.1768999 4.1740255 4.1720963 4.1702061 4.1689067 4.1675286
 4.1666627 4.165875  4.1651268 4.1644182 4.1637883 4.1632371 4.1628828]",0.5,25,3128.468071687827
48,"[4.1813493 4.1768603 4.1743011 4.1718206 4.1702847 4.1687493 4.1675286
 4.1664658 4.1658359 4.1650877 4.1644182 4.1637487 4.1632762 4.1628828]",0.5,25,3126.745557247179
49,"[4.181231  4.176939  4.173986  4.1718206 4.1701274 4.1687493 4.16745
 4.1666627 4.165875  4.1650877 4.1644182 4.1639066 4.1632762 4.1629219]",0.5,25,3125.188226899821
50,"[4.1811914 4.1768603 4.1738682 4.1718206 4.1700091 4.1685524 4.1674109
 4.166584  4.1654811 4.1648121 4.1642213 4.1637883 4.1630006 4.1626859]",0.5,25,3123.173337958575
51,"[4.1811914 4.1768212 4.1739073 4.1716633 4.1700091 4.168592  4.1675286
 4.1663475 4.1655207 4.1648908 4.1641822 4.1637096 4.1631188 4.1626072]",0.5,25,3121.4610344816087
52,"[4.1811914 4.1768999 4.1739073 4.171742  4.1700091 4.1685524 4.1674895
 4.1665444 4.1656389 4.1648121 4.1643    4.1635518 4.1631975 4.1625676]",0.5,25,3119.862707714301
53,"[4.1813884 4.1768999 4.1738286 4.1716237 4.1700487 4.168592  4.16745
 4.1664262 4.1655993 4.1648121 4.1642213 4.1635518 4.1631975 4.1625676]",0.5,25,3118.263546483155
54,"[4.1811128 4.176939  4.1739469 4.1717024 4.1698914 4.1686707 4.1675286
 4.1667414 4.1657572 4.1648908 4.1644578 4.1637487 4.1631584 4.1628828]",0.5,25,3116.788186416828
55,"[4.1813097 4.176939  4.1738286 4.1716633 4.16997   4.168592  4.1673713
 4.1663475 4.1655602 4.1649299 4.1640639 4.1637096 4.1632762 4.1626859]",0.5,25,3115.070607201469
56,"[4.1811914 4.1768212 4.1738682 4.1717811 4.1698127 4.1685524 4.1674109
 4.1664658 4.1655993 4.1648512 4.1641822 4.1635518 4.1630793 4.1626072]",0.5,25,3113.444642167428
57,"[4.1811914 4.1767426 4.1737499 4.1716633 4.1698518 4.168592  4.1674109
 4.166584  4.165442  4.1647334 4.1639853 4.1635518 4.1629615 4.1626859]",0.5,25,3111.671272391224
58,"[4.1811914 4.176703  4.1738286 4.1717024 4.1698914 4.1686311 4.1673713
 4.1663475 4.1655207 4.1646543 4.1642609 4.1635914 4.1629615 4.162528 ]",0.5,25,3110.2512057413737
59,"[4.1811914 4.1768999 4.1739073 4.1716633 4.1698914 4.1686311 4.167253
 4.1664262 4.1654024 4.1648121 4.1640639 4.1637487 4.1628828 4.1625676]",0.5,25,3108.690200942385
60,"[4.1810737 4.1767817 4.1738682 4.1717811 4.1698914 4.168592  4.1673317
 4.1663084 4.1655602 4.1648121 4.1640244 4.1635914 4.1628828 4.162528 ]",0.5,25,3107.092028603108
61,"[4.1810737 4.1767426 4.1736317 4.1716633 4.1700091 4.1684346 4.1673317
 4.1662292 4.1653237 4.1646938 4.1640244 4.1635127 4.1630006 4.1625676]",0.5,25,3105.853672956815
62,"[4.1811128 4.1763878 4.1736317 4.1713877 4.1698914 4.168395  4.1671743
 4.1662292 4.1651664 4.1645756 4.1639457 4.163434  4.1628036 4.1622133]",0.5,25,3104.2524085966
63,"[4.1810341 4.1765456 4.1735926 4.1714268 4.1696944 4.1683164 4.1670561
 4.1661115 4.1652846 4.1645365 4.1639853 4.1631975 4.1626859 4.1624494]",0.5,25,3102.8302018421755
64,"[4.180995  4.1766634 4.1736712 4.1715055 4.1698127 4.1683555 4.1671743
 4.1662688 4.165442  4.1647725 4.1639853 4.1635518 4.1627645 4.1624494]",0.5,25,3101.740010632052
65,"[4.180995  4.1764669 4.1736712 4.171545  4.1697731 4.168395  4.167253
 4.1661115 4.1654024 4.1645365 4.1639457 4.1633945 4.1626859 4.1624103]",0.5,25,3099.8423888460293
66,"[4.1809554 4.1765456 4.1737103 4.1715841 4.1698127 4.1684737 4.1672926
 4.1660719 4.1652451 4.1645365 4.1639066 4.163434  4.1629219 4.1624494]",0.5,25,3098.4123831541588
67,"[4.1807981 4.176506  4.1734347 4.1713085 4.1698127 4.1682768 4.1669774
 4.1660719 4.1651268 4.1644182 4.1637487 4.1631975 4.1626859 4.1620951]",0.5,25,3097.0702323379182
68,"[4.1808767 4.1764669 4.173553  4.1714268 4.1696157 4.1681194 4.1671352
 4.1659932 4.1652055 4.1646938 4.1639457 4.1631188 4.1625676 4.1622524]",0.5,25,3096.1646995478004
69,"[4.1809554 4.1763487 4.173553  4.1713085 4.1696548 4.1681981 4.1670957
 4.1660328 4.1651664 4.1645365 4.163867  4.1631188 4.1626072 4.1622524]",0.5,25,3094.720386890326
70,"[4.1809158 4.176703  4.1735926 4.1712298 4.1696548 4.1680799 4.1670957
 4.1660719 4.1652846 4.1644578 4.1638274 4.1631975 4.1626463 4.1622133]",0.5,25,3093.515352053082
71,"[4.1808372 4.176506  4.173553  4.1711512 4.1696944 4.1682377 4.1672139
 4.1659536 4.1651664 4.1643786 4.1637487 4.1631584 4.1626859 4.162292 ]",0.5,25,3091.49306356323
72,"[4.1809554 4.1764669 4.1734743 4.1712694 4.1697335 4.1680799 4.1670561
 4.1661115 4.1651664 4.1643    4.1637487 4.1632371 4.1626859 4.1622133]",0.5,25,3090.072245089113
73,"[4.1809158 4.1764669 4.1733956 4.1711907 4.1694188 4.168159  4.1667805
 4.1659145 4.165009  4.1643786 4.1635127 4.1631584 4.1623707 4.1621346]",0.5,25,3089.27472849799
74,"[4.1807585 4.1762304 4.1732774 4.1712694 4.1693792 4.1680799 4.1668987
 4.1657176 4.165009  4.1643395 4.163631  4.1629615 4.1625676 4.1619377]",0.5,25,3088.089689014754
75,"[4.1808767 4.1763091 4.1735926 4.1712298 4.1695762 4.1680012 4.1668987
 4.1659145 4.1651268 4.1643395 4.1638274 4.1630402 4.1624494 4.1619768]",0.5,25,3086.934669712597
76,"[4.1807981 4.1761913 4.173317  4.1709542 4.1693792 4.1678829 4.1667414
 4.165678  4.1649694 4.1641426 4.163434  4.1630402 4.1624494 4.1618195]",0.5,25,3085.300322407228
77,"[4.1809158 4.1763878 4.1733561 4.1711907 4.1695762 4.1679225 4.1667414
 4.1657963 4.1649299 4.1643    4.1635914 4.1628828 4.1624889 4.1618195]",0.5,25,3083.122251110027
78,"[4.1808372 4.1764274 4.1733956 4.1712694 4.1695371 4.1681981 4.1668987
 4.1660719 4.1650877 4.1643395 4.1638274 4.1632371 4.1624889 4.1619768]",0.5,25,3082.20132309733
79,"[4.1807981 4.17627   4.1732774 4.1712298 4.1695371 4.1682768 4.1669774
 4.165875  4.1651268 4.1643    4.163631  4.1631584 4.1626072 4.1620164]",0.5,25,3080.8828060747605
80,"[4.1809554 4.1763487 4.1734347 4.1711121 4.1693401 4.1679225 4.1668596
 4.1658359 4.1648512 4.1642609 4.1635127 4.1628828 4.1624494 4.1619377]",0.5,25,3079.5768661648244
81,"[4.1809158 4.1764669 4.1733956 4.1711121 4.1695762 4.1681981 4.167017
 4.1661115 4.1649299 4.1642213 4.1635914 4.1630402 4.1624889 4.1619768]",0.5,25,3078.474271244032
82,"[4.1808372 4.1763091 4.1734743 4.1712694 4.1693792 4.1680799 4.167017
 4.1659932 4.1650877 4.1642609 4.1635518 4.1630402 4.1623707 4.1619768]",0.5,25,3077.232849000653
83,"[4.1807194 4.1763091 4.1734743 4.1710329 4.1694579 4.1680408 4.1667805
 4.1659932 4.1647725 4.1640244 4.1635127 4.1628432 4.1624889 4.1620164]",0.5,25,3075.889570779757
84,"[4.1807981 4.1763878 4.1732774 4.1711512 4.1695371 4.1680012 4.1669383
 4.165875  4.1648121 4.1643786 4.163631  4.1630402 4.1624103 4.1619768]",0.5,25,3074.751360244543
85,"[4.1807194 4.1763091 4.173317  4.1712298 4.1694579 4.1679225 4.1668987
 4.1655993 4.1649694 4.1641426 4.1635518 4.1629219 4.1624889 4.1618981]",0.5,25,3073.44239843221
86,"[4.1806798 4.17627   4.1732383 4.1709151 4.1694579 4.1679225 4.1668596
 4.1655993 4.1648121 4.164103  4.1633554 4.1628036 4.1623316 4.161859 ]",0.5,25,3072.294467036812
87,"[4.1808372 4.1761913 4.1731987 4.1711907 4.1694188 4.1677651 4.1667018
 4.1657176 4.1648121 4.1640244 4.1633945 4.1628036 4.1623316 4.161859 ]",0.5,25,3071.146236702199
88,"[4.1806011 4.1762304 4.173317  4.1709938 4.1693006 4.1677651 4.1667018
 4.1657176 4.1646938 4.1639853 4.163434  4.1629219 4.1621737 4.1617408]",0.5,25,3069.911068462456
89,"[4.1806402 4.1762304 4.1731591 4.1710725 4.1690645 4.1679225 4.1665049
 4.1657176 4.1646152 4.1639853 4.1631975 4.1626859 4.1621346 4.1614652]",0.5,25,3068.664773218452
90,"[4.1809554 4.1761518 4.173317  4.1711121 4.1692615 4.1678438 4.1667414
 4.1657176 4.1648512 4.1639457 4.1635127 4.1627645 4.1621346 4.1617012]",0.5,25,3067.9030340709114
91,"[4.1805615 4.1761518 4.17312   4.1708364 4.1692219 4.1676073 4.1666627
 4.165678  4.1648121 4.1640639 4.1632371 4.1626463 4.1621346 4.1616225]",0.5,25,3066.387864644097
92,"[4.1807585 4.1760731 4.1732383 4.1710329 4.1691823 4.1679621 4.1667018
 4.1655993 4.1646938 4.1639853 4.1632762 4.1628036 4.1621346 4.1616621]",0.5,25,3065.4127377876803
93,"[4.1806402 4.1759944 4.1731987 4.1708364 4.1691823 4.1675682 4.1665049
 4.165442  4.1644578 4.1638274 4.1631188 4.1626859 4.1619768 4.1615047]",0.5,25,3063.9632380186627
94,"[4.1806798 4.1761122 4.1730804 4.1709938 4.1691823 4.1679621 4.1666231
 4.1656389 4.1648121 4.1639457 4.1632762 4.1626072 4.1623316 4.1616225]",0.5,25,3063.367870647383
95,"[4.1806011 4.1761913 4.1730804 4.1708364 4.1692219 4.1678438 4.1664658
 4.1656389 4.1646938 4.1640639 4.1632371 4.1626859 4.1620951 4.1617012]",0.5,25,3062.08507661716
96,"[4.1804438 4.1759944 4.1728835 4.1708364 4.1690249 4.1675682 4.1663475
 4.1653633 4.1646543 4.1636701 4.1631188 4.1625676 4.1618195 4.1614256]",0.5,25,3060.469969758572
97,"[4.1804829 4.1761518 4.173317  4.1708755 4.1691432 4.1678042 4.1665444
 4.1655207 4.1645756 4.1639457 4.1633554 4.1626072 4.1619768 4.1616225]",0.5,25,3059.767771054683
98,"[4.1806011 4.1759944 4.17312   4.1710725 4.1691036 4.1676865 4.1666231
 4.1655993 4.1646152 4.1639457 4.1631975 4.1625676 4.1619768 4.1615438]",0.5,25,3058.575173409287
99,"[4.1806798 4.1761913 4.1730804 4.1710725 4.1692219 4.1677256 4.166584
 4.1655602 4.1647334 4.164103  4.1631584 4.1625676 4.1621346 4.1617012]",0.5,25,3057.6493625613066
100,"[4.1804829 4.1761518 4.1730804 4.1708755 4.1693006 4.1677651 4.166584
 4.1655993 4.1646543 4.164103  4.1632371 4.1626072 4.1619768 4.1617804]",0.5,25,3056.560593405355
101,"[4.1804042 4.1760335 4.1730804 4.1707182 4.1692615 4.1677256 4.1663475
 4.1655602 4.1648512 4.1637883 4.1631584 4.1626859 4.1619768 4.1615834]",0.5,25,3055.338297116562
102,"[4.1806011 4.1761913 4.1731987 4.1708755 4.1691823 4.1677651 4.166584
 4.1655207 4.1648121 4.1638274 4.1633158 4.1624103 4.1620951 4.1615047]",0.5,25,3054.2891402444143
103,"[4.1806011 4.1759157 4.1728835 4.1708364 4.1690249 4.1676865 4.1664658
 4.1655207 4.1646543 4.1639066 4.1633158 4.1626463 4.1620951 4.1613078]",0.5,25,3053.138058402914
104,"[4.1804829 4.1759548 4.1729627 4.1707969 4.1691036 4.1675286 4.1664658
 4.165442  4.1646152 4.1637096 4.1631975 4.1624494 4.1619377 4.1615438]",0.5,25,3052.2594218396
105,"[4.1805615 4.1761518 4.1730018 4.1707573 4.1690645 4.1675682 4.1665444
 4.1653633 4.1645756 4.1638274 4.1631584 4.1625676 4.162056  4.1614652]",0.5,25,3051.191092126601
106,"[4.1805615 4.1760335 4.1729627 4.1705999 4.1690645 4.1676469 4.1664658
 4.1654811 4.1644578 4.1637096 4.1630793 4.1624889 4.161859  4.1613469]",0.5,25,3050.2710895190444
107,"[4.1804829 4.1759944 4.1731591 4.1707969 4.1691036 4.1675682 4.1663871
 4.1654811 4.1644969 4.1637487 4.1630793 4.1624494 4.1618981 4.1614652]",0.5,25,3049.243360304361
108,"[4.1804829 4.1760335 4.1728835 4.1705999 4.1690249 4.1676469 4.1662292
 4.1651664 4.1645756 4.1638274 4.1633158 4.162292  4.1618195 4.1614652]",0.5,25,3048.247677388101
109,"[4.1805224 4.1761122 4.1729231 4.1707182 4.1689858 4.1676073 4.1662688
 4.165442  4.1644182 4.1637096 4.1629615 4.162292  4.161859  4.1615047]",0.5,25,3047.114227195911
110,"[4.1802859 4.1758366 4.1727657 4.1705608 4.168828  4.16745   4.1663084
 4.1652451 4.1643786 4.1635518 4.1628432 4.1621346 4.1617012 4.1611109]",0.5,25,3045.724547952746
111,"[4.1805224 4.1759548 4.1728444 4.1706395 4.1689858 4.1676073 4.1663871
 4.1654024 4.1644182 4.1635914 4.1630793 4.1624494 4.1618981 4.1613469]",0.5,25,3045.1118356405987
112,"[4.1802859 4.175561  4.1727657 4.1704426 4.1686311 4.1671743 4.1659145
 4.1651268 4.1642213 4.1635127 4.1625676 4.1621346 4.1615438 4.1610322]",0.5,25,3043.444374737278
113,"[4.1804829 4.1759157 4.1730413 4.1708755 4.1689463 4.1676073 4.1661901
 4.1652846 4.1644578 4.1637096 4.1632371 4.1624103 4.1617012 4.1615047]",0.5,25,3043.0248456180843
114,"[4.1803646 4.1758761 4.1728835 4.1706786 4.1690249 4.1674895 4.1663871
 4.1651664 4.1643395 4.1636701 4.1628036 4.1624103 4.1617804 4.1612682]",0.5,25,3041.911030675459
115,"[4.1804438 4.1759157 4.1730018 4.1705608 4.1688676 4.1674895 4.1662688
 4.1654024 4.1645365 4.1637487 4.1630793 4.1624103 4.1618195 4.1613469]",0.5,25,3040.906614938968
116,"[4.1803646 4.1759157 4.1729627 4.1707182 4.1687102 4.1675682 4.1662688
 4.1653237 4.1643    4.1635127 4.1629219 4.1621737 4.1617408 4.1613078]",0.5,25,3039.993080068904
117,"[4.1802468 4.1759157 4.1728835 4.1705999 4.1688676 4.1675682 4.1661506
 4.1651664 4.1642213 4.163434  4.1630006 4.1622133 4.1617804 4.1611896]",0.5,25,3038.8096357602303
118,"[4.1802859 4.1756792 4.1727262 4.1704817 4.1687102 4.1670957 4.1660328
 4.1651664 4.1640639 4.1633554 4.1626072 4.1620164 4.1615438 4.1610713]",0.5,25,3037.524161016713
119,"[4.1802468 4.1758366 4.1728048 4.1705608 4.1687493 4.167253  4.1659932
 4.165009  4.1640244 4.1633945 4.162725  4.162056  4.1616621 4.1611109]",0.5,25,3036.73131002577
120,"[4.1803255 4.1757188 4.1727262 4.1705608 4.1687889 4.1673317 4.1660328
 4.165009  4.1641822 4.1635127 4.1628432 4.1622133 4.1615834 4.1611109]",0.5,25,3035.8688967481817
121,"[4.1803646 4.1757975 4.1727657 4.1705608 4.1687889 4.1673317 4.1661115
 4.1651268 4.1642609 4.1633945 4.1628432 4.1621346 4.1615834 4.1612291]",0.5,25,3034.913444220105
122,"[4.1803255 4.1757579 4.1727262 4.1704817 4.1688676 4.1672926 4.1661115
 4.1652451 4.1642213 4.1633945 4.1627645 4.1624103 4.1617408 4.1610713]",0.5,25,3034.003746172281
123,"[4.1804042 4.1758366 4.1727262 4.1704817 4.1687102 4.1673317 4.1660719
 4.1652846 4.1641822 4.1634731 4.1628036 4.1619768 4.1617408 4.1611109]",0.5,25,3032.9439804783806
124,"[4.1802073 4.175561  4.1726866 4.170403  4.1686311 4.1670561 4.1660719
 4.1649299 4.1640639 4.1632371 4.1624494 4.161859  4.1613865 4.1609139]",0.5,25,3031.778439916043
125,"[4.1802073 4.1758366 4.1726475 4.1704817 4.1685133 4.1671743 4.1660328
 4.1650877 4.164103  4.1633158 4.1626859 4.1622133 4.1616225 4.1609926]",0.5,25,3031.000913171387
126,"[4.1802468 4.1758761 4.1727657 4.1705608 4.168592  4.1673317 4.1659932
 4.1651664 4.164103  4.1633945 4.1626859 4.1620951 4.1615834 4.16115  ]",0.5,25,3030.036443653696
127,"[4.1802859 4.1756401 4.1727262 4.1704817 4.1686311 4.1672926 4.1660328
 4.1650481 4.1640639 4.163434  4.1626859 4.1619377 4.1614652 4.1608744]",0.5,25,3028.957021280791
128,"[4.1801286 4.175561  4.1724901 4.1702847 4.168592  4.1670957 4.1659536
 4.1649694 4.1639853 4.1631975 4.1626072 4.1618981 4.1614256 4.1609926]",0.5,25,3027.9026268523494
129,"[4.1801682 4.175561  4.1727657 4.1704817 4.1685524 4.1672926 4.1661115
 4.165009  4.1641426 4.1632762 4.1626859 4.1618195 4.1614256 4.1609139]",0.5,25,3027.12686113688
130,"[4.1802859 4.1756401 4.1725688 4.1703243 4.168592  4.1671743 4.1659536
 4.1648512 4.1639457 4.1631584 4.1624889 4.1617408 4.1613078 4.1608353]",0.5,25,3026.08121226576
131,"[4.1801682 4.175561  4.1724505 4.1702456 4.1684737 4.1670957 4.1659145
 4.1648512 4.1640639 4.1633554 4.1626072 4.1618981 4.1611896 4.1608353]",0.5,25,3025.051228956299
132,"[4.1801286 4.1755219 4.1723719 4.1704817 4.1684737 4.1671352 4.1659145
 4.1647725 4.1639066 4.1631188 4.1623707 4.161859  4.1612291 4.1608353]",0.5,25,3024.14267812161
133,"[4.1802073 4.175561  4.1726866 4.1702061 4.1685524 4.1669774 4.1659932
 4.1648512 4.1638274 4.1633158 4.162292  4.1619377 4.1612682 4.1608744]",0.5,25,3023.284298242867
134,"[4.1801682 4.1754823 4.1725292 4.1702847 4.168592  4.1670561 4.1657572
 4.1647725 4.1639853 4.1631188 4.1624494 4.1617408 4.1611896 4.1606383]",0.5,25,3022.2125163500987
135,"[4.180089  4.175561  4.1725292 4.1702061 4.1684737 4.16682   4.1660719
 4.1648512 4.163867  4.1629615 4.1623707 4.1618195 4.1611109 4.1607566]",0.5,25,3021.346747782661
136,"[4.1801682 4.1754432 4.1724901 4.1702847 4.1684346 4.1668987 4.1657572
 4.1646152 4.163867  4.1630793 4.162292  4.1617408 4.1610713 4.1607566]",0.5,25,3020.239502233613
137,"[4.1801682 4.1754432 4.1723719 4.1700487 4.1684346 4.1670561 4.1657572
 4.1646152 4.1637487 4.1629615 4.1623316 4.1617012 4.1612291 4.1606383]",0.5,25,3019.353397457412
138,"[4.180089  4.1753249 4.1724505 4.1700487 4.1682377 4.16682   4.1657176
 4.1646152 4.1635914 4.162725  4.1622133 4.1615438 4.1608353 4.1606383]",0.5,25,3018.164965294593
139,"[4.1798921 4.1755219 4.1723719 4.1700883 4.1683555 4.1668596 4.1657572
 4.1646938 4.1637883 4.1629615 4.1623707 4.1616225 4.1610713 4.1605201]",0.5,25,3017.47565964966
140,"[4.1800499 4.1753645 4.1746163 4.1748524 4.1742225 4.1743407 4.1712694
 4.1695371 4.1677256 4.1664658 4.1651664 4.1642609 4.1633945 4.1626072]",0.5,25,3016.774305865747
141,"[4.1798921 4.1751676 4.1722145 4.1700883 4.1680408 4.166584  4.1653633
 4.1643395 4.1635127 4.162725  4.1619768 4.1613078 4.1606779 4.1601262]",0.5,25,3015.521700277371
142,"[4.179853  4.1752853 4.1722932 4.1698914 4.1681194 4.1666627 4.1654024
 4.1645365 4.1634731 4.1626859 4.1621737 4.1612682 4.1608744 4.1601262]",0.5,25,3014.765896655818
143,"[4.1798921 4.1753645 4.1721354 4.1697335 4.1681194 4.1665444 4.1652846
 4.1643395 4.1633945 4.162528  4.1619377 4.1613078 4.1609535 4.1601262]",0.5,25,3013.793270846357
144,"[4.1799316 4.1750884 4.1720567 4.1698914 4.1680799 4.166584  4.1654811
 4.1643786 4.1634731 4.162528  4.1618195 4.1613078 4.1609139 4.160284 ]",0.5,25,3012.8104283528664
145,"[4.1797743 4.175128  4.1720963 4.1696944 4.1680012 4.1665049 4.1652846
 4.1642213 4.1632762 4.1626072 4.1618195 4.1613865 4.1605988 4.1601262]",0.5,25,3011.736063802629
146,"[4.1797347 4.1750097 4.1720963 4.1697335 4.1678829 4.1663475 4.165442
 4.1642213 4.1633945 4.162528  4.1618195 4.16115   4.1605988 4.160284 ]",0.5,25,3010.617986818575
147,"[4.1800103 4.1752067 4.1722145 4.1699305 4.1680799 4.1667018 4.165442
 4.1644182 4.1632762 4.1626859 4.1619768 4.1614652 4.1607957 4.1600871]",0.5,25,3009.997228970951
148,"[4.1798921 4.1752067 4.1720963 4.1700487 4.1678829 4.1664658 4.1652055
 4.1642213 4.1633158 4.1624494 4.1618195 4.1612682 4.1605988 4.1601658]",0.5,25,3008.9868997880058
149,"[4.1797347 4.1750493 4.1720176 4.1698127 4.1678829 4.1666627 4.1651268
 4.1642609 4.1633945 4.1623707 4.1616621 4.1609926 4.160717  4.1599689]",0.5,25,3007.8540497722715
150,"[4.1798134 4.1750884 4.1722536 4.1697335 4.1680408 4.1664658 4.1652451
 4.1643    4.1633158 4.1624103 4.161859  4.16115   4.1605597 4.1600084]",0.5,25,3006.8781848154
151,"[4.1798134 4.1750097 4.1720176 4.1698127 4.1678042 4.1663475 4.1651664
 4.1641426 4.1632371 4.1624103 4.1617012 4.1610713 4.1605597 4.1600084]",0.5,25,3005.710366801756
152,"[4.1795774 4.1751676 4.1718597 4.1696548 4.1677651 4.1663475 4.1651268
 4.1640639 4.1631584 4.1623707 4.1616225 4.1608353 4.1604018 4.1598506]",0.5,25,3004.671460126682
153,"[4.1798134 4.1749706 4.1720176 4.1696157 4.1678829 4.1665049 4.1651268
 4.1640639 4.1631188 4.162528  4.1615047 4.1609535 4.1606383 4.1600084]",0.5,25,3003.941798634845
154,"[4.1798921 4.1750493 4.171978  4.1697731 4.1678829 4.1663084 4.1651664
 4.1641426 4.1630402 4.1623316 4.1617012 4.16115   4.1604018 4.1600084]",0.5,25,3003.03451357191
155,"[4.179656  4.1749706 4.1718993 4.1694975 4.1677651 4.1663084 4.165009
 4.164103  4.1629219 4.162292  4.1615438 4.1609139 4.1603627 4.1598115]",0.5,25,3001.590893799643
156,"[4.1796956 4.1750884 4.1720963 4.1696157 4.1678042 4.1662688 4.1651664
 4.1641426 4.1631188 4.1622133 4.1614256 4.1608353 4.1603231 4.1598902]",0.5,25,3000.736380090331
157,"[4.1796165 4.175128  4.1718597 4.1697335 4.1677256 4.1662688 4.1651268
 4.163867  4.1631975 4.1621737 4.1615047 4.1610322 4.1604018 4.1598506]",0.5,25,2999.727191167397
158,"[4.1797743 4.1750097 4.1720176 4.1697335 4.1676865 4.1663871 4.1650877
 4.1641822 4.1629615 4.1623316 4.1615834 4.1608353 4.160284  4.1598506]",0.5,25,2998.886193766953
159,"[4.179656  4.1749706 4.1720567 4.1695762 4.1677651 4.1661506 4.1649299
 4.1641822 4.1630006 4.162292  4.1612291 4.1608353 4.1602445 4.1598115]",0.5,25,2997.7558884118657
160,"[4.1795378 4.1749706 4.1717811 4.1693006 4.1676073 4.1663084 4.1648908
 4.163867  4.1628828 4.162056  4.1614652 4.1606383 4.1600475 4.1594572]",0.5,25,2996.772036719972
161,"[4.179656  4.1750493 4.1720176 4.1696157 4.1677651 4.1662688 4.1649694
 4.1639853 4.1629219 4.1621346 4.1612682 4.160717  4.1602445 4.1597328]",0.5,25,2996.0589944388867
162,"[4.179656  4.1750884 4.1718993 4.1697335 4.1678438 4.1663475 4.1649299
 4.1639066 4.1628828 4.1620164 4.1613078 4.1608353 4.160284  4.1596146]",0.5,25,2995.146399460177
163,"[4.1794591 4.174931  4.1716237 4.1694579 4.1676073 4.1660719 4.1648908
 4.1637096 4.1629615 4.1621737 4.1612291 4.1606383 4.1602054 4.1594963]",0.5,25,2994.098692051869
164,"[4.1794987 4.1747737 4.1719389 4.1694579 4.1675286 4.1660328 4.1648121
 4.1638274 4.1628432 4.1619377 4.1612291 4.160717  4.1600475 4.1594176]",0.5,25,2993.007678486874
165,"[4.1796165 4.174931  4.171742  4.1696548 4.1676073 4.1662292 4.1648908
 4.1639066 4.1629615 4.162056  4.1614256 4.1606779 4.1601658 4.1596146]",0.5,25,2992.094221993949
166,"[4.1794591 4.1748128 4.1718993 4.1693792 4.1675682 4.1662292 4.1648512
 4.1637883 4.1628828 4.1619377 4.1612682 4.1606383 4.1600084 4.1596146]",0.5,25,2990.854134672851
167,"[4.17942   4.1747737 4.1716633 4.1693792 4.1675682 4.1660719 4.1648512
 4.1636701 4.162725  4.1618981 4.1611896 4.1605597 4.1598115 4.1593785]",0.5,25,2989.6905887086323
168,"[4.1794987 4.1748128 4.171978  4.1694975 4.1676469 4.1661506 4.165009
 4.1637883 4.1629615 4.1621346 4.1613078 4.1606383 4.1602054 4.1596932]",0.5,25,2988.989958525661
169,"[4.179656  4.1747737 4.1718993 4.1696157 4.1675682 4.1660328 4.1650877
 4.1637487 4.162725  4.162056  4.1613865 4.1608353 4.1601262 4.1596541]",0.5,25,2987.97421976264
170,"[4.1796165 4.1747737 4.1718993 4.1695371 4.1676073 4.1660328 4.1648908
 4.1637096 4.1629615 4.1621346 4.1613469 4.1606383 4.1600871 4.1595359]",0.5,25,2987.0960151064724
171,"[4.1793804 4.174931  4.1718993 4.1695371 4.1677651 4.1662292 4.1649694
 4.1639066 4.1630006 4.1620951 4.1613469 4.1607566 4.1602445 4.1597328]",0.5,25,2986.040744146458
172,"[4.17942   4.174931  4.1718597 4.1693792 4.1676469 4.1662688 4.1649299
 4.1637487 4.1630006 4.1621737 4.1613865 4.1608744 4.1602445 4.1596146]",0.5,25,2984.793078158634
173,"[4.1795774 4.1750493 4.1718993 4.1695371 4.1676865 4.1662688 4.165009
 4.1639066 4.1630793 4.1621346 4.1617408 4.1608744 4.1601658 4.1596146]",0.5,25,2983.468412822942
174,"[4.1795378 4.1748919 4.1718597 4.1694579 4.1677256 4.1662292 4.1648908
 4.164103  4.1628828 4.1621737 4.1613078 4.1606383 4.1600475 4.1597719]",0.5,25,2982.1347475953507
175,"[4.1794987 4.1748128 4.171978  4.1694975 4.1677256 4.1662688 4.1648908
 4.1639457 4.1628828 4.1620951 4.1614652 4.1608353 4.1600475 4.1597719]",0.5,25,2980.6084549218767
176,"[4.1796165 4.1749706 4.1718597 4.1694975 4.1678042 4.1663084 4.1650481
 4.1639457 4.1630006 4.1622133 4.1614652 4.1608353 4.1602445 4.1598902]",0.5,25,2979.193855728761
177,"[4.1793408 4.1748524 4.1717811 4.1695371 4.1677256 4.1661506 4.1649694
 4.163867  4.1630006 4.162056  4.1614256 4.160717  4.1601658 4.159575 ]",0.5,25,2977.51142770969
178,"[4.17942   4.1748524 4.1718206 4.1693006 4.1675286 4.1661115 4.1648512
 4.1638274 4.1628828 4.1621737 4.1613469 4.160717  4.1602445 4.1596932]",0.5,25,2975.768024983587
179,"[4.1795774 4.1747341 4.1718206 4.1693792 4.1675286 4.1661115 4.1649299
 4.1637883 4.1629615 4.1621737 4.1614652 4.1605597 4.1601262 4.159575 ]",0.5,25,2974.2229424884717
180,"[4.1791835 4.1747737 4.1716237 4.1694975 4.1674895 4.1661901 4.1650481
 4.1639066 4.1628432 4.162056  4.1612682 4.1606383 4.1600084 4.1594176]",0.5,25,2972.462933157824
181,"[4.1794591 4.1748524 4.1718993 4.1695371 4.1676469 4.1661901 4.1649299
 4.1637096 4.1628036 4.1621346 4.1615047 4.1606383 4.1600084 4.1596146]",0.5,25,2970.852227132976
182,"[4.1794591 4.174695  4.1716633 4.1693401 4.1677256 4.1661506 4.1648121
 4.1639066 4.1628828 4.1619377 4.1613078 4.1606779 4.1600475 4.159575 ]",0.5,25,2968.945301077341
183,"[4.1794591 4.1748128 4.1717811 4.1693006 4.1674895 4.1659536 4.1648908
 4.1635518 4.1626859 4.1619377 4.1613078 4.1605988 4.1598902 4.1597719]",0.5,25,2966.952831373834
184,"[4.1793017 4.1748524 4.1718597 4.1695762 4.1675682 4.1659932 4.1648908
 4.163867  4.1627645 4.1619768 4.1613865 4.1608353 4.1600871 4.1594963]",0.5,25,2965.0221974981
185,"[4.1793408 4.1747737 4.1717024 4.1693401 4.1676469 4.1660328 4.1646938
 4.1637096 4.1628036 4.162056  4.1612682 4.160481  4.1599689 4.1593785]",0.5,25,2963.436500235869
186,"[4.1794591 4.1747341 4.1718597 4.1692615 4.16745   4.1659932 4.1647725
 4.1637096 4.1628036 4.161859  4.1611109 4.1607957 4.1600084 4.1594963]",0.5,25,2961.795088555094
187,"[4.1791835 4.174695  4.171545  4.1690249 4.1673713 4.1658359 4.1646543
 4.1635914 4.1625676 4.162056  4.1611109 4.160481  4.1598506 4.1592603]",0.5,25,2959.8168841440165
188,"[4.1792231 4.1744981 4.1716237 4.1692219 4.1673317 4.1659536 4.1646152
 4.163631  4.162725  4.1617804 4.1611109 4.1603627 4.1597719 4.1592207]",0.5,25,2958.0140549359803
189,"[4.1792231 4.1744585 4.1714664 4.1691036 4.1672139 4.165678  4.1646152
 4.1635127 4.162528  4.1615834 4.1611109 4.1603231 4.1596541 4.1592207]",0.5,25,2955.97104645386
190,"[4.1791048 4.1745768 4.1714268 4.1691432 4.1672926 4.1657572 4.1643395
 4.1633945 4.1624494 4.1617408 4.1608353 4.160284  4.1597328 4.1591029]",0.5,25,2954.174697525229
191,"[4.1792231 4.1746163 4.1714268 4.1691432 4.1671352 4.1657176 4.1644182
 4.1634731 4.1623707 4.1617012 4.1607957 4.160284  4.1596541 4.1591816]",0.5,25,2952.563077284208
192,"[4.1789474 4.1744585 4.1713085 4.1689067 4.1670561 4.1655207 4.1644182
 4.1631584 4.162292  4.1615047 4.1608744 4.1601262 4.1596146 4.1591029]",0.5,25,2950.440465623235
1,"[4.1818967 4.1774077 4.1745334 4.1722889 4.1707139 4.1694145 4.1680365
 4.1671305 4.1663036 4.1655164 4.1648865 4.1642957 4.1637836 4.163311 ]",0.5,25,3225.262477866618
2,"[4.1816607 4.1773291 4.1744151 4.1722498 4.1706748 4.1692572 4.1680756
 4.1670518 4.1661463 4.1654768 4.1647682 4.1641774 4.1636658 4.1632719]",0.5,25,3227.502163087971
3,"[4.1816998 4.1772504 4.1744151 4.1721315 4.1705565 4.1691389 4.1679969
 4.1670518 4.1661463 4.1653585 4.1648073 4.1640987 4.1636262 4.1631932]",0.5,25,3225.557865785727
4,"[4.1816211 4.17729   4.1743364 4.1721706 4.1705565 4.1691785 4.1680365
 4.1669731 4.1661463 4.1653194 4.1647682 4.1641383 4.1636658 4.1631536]",0.5,25,3223.052744548884
5,"[4.1816607 4.1771321 4.1742187 4.172092  4.1703596 4.1689816 4.1679182
 4.1668549 4.166028  4.1652408 4.1646109 4.1640592 4.1634688 4.163075 ]",0.5,25,3221.5096697460936
6,"[4.1815424 4.1771717 4.1742187 4.1721315 4.1703987 4.1690602 4.1679578
 4.1668944 4.1661067 4.1653981 4.1647286 4.1641774 4.1635866 4.1631145]",0.5,25,3219.192465435523
7,"[4.1816998 4.1772504 4.174376  4.1722102 4.170517  4.1692572 4.1679578
 4.1670127 4.1661463 4.1653981 4.16465   4.1640592 4.1635866 4.1631932]",0.5,25,3216.9079575839587
8,"[4.1815424 4.1771321 4.1741791 4.1720529 4.17032   4.1690207 4.1678786
 4.1668158 4.166028  4.1653585 4.1645713 4.1640987 4.1635079 4.1632323]",0.5,25,3214.240074384359
9,"[4.1816211 4.1772108 4.1742187 4.1721706 4.1705956 4.1691389 4.1679969
 4.1669731 4.1661067 4.1654377 4.1646895 4.164217  4.1636262 4.1631932]",0.5,25,3212.682556279567
10,"[4.1816211 4.1771717 4.1741395 4.1720529 4.17032   4.1690602 4.1677999
 4.1668549 4.1659493 4.1652408 4.1646109 4.1640987 4.1635866 4.163075 ]",0.5,25,3209.841992315538
11,"[4.181582  4.1771321 4.1741395 4.1721706 4.1703987 4.1689816 4.1679578
 4.1668158 4.1661463 4.1652799 4.16465   4.1641774 4.1636262 4.1631145]",0.5,25,3208.0667041006154
12,"[4.1814637 4.1771321 4.1742187 4.1720133 4.1703987 4.1690602 4.1677999
 4.166934  4.1659889 4.1652799 4.1646895 4.1640987 4.1636262 4.1631145]",0.5,25,3206.062299783666
13,"[4.181385  4.177093  4.1741395 4.1719346 4.1702809 4.1690602 4.1677999
 4.1668158 4.1659889 4.1652408 4.1644926 4.1640592 4.1634293 4.1629567]",0.5,25,3203.379565755208
14,"[4.1813455 4.1769748 4.1741791 4.1719742 4.1702414 4.1688633 4.1677608
 4.1668158 4.1659102 4.1652012 4.1645713 4.1640201 4.1634688 4.1629963]",0.5,25,3200.698141002877
15,"[4.1814241 4.1770144 4.1741791 4.1720133 4.1703596 4.1690207 4.1678395
 4.1667762 4.1659889 4.1652408 4.1644926 4.1640201 4.1635079 4.1630354]",0.5,25,3198.12806748332
16,"[4.1814241 4.1770535 4.1740217 4.172092  4.1703596 4.1687846 4.1676822
 4.1666975 4.1659493 4.1650829 4.1645317 4.1640592 4.1635475 4.1629567]",0.5,25,3195.696882966989
17,"[4.1812668 4.1768961 4.1740217 4.1718559 4.170084  4.168745  4.1676426
 4.1666188 4.165792  4.1650043 4.1643348 4.1639414 4.1632719 4.1629176]",0.5,25,3193.181314240184
18,"[4.1814637 4.1768961 4.1738248 4.1718559 4.1702023 4.1686664 4.167603
 4.1666188 4.165792  4.1650438 4.1644139 4.1638231 4.163311  4.1628385]",0.5,25,3190.6480311140963
19,"[4.1813455 4.1770535 4.1740608 4.1718559 4.1702809 4.168942  4.1677213
 4.1667371 4.1659889 4.1652012 4.1645317 4.1640987 4.1634293 4.1629567]",0.5,25,3188.51108093899
20,"[4.1814637 4.1769748 4.1740608 4.1719346 4.1702023 4.1688633 4.1677213
 4.1667371 4.1659102 4.1651225 4.1645713 4.1639414 4.1633506 4.1629963]",0.5,25,3186.029228013371
21,"[4.1813064 4.1771321 4.1740217 4.1720133 4.1702414 4.1688237 4.1676822
 4.1666975 4.1658707 4.1651621 4.1646109 4.1640592 4.1634293 4.1630354]",0.5,25,3183.480501015761
22,"[4.1813455 4.1769352 4.173943  4.1718163 4.1702414 4.1688237 4.167603
 4.1666975 4.1659102 4.1650829 4.1644926 4.1639805 4.1633902 4.1629567]",0.5,25,3181.0940353523797
23,"[4.181385  4.1770144 4.1740217 4.1719346 4.1702023 4.1688633 4.1677213
 4.1668549 4.1658707 4.1651621 4.1644926 4.1639018 4.1634293 4.163075 ]",0.5,25,3179.026500413681
24,"[4.1812272 4.1768565 4.1741004 4.1719346 4.1702414 4.1688633 4.1677213
 4.1666584 4.1658707 4.1651225 4.1644926 4.1639805 4.1633902 4.1630354]",0.5,25,3176.6234730699266
25,"[4.1811881 4.1768565 4.1738248 4.1717377 4.1700053 4.1685877 4.167603
 4.1666584 4.1656737 4.1648865 4.1643348 4.1638627 4.163311  4.1627598]",0.5,25,3173.841407162948
26,"[4.1813455 4.1767778 4.173943  4.1717772 4.1702414 4.168745  4.1676426
 4.1666975 4.1658311 4.1650438 4.1645713 4.1639414 4.1634293 4.1629963]",0.5,25,3171.8483573851177
27,"[4.1811094 4.1768174 4.1739035 4.1717377 4.170084  4.1687059 4.1676822
 4.1666975 4.1658311 4.1651225 4.164453  4.1639805 4.1632719 4.1629176]",0.5,25,3169.523302473418
28,"[4.1810699 4.1766992 4.1738248 4.1717377 4.1698871 4.1686664 4.167367
 4.1664219 4.1657133 4.1649652 4.1643348 4.1637444 4.1631145 4.1627598]",0.5,25,3166.893822725828
29,"[4.1811485 4.1766992 4.1737065 4.1717772 4.1699266 4.1683908 4.167367
 4.1664219 4.1656346 4.1648469 4.164217  4.1635866 4.163075  4.162642 ]",0.5,25,3164.434434407417
30,"[4.1813064 4.1767778 4.1739821 4.171659  4.170084  4.1687059 4.167603
 4.1665006 4.1656737 4.1650043 4.1643348 4.1639018 4.1633902 4.1628385]",0.5,25,3162.622366761612
31,"[4.1811881 4.1767387 4.1737852 4.1718559 4.1700053 4.1687059 4.1674852
 4.1665792 4.1657133 4.1650043 4.1642561 4.1638231 4.1631536 4.162878 ]",0.5,25,3160.237076313882
32,"[4.1810308 4.1765809 4.1737852 4.1715016 4.1698084 4.1683512 4.1672883
 4.1664219 4.1654768 4.1648073 4.164217  4.1635079 4.1629963 4.1626811]",0.5,25,3157.5638932767743
33,"[4.1812272 4.1767778 4.173667  4.1716986 4.1700053 4.1686268 4.1675639
 4.1665792 4.1656737 4.1649652 4.164217  4.1636658 4.1632323 4.1627207]",0.5,25,3155.9491208116337
34,"[4.1811485 4.1766992 4.1739035 4.1717772 4.1698871 4.1687059 4.1675639
 4.1665792 4.1656346 4.1649652 4.1642957 4.1637049 4.1632323 4.1627994]",0.5,25,3153.760675176732
35,"[4.1810699 4.1766992 4.1738248 4.1717772 4.1699657 4.1685877 4.1675243
 4.1665401 4.1656737 4.1649256 4.1643744 4.1637444 4.1631932 4.1627598]",0.5,25,3151.679340112441
36,"[4.1810699 4.1768174 4.1738639 4.1716986 4.1698871 4.168745  4.1675639
 4.1664615 4.1656346 4.1648865 4.1642561 4.1636658 4.1631932 4.1627207]",0.5,25,3149.686225781115
37,"[4.1810308 4.1765809 4.1736279 4.1716194 4.1696901 4.1684694 4.167367
 4.1663828 4.1654377 4.1648073 4.1640987 4.1634688 4.1630354 4.1625628]",0.5,25,3148.129066366239
38,"[4.1812668 4.1768961 4.1739035 4.171895  4.170084  4.1688237 4.1675243
 4.1665792 4.165792  4.1650438 4.164453  4.1638627 4.1634688 4.1629176]",0.5,25,3146.4458278852003
39,"[4.1811094 4.1766205 4.1737065 4.171659  4.1699266 4.1685481 4.1674852
 4.1664219 4.1655951 4.1648073 4.1641774 4.1636262 4.1630354 4.1625628]",0.5,25,3143.643710770398
40,"[4.1810699 4.1766596 4.1737065 4.1715803 4.1698871 4.1686268 4.1673274
 4.1663432 4.1655951 4.1648865 4.164217  4.1636658 4.1631536 4.1626024]",0.5,25,3141.533863655736
41,"[4.1811094 4.1766205 4.1736279 4.1715407 4.1698475 4.168509  4.1674066
 4.1663828 4.1655164 4.1648865 4.164217  4.1635475 4.163075  4.1626024]",0.5,25,3139.78513827718
42,"[4.1809125 4.1766205 4.1735883 4.1715407 4.1698084 4.1684694 4.167367
 4.1663432 4.1655164 4.1646895 4.1640987 4.1634688 4.1629567 4.1626024]",0.5,25,3137.696459518094
43,"[4.1810699 4.1765809 4.1736279 4.1715016 4.1697297 4.1683908 4.16717
 4.1661463 4.1653981 4.16465   4.1640201 4.1635866 4.162878  4.1626024]",0.5,25,3135.724765519342
44,"[4.1809516 4.1764631 4.1735883 4.1715016 4.1696901 4.1683121 4.1672487
 4.1663432 4.1653981 4.1646109 4.1639805 4.1634293 4.1630354 4.1625628]",0.5,25,3133.899672717828
45,"[4.1810308 4.1765809 4.1737065 4.1715407 4.1698475 4.1683908 4.16717
 4.166225  4.1653981 4.1646895 4.1640987 4.1636262 4.1629567 4.1623664]",0.5,25,3132.164443221436
46,"[4.1808729 4.176384  4.1735883 4.171423  4.1696901 4.1683121 4.16717
 4.1661859 4.1653981 4.1646109 4.1640201 4.163311  4.162878  4.1623664]",0.5,25,3130.137071001657
47,"[4.1808729 4.1765418 4.1735096 4.1713834 4.1696506 4.1681547 4.1670518
 4.166225  4.1653194 4.1644139 4.1639414 4.1632323 4.1627598 4.1623664]",0.5,25,3128.289981936579
48,"[4.1807551 4.1765022 4.1735492 4.1713047 4.1696115 4.1682725 4.16717
 4.1661859 4.1653585 4.1645713 4.1639414 4.1632719 4.1627598 4.1623268]",0.5,25,3126.649165981579
49,"[4.1808729 4.1764235 4.1734705 4.1712651 4.1695328 4.1682725 4.16717
 4.1661067 4.1652799 4.1646109 4.1639414 4.1633506 4.1627994 4.1622481]",0.5,25,3124.925994396433
50,"[4.1810308 4.1764631 4.173667  4.1713438 4.1698084 4.1683121 4.16717
 4.1663036 4.1655164 4.1646895 4.1640201 4.1634293 4.1629567 4.1624842]",0.5,25,3123.382213685845
51,"[4.1807942 4.1765809 4.1734309 4.1713438 4.1696506 4.1682334 4.16717
 4.1661859 4.1652799 4.1645713 4.1639805 4.1631932 4.1627994 4.1622872]",0.5,25,3121.521513276638
52,"[4.180676  4.1764235 4.1734705 4.1711864 4.1695328 4.1680756 4.1669731
 4.1660676 4.1652012 4.1644139 4.1639018 4.1633506 4.1627207 4.1623268]",0.5,25,3119.627437269693
53,"[4.1809125 4.1763449 4.1733522 4.171226  4.1694932 4.1681547 4.1668944
 4.1659493 4.1651621 4.1643348 4.1637444 4.1631536 4.1625628 4.1620908]",0.5,25,3117.8579317263484
54,"[4.180676  4.1764235 4.1734705 4.1711864 4.1694932 4.1681151 4.1668944
 4.166028  4.1652408 4.1644139 4.1637836 4.1631932 4.1627207 4.1622086]",0.5,25,3116.2443767975533
55,"[4.1807942 4.1764631 4.1735492 4.1712651 4.1695328 4.1680365 4.1670914
 4.1661463 4.1652012 4.1644139 4.1638627 4.1631932 4.1627207 4.1622086]",0.5,25,3114.822735884464
56,"[4.1807156 4.1762266 4.1735096 4.1711864 4.1695328 4.1682334 4.166934
 4.1659493 4.1651225 4.1646109 4.1636658 4.1631536 4.1627207 4.1621695]",0.5,25,3113.065781676024
57,"[4.1807942 4.1763053 4.1734309 4.1712651 4.1695719 4.1681547 4.1669731
 4.1659493 4.1651225 4.164453  4.1637049 4.1631932 4.1627994 4.1622872]",0.5,25,3111.534479218207
58,"[4.1807156 4.1763053 4.1733127 4.1712651 4.1694932 4.1681151 4.1668549
 4.1659102 4.1650438 4.1644139 4.1637049 4.1631932 4.1626811 4.1620512]",0.5,25,3109.8091564199467
59,"[4.1807156 4.176384  4.1733522 4.1711469 4.1694541 4.1681151 4.1666975
 4.1659493 4.1650438 4.1642957 4.1637836 4.1629963 4.162642  4.1621695]",0.5,25,3108.191998479409
60,"[4.1807156 4.1763053 4.1733913 4.1711864 4.1694932 4.1680365 4.1669731
 4.1659102 4.1652408 4.1643744 4.1637049 4.1631932 4.1627207 4.1620512]",0.5,25,3106.563396266411
61,"[4.1808729 4.1764235 4.1733913 4.1711864 4.1695328 4.1680365 4.166934
 4.1659493 4.1652799 4.1643744 4.1637049 4.1632719 4.1628385 4.1620512]",0.5,25,3104.983297238497
62,"[4.1805582 4.1763053 4.1734309 4.1710682 4.1694145 4.1678786 4.1667762
 4.165792  4.1649652 4.1642957 4.1636658 4.1630354 4.162642  4.1619725]",0.5,25,3103.2116592416746
63,"[4.1807942 4.1763449 4.1733127 4.1711864 4.1694932 4.1679182 4.166934
 4.1658707 4.1650829 4.1642957 4.1635866 4.1629963 4.1625237 4.1620116]",0.5,25,3101.875523398031
64,"[4.1808338 4.1762662 4.1733127 4.1711864 4.1694932 4.1680756 4.166934
 4.1657524 4.1648865 4.1643744 4.1634688 4.1631145 4.1624451 4.1620512]",0.5,25,3100.38958412774
65,"[4.180676  4.176187  4.1731553 4.1709895 4.1694145 4.1678786 4.1667371
 4.1658707 4.1648469 4.1640987 4.1633902 4.1629567 4.1625237 4.1619329]",0.5,25,3098.9310180198854
66,"[4.1805973 4.1760693 4.173234  4.1709895 4.1693358 4.1678395 4.1667371
 4.1658707 4.1649256 4.1641774 4.1635866 4.162878  4.1625628 4.1618938]",0.5,25,3097.378869930285
67,"[4.1805973 4.1762266 4.1731949 4.1711078 4.1691785 4.1678786 4.1667371
 4.1657524 4.1650043 4.1641383 4.1634688 4.1629567 4.1623664 4.1619329]",0.5,25,3095.736644230551
68,"[4.1806369 4.1762662 4.1733127 4.1710682 4.1693358 4.1679578 4.1668549
 4.165792  4.1649652 4.164217  4.1636262 4.1629963 4.1625628 4.1620512]",0.5,25,3094.576275132517
69,"[4.1807551 4.1763053 4.173234  4.1709895 4.1692572 4.1680365 4.1666975
 4.165792  4.1650438 4.1641383 4.1635475 4.1629963 4.1625237 4.1620116]",0.5,25,3093.12161494846
70,"[4.1807156 4.176187  4.1733127 4.1709895 4.1692572 4.1678786 4.1667762
 4.1657524 4.1650438 4.164217  4.1635475 4.1629176 4.1624055 4.1618938]",0.5,25,3091.688897871498
71,"[4.1805186 4.1761084 4.1731949 4.1710291 4.1692572 4.1677608 4.1666584
 4.1656737 4.1647286 4.1639805 4.1632719 4.1627598 4.1623268 4.1616969]",0.5,25,3089.827596006945
72,"[4.1805582 4.1759906 4.1730371 4.1710291 4.1690993 4.1677608 4.1665006
 4.1656346 4.1647682 4.1640987 4.163311  4.1627207 4.1621299 4.1616182]",0.5,25,3088.3825972885465
73,"[4.180676  4.1761084 4.173234  4.1709108 4.1692176 4.1676822 4.1665401
 4.1657524 4.1648073 4.1640592 4.1632719 4.1627994 4.1621695 4.1618147]",0.5,25,3087.122577100285
74,"[4.1806369 4.1760297 4.173234  4.1710291 4.1690602 4.1677608 4.1666188
 4.1655951 4.1647682 4.1640201 4.1634688 4.1627994 4.1623268 4.1618543]",0.5,25,3085.88193957926
75,"[4.1805973 4.1760693 4.1733127 4.1710682 4.1692176 4.1677213 4.1666584
 4.1657524 4.1647682 4.1641383 4.1633902 4.1629567 4.1624451 4.1618938]",0.5,25,3084.6325865173358
76,"[4.1805973 4.1759906 4.1731553 4.1708713 4.1691785 4.1677608 4.1666584
 4.1654768 4.1648073 4.1640201 4.1633506 4.1628385 4.1624055 4.1618147]",0.5,25,3083.239678850913
77,"[4.1804004 4.1758723 4.172998  4.1708713 4.1690207 4.1676426 4.1664615
 4.1655555 4.1645713 4.1639805 4.1631145 4.1626024 4.1619725 4.1615391]",0.5,25,3081.508337167425
78,"[4.180479  4.1761479 4.1731949 4.1709108 4.1692963 4.1676426 4.1665006
 4.1654768 4.1646895 4.1639018 4.1631536 4.1627598 4.1621299 4.1616969]",0.5,25,3080.699003431664
79,"[4.1803613 4.1757936 4.1729188 4.1707926 4.1689816 4.167603  4.1665006
 4.1654768 4.1645713 4.1636262 4.1631932 4.1625628 4.1620512 4.1614604]",0.5,25,3078.7746530113373
80,"[4.1803613 4.1759114 4.1730766 4.1707139 4.1689029 4.1675243 4.1663432
 4.1652799 4.164453  4.1639018 4.163075  4.1625628 4.1621299 4.1615391]",0.5,25,3077.5279514872245
81,"[4.180479  4.1760693 4.1729188 4.1707926 4.1689816 4.1675639 4.1664219
 4.1653585 4.1645317 4.1637049 4.1631932 4.1624842 4.1619725 4.1616182]",0.5,25,3076.2246550255
82,"[4.1803613 4.1759114 4.1729188 4.1705956 4.1689029 4.1674066 4.1661463
 4.1652799 4.1644139 4.1636262 4.1630354 4.1625237 4.1618543 4.1613817]",0.5,25,3074.830642670086
83,"[4.1803613 4.1759906 4.1728797 4.1705956 4.1688633 4.1675639 4.1663036
 4.1653585 4.1644139 4.1637444 4.1631145 4.1625237 4.1618543 4.1614213]",0.5,25,3073.5939538528114
84,"[4.1803613 4.1757936 4.1728401 4.1705565 4.1687846 4.1675639 4.166225
 4.1652408 4.1644139 4.1636262 4.1629567 4.1623664 4.1619725 4.1612635]",0.5,25,3072.1777985815447
85,"[4.1804399 4.175951  4.1729584 4.1706352 4.1688633 4.1674457 4.1663036
 4.1652799 4.1642957 4.1637049 4.1629176 4.1623664 4.1618938 4.1613817]",0.5,25,3071.026345110134
86,"[4.1804004 4.1757541 4.1728797 4.170517  4.168745  4.1672883 4.1662645
 4.1652012 4.1642957 4.1635866 4.1628385 4.1622086 4.1618147 4.1613426]",0.5,25,3069.724693487955
87,"[4.1802826 4.1757541 4.1728401 4.1704383 4.1686664 4.1673274 4.1661463
 4.1652012 4.1642561 4.1635866 4.1627994 4.1623268 4.1617756 4.1612244]",0.5,25,3068.3002928020583
88,"[4.1803217 4.1757541 4.172801  4.1705956 4.1688633 4.1672883 4.1661463
 4.1651225 4.1642561 4.1634688 4.162878  4.1622086 4.1616573 4.1611061]",0.5,25,3067.05464188775
89,"[4.180243  4.1759114 4.1726828 4.1703987 4.168509  4.1671305 4.1661067
 4.1650438 4.1641383 4.1633506 4.1627994 4.1621299 4.1616182 4.1611457]",0.5,25,3065.645848090414
90,"[4.1803217 4.175715  4.1726828 4.1705565 4.1687059 4.1672883 4.1659889
 4.1650438 4.164217  4.1635079 4.1627598 4.1622086 4.1615787 4.1611457]",0.5,25,3064.484442075061
91,"[4.180243  4.1755967 4.1725645 4.1702023 4.1685481 4.1672487 4.1659102
 4.1648865 4.1640592 4.1632719 4.1624842 4.1620116 4.1614604 4.1610665]",0.5,25,3062.818253763154
92,"[4.1802826 4.1756358 4.1726041 4.1704383 4.1685481 4.16717   4.1659889
 4.1649256 4.1640987 4.163311  4.1627207 4.1620512 4.1615391 4.1610274]",0.5,25,3061.6488331995947
93,"[4.1802826 4.1757541 4.1726432 4.1704779 4.1686268 4.1672487 4.166028
 4.1650438 4.1642561 4.1635079 4.1626811 4.1620512 4.1615391 4.1611061]",0.5,25,3060.5974636583087
94,"[4.1802034 4.1755967 4.1724858 4.1703596 4.1684694 4.1672096 4.1659493
 4.1649652 4.1640201 4.1631145 4.1625237 4.1619329 4.1613426 4.1608305]",0.5,25,3058.948547780084
95,"[4.1801248 4.1756358 4.1725254 4.1703596 4.1686664 4.1672096 4.1659493
 4.1649652 4.1640987 4.1631932 4.1625237 4.1620116 4.1614604 4.1609488]",0.5,25,3057.709519364553
96,"[4.1800461 4.175715  4.1724858 4.1702809 4.1686268 4.1670518 4.1659493
 4.1648865 4.1639805 4.1632323 4.1625237 4.1619329 4.1612635 4.1609092]",0.5,25,3056.393859972198
97,"[4.180243  4.175518  4.1725254 4.1703596 4.1684694 4.1670127 4.166028
 4.1648865 4.1638627 4.1632719 4.1626024 4.1619329 4.1613426 4.1609092]",0.5,25,3055.176304662409
98,"[4.1802034 4.1755967 4.1725645 4.1702809 4.1685877 4.1670914 4.1658311
 4.1648073 4.1640592 4.1631932 4.1625237 4.1619329 4.161303  4.1607909]",0.5,25,3053.7178586816444
99,"[4.1799674 4.1755571 4.1726432 4.1703987 4.168509  4.1672487 4.1658707
 4.1648469 4.1640592 4.1632719 4.1626024 4.1618938 4.1613817 4.1608305]",0.5,25,3052.686212763675
100,"[4.1801643 4.1755571 4.1725645 4.1702809 4.1685877 4.1670127 4.1659102
 4.1646895 4.1638627 4.1631536 4.1625628 4.1618543 4.1613817 4.1607909]",0.5,25,3051.3383090233037
101,"[4.1800461 4.1755571 4.1724072 4.1701627 4.1683512 4.1668549 4.1657524
 4.1647682 4.1638231 4.1631932 4.1622481 4.1617756 4.1611848 4.1607518]",0.5,25,3049.718324665935
102,"[4.180007  4.1754389 4.1723676 4.1702023 4.1683512 4.1670518 4.1656737
 4.1645713 4.1640201 4.1629963 4.1623268 4.161736  4.1612244 4.1606336]",0.5,25,3048.5273806480573
103,"[4.1799674 4.175518  4.1724858 4.1703596 4.1683512 4.166934  4.1656346
 4.1646109 4.1638231 4.1629963 4.1622481 4.1615391 4.1611457 4.1605945]",0.5,25,3047.119241377902
104,"[4.1800857 4.1754785 4.1724072 4.1701231 4.168509  4.1669731 4.1656737
 4.16465   4.1636658 4.162878  4.1621299 4.1618147 4.1610665 4.1605153]",0.5,25,3045.771381404079
105,"[4.1799674 4.1754389 4.1724072 4.1702809 4.1683121 4.1668944 4.1656737
 4.16465   4.1637836 4.1629176 4.1621299 4.1615787 4.1609488 4.1604762]",0.5,25,3044.4984344714367
106,"[4.1801248 4.1755967 4.1724072 4.1702023 4.1684694 4.1669731 4.1655951
 4.1647286 4.1638231 4.1629963 4.1624842 4.1618147 4.1611457 4.1607122]",0.5,25,3043.4153905563703
107,"[4.1799674 4.1755571 4.1724858 4.1702809 4.1684694 4.166934  4.1657133
 4.1647682 4.1638627 4.1629176 4.1623268 4.1616573 4.1610665 4.1605945]",0.5,25,3041.982981524249
108,"[4.1800461 4.175518  4.1724072 4.1702809 4.1683121 4.1670914 4.1656737
 4.1646109 4.1637836 4.1629567 4.1621695 4.1616969 4.1609488 4.1605549]",0.5,25,3040.777808552247
109,"[4.180007  4.175518  4.1724467 4.1702809 4.1684694 4.1670518 4.165792
 4.1647682 4.1638231 4.162878  4.1622481 4.1616573 4.1611457 4.1606336]",0.5,25,3039.3361282558863
110,"[4.1800461 4.1754389 4.1723285 4.170084  4.1681938 4.166934  4.1654768
 4.1645317 4.1636262 4.162878  4.1620116 4.1614604 4.1610665 4.160358 ]",0.5,25,3037.742160406762
111,"[4.1798887 4.1753602 4.1723285 4.1702023 4.1683512 4.1668944 4.1655951
 4.1646109 4.1636658 4.1629567 4.1622086 4.1615391 4.1609092 4.1605153]",0.5,25,3036.636594240588
112,"[4.17981   4.1752815 4.1722889 4.1702023 4.1683121 4.1668158 4.1655951
 4.1644926 4.1634688 4.1627994 4.1620116 4.161303  4.1608305 4.160358 ]",0.5,25,3035.125254388023
113,"[4.1800461 4.1753602 4.1723676 4.1701231 4.1683512 4.1668944 4.1657133
 4.1646895 4.1636658 4.1629176 4.1621299 4.1615391 4.1609092 4.1604366]",0.5,25,3033.899142625194
114,"[4.1799674 4.1754389 4.1724467 4.1701627 4.1683512 4.1668944 4.1656737
 4.1646895 4.1636658 4.1629176 4.1620512 4.1616182 4.1609879 4.1605549]",0.5,25,3032.773434389785
115,"[4.1799278 4.1754389 4.1723676 4.1700444 4.1682334 4.1668158 4.1655951
 4.16465   4.1635475 4.1628385 4.1621299 4.1615    4.1609488 4.1603184]",0.5,25,3031.080134704181
116,"[4.1798887 4.1754785 4.1722889 4.170084  4.1683121 4.1668944 4.1656737
 4.164453  4.1635866 4.1627994 4.1622086 4.1615787 4.1608305 4.1604762]",0.5,25,3029.642405788168
117,"[4.1799674 4.1752815 4.1722889 4.1700444 4.1681938 4.1668158 4.1655951
 4.1645713 4.1636262 4.1629176 4.1621695 4.1615    4.1609488 4.1604366]",0.5,25,3028.357822815214
118,"[4.1798887 4.1753211 4.1723285 4.1700053 4.1682725 4.1667371 4.1655555
 4.1645713 4.1635866 4.1627598 4.1620908 4.1615787 4.1607909 4.160358 ]",0.5,25,3026.843258897569
119,"[4.180007  4.1753211 4.1722889 4.1700444 4.1681938 4.1667371 4.1655951
 4.1645713 4.1635079 4.1628385 4.1619725 4.1614213 4.1609092 4.1603184]",0.5,25,3025.326040226375
120,"[4.1798887 4.1753998 4.1723676 4.1699657 4.1682334 4.1668944 4.1657133
 4.1645317 4.1636658 4.1629176 4.1619725 4.1615391 4.1608701 4.160358 ]",0.5,25,3024.2030137079546
121,"[4.17981   4.1752028 4.1722889 4.1700444 4.1683908 4.1667371 4.1655164
 4.1644926 4.1635079 4.1627994 4.1620512 4.1614604 4.1607909 4.160358 ]",0.5,25,3022.794005608181
122,"[4.1797705 4.1753602 4.1723285 4.1699266 4.1682725 4.1669731 4.1655555
 4.1644926 4.1635866 4.1628385 4.1620512 4.1614213 4.1607909 4.1602397]",0.5,25,3021.371657961696
123,"[4.1797705 4.1753211 4.172092  4.1698475 4.1680365 4.1666188 4.1655951
 4.1643348 4.1635079 4.162642  4.1620116 4.1613817 4.1607909 4.1602397]",0.5,25,3019.799648918999
124,"[4.1796918 4.1753211 4.1722498 4.1700053 4.1681547 4.1668549 4.1654377
 4.1644139 4.1635866 4.1627994 4.1620116 4.1614604 4.1608701 4.1602397]",0.5,25,3018.351362707791
125,"[4.17981   4.1753211 4.1722102 4.1699657 4.1681938 4.1666188 4.1653981
 4.1643744 4.1635475 4.1627207 4.1618938 4.161303  4.1606336 4.1602006]",0.5,25,3016.8962016423907
126,"[4.1797309 4.1751633 4.1721706 4.1699657 4.1682334 4.1666975 4.1655555
 4.1644926 4.1635866 4.1627207 4.1620116 4.1615391 4.1609092 4.1603184]",0.5,25,3015.5453786584508
127,"[4.1796918 4.1751633 4.1721315 4.1698475 4.1681547 4.1666188 4.1653981
 4.164453  4.1634293 4.162642  4.1620116 4.161303  4.1607518 4.160161 ]",0.5,25,3013.925586683622
128,"[4.1796522 4.1750846 4.1721315 4.1698475 4.1681547 4.1665401 4.1654768
 4.1643348 4.1634293 4.162642  4.1618938 4.1611848 4.1607122 4.160161 ]",0.5,25,3012.337790448812
129,"[4.1796522 4.1752028 4.1721706 4.1698871 4.1680365 4.1665401 4.1654377
 4.1641774 4.1634293 4.1624842 4.1619329 4.1612635 4.1607122 4.1602006]",0.5,25,3010.929920562881
130,"[4.1796522 4.1752424 4.172092  4.1700053 4.1680756 4.1666584 4.1653585
 4.1643744 4.1634688 4.162642  4.1619725 4.161303  4.1607518 4.1601219]",0.5,25,3009.77678296319
131,"[4.1796522 4.1750846 4.1721315 4.1697688 4.1679578 4.1664615 4.1653194
 4.1642561 4.1632323 4.162642  4.1618147 4.1611848 4.1607122 4.1601219]",0.5,25,3008.0604739025844
132,"[4.1796522 4.1752815 4.1721315 4.1697688 4.1679578 4.1665792 4.1653981
 4.164217  4.1634293 4.1625628 4.1618147 4.1611848 4.1606731 4.1600823]",0.5,25,3006.625493020292
133,"[4.1796918 4.1751633 4.1721315 4.1698871 4.1679969 4.1666188 4.1653981
 4.1642957 4.1633902 4.1624842 4.161736  4.1612635 4.1607122 4.1600428]",0.5,25,3005.2035778993013
134,"[4.1796522 4.1751242 4.172092  4.1698475 4.1679578 4.1665006 4.1653981
 4.1642957 4.1633506 4.1625237 4.1619329 4.1611457 4.1606336 4.160161 ]",0.5,25,3003.768806847871
135,"[4.1796522 4.1750846 4.1718559 4.1697688 4.1678395 4.1664219 4.1651621
 4.1641774 4.1631145 4.1623664 4.1616182 4.1609879 4.1604762 4.159925 ]",0.5,25,3001.964835533719
136,"[4.1796522 4.1750059 4.1721315 4.1698084 4.1680365 4.1664615 4.1653585
 4.1640987 4.1632323 4.1625628 4.161736  4.1610665 4.1606731 4.1601219]",0.5,25,3000.641989936525
137,"[4.1796131 4.1750059 4.1719346 4.1696901 4.1678786 4.1665401 4.1652012
 4.1642561 4.1631145 4.1624055 4.1616969 4.1609879 4.1604762 4.1600037]",0.5,25,2999.187117637262
138,"[4.1795344 4.1750059 4.1720529 4.1696115 4.1678395 4.1662645 4.1651621
 4.1639414 4.163075  4.1622481 4.1616182 4.1608701 4.1603184 4.1598463]",0.5,25,2997.479005116105
139,"[4.1796918 4.1751242 4.1719742 4.1697297 4.1678786 4.1663828 4.1651225
 4.164217  4.1632323 4.1623268 4.1615    4.1609488 4.1603975 4.1596885]",0.5,25,2996.149625478515
140,"[4.1796522 4.1749668 4.1744547 4.1744547 4.1737461 4.1736279 4.1707139
 4.1687846 4.1669731 4.1654768 4.1642957 4.1632719 4.1623268 4.1615   ]",0.5,25,2995.210606392416
141,"[4.1794949 4.1748486 4.1716986 4.1693358 4.1677213 4.1660676 4.1648469
 4.1637836 4.1629567 4.1621695 4.161303  4.1607518 4.1601219 4.1597281]",0.5,25,2992.648654873455
142,"[4.1794162 4.1749668 4.1718559 4.1694145 4.1677213 4.1663036 4.1650438
 4.1640201 4.1629567 4.1621695 4.1614213 4.1607909 4.1602793 4.1595707]",0.5,25,2991.160365295276
143,"[4.1794553 4.174809  4.1718163 4.1695328 4.1676426 4.1663036 4.1650043
 4.1639018 4.163075  4.1621299 4.1614604 4.1607518 4.1602793 4.1597281]",0.5,25,2989.715378687068
144,"[4.1794162 4.1747699 4.1715803 4.1693358 4.1674852 4.1661067 4.1647682
 4.1636658 4.1627994 4.1619329 4.1613426 4.1606731 4.1601219 4.1594915]",0.5,25,2987.797484149984
145,"[4.1794162 4.1748486 4.1717377 4.1694932 4.1675243 4.1659889 4.1648073
 4.1637836 4.1627598 4.1620116 4.1612244 4.1606731 4.1600428 4.1594915]",0.5,25,2986.270332941623
146,"[4.1792979 4.1748486 4.1716986 4.1694541 4.1675639 4.1660676 4.1648469
 4.1637049 4.162878  4.1620116 4.1613426 4.1606731 4.1600037 4.1594915]",0.5,25,2984.672333592121
147,"[4.1794162 4.1747699 4.1716194 4.1693358 4.1676822 4.166028  4.1648073
 4.1636658 4.162878  4.1619725 4.161303  4.1606336 4.1599641 4.1595311]",0.5,25,2982.930679720866
148,"[4.1794553 4.1746907 4.171659  4.1694145 4.167603  4.1659493 4.1647682
 4.1637049 4.1627598 4.1620116 4.1612244 4.1605945 4.1599641 4.1594524]",0.5,25,2981.3989330209724
149,"[4.1793375 4.1747303 4.1716194 4.1694145 4.1674852 4.1659493 4.1646895
 4.1636658 4.1627598 4.1618543 4.1611848 4.1603975 4.159925  4.1593738]",0.5,25,2979.515246815592
150,"[4.1794553 4.1747303 4.1717772 4.1693749 4.1675639 4.1659889 4.1646895
 4.1637049 4.1627207 4.1618938 4.1611848 4.1605153 4.1598463 4.1593738]",0.5,25,2977.81591544325
151,"[4.1792192 4.174612  4.1715407 4.1692176 4.1674457 4.1659889 4.1645713
 4.1636262 4.1624842 4.1616969 4.1609488 4.1602006 4.1596494 4.1592159]",0.5,25,2975.6948897513817
152,"[4.1793375 4.174612  4.1715016 4.1692572 4.1674457 4.1659889 4.1646109
 4.1636262 4.162642  4.1617756 4.1610274 4.1603184 4.1597281 4.1591768]",0.5,25,2974.018922599421
153,"[4.1792588 4.1747303 4.1716986 4.1692572 4.1674066 4.1659493 4.1647286
 4.1636262 4.1626811 4.1617756 4.1611061 4.160358  4.1597281 4.1593342]",0.5,25,2972.312733244496
154,"[4.1792588 4.174612  4.1715016 4.1693749 4.167367  4.1659889 4.16465
 4.1635866 4.162642  4.1617756 4.1609879 4.1603184 4.1597281 4.1592555]",0.5,25,2970.2901364843738
155,"[4.1792588 4.1744943 4.1714621 4.1691389 4.1673274 4.165792  4.1645317
 4.1634293 4.1625237 4.1616182 4.1609092 4.1603184 4.1596494 4.1590586]",0.5,25,2968.242813528374
156,"[4.1792588 4.1744943 4.1714621 4.1692176 4.1673274 4.165792  4.1645317
 4.1635866 4.1625237 4.161736  4.1608701 4.160358  4.1596098 4.1591372]",0.5,25,2966.4184640408
157,"[4.179101  4.1745334 4.171423  4.1691785 4.1671305 4.1657133 4.1643348
 4.1632719 4.1624842 4.1616182 4.1608305 4.1600823 4.1594915 4.159019 ]",0.5,25,2964.577633143173
158,"[4.1792588 4.174612  4.1715016 4.1690602 4.1672487 4.165792  4.1645713
 4.1634688 4.1625237 4.1616573 4.1608701 4.1602397 4.1596098 4.1590981]",0.5,25,2963.0946535011103
159,"[4.1792588 4.1745729 4.1715016 4.1690993 4.1672096 4.1657133 4.164453
 4.1633902 4.1624055 4.1616969 4.1609092 4.160358  4.1597672 4.1591768]",0.5,25,2960.745761939153
160,"[4.1791797 4.174612  4.1713834 4.1690993 4.1672096 4.1657133 4.1643348
 4.163311  4.1624451 4.1615391 4.1607122 4.1600823 4.1594524 4.1589012]",0.5,25,2958.423247922226
161,"[4.179101  4.1745334 4.1715016 4.1690602 4.1672883 4.1658311 4.16465
 4.1633506 4.1624842 4.1615391 4.1608305 4.1602006 4.1595311 4.1589403]",0.5,25,2956.4956454927587
162,"[4.179101  4.1745334 4.171423  4.1690993 4.1671305 4.1656346 4.1644139
 4.1633506 4.1623664 4.1616969 4.1607122 4.1600823 4.1594129 4.1589799]",0.5,25,2954.080242354597
163,"[4.1789827 4.174376  4.171226  4.1690207 4.1671305 4.1656346 4.1644139
 4.163311  4.1623268 4.1615    4.1606731 4.1599641 4.1594524 4.1589403]",0.5,25,2951.7987429985906
164,"[4.1790619 4.1742973 4.1710682 4.168942  4.1670518 4.1655951 4.1643348
 4.1631536 4.1623268 4.1614213 4.1606731 4.1599641 4.1592555 4.1588616]",0.5,25,2949.453983829619
165,"[4.1790619 4.1742973 4.1713047 4.1688237 4.1671305 4.1656346 4.1644139
 4.1632719 4.1623664 4.1614213 4.1607122 4.1601219 4.1594129 4.1588225]",0.5,25,2947.553998513861
166,"[4.179101  4.174376  4.1712651 4.1690207 4.1670518 4.1655555 4.1643348
 4.1632719 4.1623268 4.1615391 4.1606336 4.1600823 4.1594524 4.158783 ]",0.5,25,2945.387195514728
167,"[4.1789436 4.1742578 4.1711864 4.1688237 4.1670914 4.1655951 4.1642957
 4.1632719 4.1622872 4.1613426 4.1606336 4.1599641 4.1592555 4.1587043]",0.5,25,2943.134575877688
168,"[4.178865  4.1742973 4.1709895 4.1688633 4.1668944 4.1654768 4.1640987
 4.1629963 4.1620116 4.1611848 4.1605945 4.1598067 4.1591768 4.1586256]",0.5,25,2940.9273450134306
169,"[4.178865  4.1740217 4.1709895 4.1686268 4.1667762 4.1652799 4.1639805
 4.1629176 4.1619329 4.1611457 4.1603184 4.1596494 4.1589799 4.1585073]",0.5,25,2938.464516842721
170,"[4.1789436 4.1742578 4.1711469 4.168745  4.1669731 4.1654768 4.1641774
 4.1631932 4.1619725 4.1611457 4.1604366 4.1597281 4.1591768 4.1585464]",0.5,25,2936.809418387588
171,"[4.178865  4.1742187 4.1710682 4.1687846 4.1669731 4.1653194 4.1640987
 4.163075  4.1619725 4.1611457 4.1604366 4.1598067 4.1591768 4.158586 ]",0.5,25,2934.7080034166133
172,"[4.1787863 4.1741395 4.1710291 4.1687059 4.1668549 4.1653194 4.1639018
 4.162878  4.1619329 4.1611457 4.160358  4.1596494 4.1590586 4.1583891]",0.5,25,2932.60969585029
173,"[4.1789436 4.1741395 4.1709108 4.1686664 4.1667371 4.1652012 4.1639018
 4.1627994 4.1618543 4.1610665 4.160161  4.1596098 4.1589799 4.15835  ]",0.5,25,2930.458727017414
174,"[4.1789041 4.1741395 4.1710682 4.1686664 4.1667371 4.1650829 4.1638627
 4.1628385 4.1617756 4.1610274 4.160161  4.1595707 4.1589799 4.1583891]",0.5,25,2928.476238805608
175,"[4.178865  4.1739821 4.1710291 4.1684694 4.1667371 4.1651621 4.1638231
 4.162642  4.1616573 4.1608701 4.160161  4.1594129 4.1588616 4.1583891]",0.5,25,2926.509099782852
176,"[4.1787863 4.1741004 4.1708713 4.1684694 4.1666188 4.1651621 4.1639018
 4.1626811 4.1617756 4.1608701 4.1601219 4.1594524 4.1588225 4.1582708]",0.5,25,2924.656455747882
177,"[4.1787071 4.1739821 4.1709895 4.1684694 4.1666188 4.1652012 4.1637836
 4.1626811 4.1617756 4.1608701 4.1600823 4.1594129 4.1587043 4.1581922]",0.5,25,2922.6816572017383
178,"[4.1787467 4.1739821 4.1708322 4.1684694 4.1665401 4.1649652 4.1637444
 4.162642  4.1616573 4.1607518 4.1599641 4.1592946 4.1585464 4.1581135]",0.5,25,2920.675096333004
179,"[4.178668  4.1740217 4.1707926 4.1684694 4.1665792 4.1650829 4.1638231
 4.1626024 4.1616573 4.1608701 4.159925  4.1594129 4.1587434 4.1580744]",0.5,25,2919.0476283475764
180,"[4.1785893 4.1738639 4.1706748 4.1683908 4.1663432 4.1648865 4.1636262
 4.1624842 4.1616969 4.1605549 4.1598463 4.1591372 4.1587043 4.1579561]",0.5,25,2916.9915663597258
181,"[4.1787071 4.1739035 4.1707926 4.1683512 4.1663828 4.1649256 4.1637049
 4.1626024 4.1614213 4.1606731 4.159925  4.1592946 4.158586  4.1580348]",0.5,25,2915.616176233045
182,"[4.1787071 4.1739035 4.1707535 4.1683908 4.1663828 4.1649256 4.1636262
 4.1625237 4.1615787 4.1605945 4.1598067 4.1592159 4.158586  4.1579165]",0.5,25,2914.29152602824
183,"[4.1785893 4.1738248 4.1706748 4.1681547 4.1663432 4.1647682 4.1635475
 4.1623664 4.1613817 4.1605549 4.1597672 4.1591768 4.1583891 4.1577592]",0.5,25,2912.775653784315
184,"[4.1785107 4.1738639 4.1706748 4.1683512 4.1663828 4.1648865 4.1635475
 4.1623664 4.1613817 4.1605153 4.1597672 4.1589799 4.15835   4.1578379]",0.5,25,2911.281414586861
185,"[4.1785893 4.1737461 4.1707139 4.1682725 4.1663432 4.1647682 4.1635475
 4.1624055 4.1613817 4.1604762 4.1596494 4.1589012 4.1583104 4.1577592]",0.5,25,2909.957690558809
186,"[4.1785893 4.1737852 4.1706352 4.1681938 4.1663432 4.1647682 4.1635475
 4.1622086 4.1612635 4.1603975 4.1595311 4.1589799 4.15835   4.1576409]",0.5,25,2908.686257137588
187,"[4.1784711 4.173667  4.1704779 4.1680756 4.1662645 4.1647286 4.163311
 4.1622481 4.1611848 4.1602793 4.1594524 4.1588225 4.1581922 4.1576409]",0.5,25,2907.186077869873
188,"[4.1783924 4.1734705 4.1703596 4.1678786 4.1659889 4.1644926 4.1631536
 4.1621299 4.1610665 4.1600823 4.1593342 4.1587043 4.1579165 4.1574049]",0.5,25,2905.842505603705
189,"[4.1784315 4.173667  4.1704383 4.1679969 4.1661463 4.1644139 4.1631145
 4.1620116 4.1609879 4.1600823 4.1594129 4.1586256 4.1579952 4.1574049]",0.5,25,2904.677294634604
190,"[4.1784315 4.1735492 4.1704383 4.1679578 4.166028  4.1645317 4.1631932
 4.1620512 4.1609879 4.1600823 4.1593342 4.1585464 4.1578379 4.157444 ]",0.5,25,2903.3203694166414
191,"[4.1783137 4.1735883 4.1704383 4.1681151 4.1661067 4.1644139 4.1631145
 4.1618938 4.1609879 4.1601219 4.1593342 4.1585073 4.1579561 4.1573262]",0.5,25,2902.164466347657
192,"[4.1784315 4.1734705 4.17032   4.1679182 4.1659493 4.1643348 4.1631145
 4.1619329 4.1608701 4.1600037 4.1592555 4.1585464 4.1579165 4.1572866]",0.5,25,2900.825003067085
193,"[4.1783528 4.1735492 4.17032   4.1678786 4.166028  4.1642957 4.1629963
 4.1619725 4.1609092 4.1600037 4.1592159 4.1583891 4.1577983 4.1573262]",0.5,25,2899.5180143779826
1,"[4.181478  4.1768708 4.1738782 4.1716342 4.1696653 4.1682868 4.1669483
 4.1660428 4.1649795 4.1642313 4.1635618 4.1628923 4.1622233 4.1616325]",0.5,25,3212.158383724634
2,"[4.1816354 4.1771073 4.1739178 4.1717129 4.1697831 4.1684051 4.1671844
 4.1661215 4.1651764 4.1645069 4.1636801 4.1630893 4.162499  4.1619477]",0.5,25,3215.174330854493
3,"[4.1815176 4.1770678 4.174036  4.1716342 4.169744  4.1684051 4.1671844
 4.1661215 4.1651368 4.1645069 4.1637588 4.1630893 4.1626954 4.1621051]",0.5,25,3215.7538338785807
4,"[4.181478  4.1769104 4.1739964 4.1717916 4.1700196 4.168602  4.1673813
 4.1662788 4.1654911 4.1644673 4.1637983 4.1632862 4.1628137 4.1622624]",0.5,25,3216.5721080773938
5,"[4.1815176 4.17695   4.174036  4.1718307 4.16998   4.168602  4.1673813
 4.1662002 4.1655307 4.1646252 4.1639953 4.1633649 4.1628137 4.1622233]",0.5,25,3216.0563880829527
6,"[4.1814384 4.1768708 4.1738782 4.1716342 4.1700587 4.1684837 4.1674995
 4.1663184 4.1654124 4.1645069 4.1639557 4.1634436 4.1626954 4.1621442]",0.5,25,3214.413533509524
7,"[4.1813993 4.1768708 4.1738782 4.1715946 4.1699409 4.1684051 4.1670666
 4.1661215 4.1655307 4.1644282 4.1639161 4.1632471 4.1626167 4.1622624]",0.5,25,3212.307439723173
8,"[4.1813598 4.1769104 4.1738782 4.1716733 4.16998   4.1684051 4.1671844
 4.1663184 4.165452  4.1646643 4.163877  4.1633649 4.1627746 4.1623411]",0.5,25,3211.085458233371
9,"[4.1813207 4.1769104 4.1739178 4.1716733 4.1699409 4.1684837 4.1674209
 4.1662393 4.1654124 4.1646252 4.1639557 4.1633258 4.1628532 4.1623807]",0.5,25,3209.32560583062
10,"[4.1813207 4.176753  4.1738782 4.171555  4.1699014 4.168366  4.1671453
 4.1662002 4.1652551 4.1646643 4.1639161 4.1633258 4.162735  4.1622233]",0.5,25,3207.4269173322227
11,"[4.1813993 4.1766739 4.1736422 4.1715159 4.1698227 4.1682868 4.1672239
 4.1661606 4.1652946 4.1643887 4.1637983 4.1631289 4.162735  4.1622233]",0.5,25,3204.9587032094983
12,"[4.1813207 4.1768317 4.1737604 4.1716733 4.1699014 4.1684837 4.167263
 4.1662393 4.1653733 4.1646252 4.1640344 4.1633649 4.1628532 4.1622233]",0.5,25,3202.797010968017
13,"[4.1811628 4.176753  4.1737604 4.1716342 4.1697831 4.1684837 4.1671057
 4.1661606 4.1652155 4.1643887 4.1637588 4.163168  4.1626167 4.1622233]",0.5,25,3200.386094289683
14,"[4.1813207 4.1767921 4.1738391 4.1715159 4.1698227 4.1684837 4.1671844
 4.1660819 4.1654911 4.1645465 4.1639161 4.1632075 4.1628137 4.1623411]",0.5,25,3198.144567480064
15,"[4.1812811 4.17695   4.1737604 4.1714764 4.1698623 4.168366  4.1671453
 4.1661606 4.1652946 4.1644673 4.1639953 4.1632862 4.1628532 4.162499 ]",0.5,25,3195.2976013065613
16,"[4.1813598 4.1767921 4.1737995 4.1715946 4.1700196 4.1684051 4.1673026
 4.1663575 4.1653337 4.1646252 4.1638374 4.1632862 4.1626563 4.162302 ]",0.5,25,3193.248589893662
17,"[4.1811237 4.1766348 4.1737604 4.1714764 4.169744  4.1682868 4.1671057
 4.1661215 4.1651368 4.1643887 4.1636801 4.1631289 4.1626954 4.1621051]",0.5,25,3190.6916570940507
18,"[4.1812811 4.176753  4.1737995 4.1714764 4.1697044 4.1683264 4.1671057
 4.1662002 4.1652551 4.1643887 4.1638374 4.1632075 4.162735  4.1621442]",0.5,25,3188.638665176457
19,"[4.1810055 4.1765952 4.1736026 4.1713977 4.1695867 4.1680903 4.1669874
 4.1659245 4.1650977 4.1642709 4.1637197 4.1630502 4.1625776 4.1619477]",0.5,25,3186.200710011122
20,"[4.1812415 4.176753  4.1737995 4.1713977 4.1697044 4.1682477 4.1671057
 4.1659636 4.1652946 4.1645465 4.1637588 4.1631289 4.162735  4.1621838]",0.5,25,3184.136976976996
21,"[4.1810842 4.1766348 4.1735635 4.1714764 4.169744  4.1682081 4.1670666
 4.1660032 4.1650581 4.1643496 4.1636014 4.163168  4.1625776 4.1620264]",0.5,25,3181.655425291748
22,"[4.1810451 4.1766348 4.1737208 4.1713977 4.1696258 4.1682081 4.1669874
 4.1660032 4.1650581 4.1642313 4.1636405 4.163168  4.1623807 4.1620264]",0.5,25,3179.6442322174767
23,"[4.1811237 4.1765561 4.1737208 4.1714373 4.169744  4.1682868 4.1671057
 4.1659636 4.1651368 4.1643887 4.1638374 4.1632471 4.1625381 4.1621838]",0.5,25,3177.754853611656
24,"[4.1810842 4.1766348 4.1735239 4.1714373 4.1696653 4.1682868 4.1670666
 4.1660032 4.1650977 4.1643887 4.1637197 4.1632075 4.1626167 4.1620655]",0.5,25,3175.563468296849
25,"[4.1810451 4.1764774 4.1735239 4.171319  4.1695075 4.1680903 4.1669087
 4.1660032 4.1650581 4.1642313 4.1636405 4.1630502 4.162499  4.1620264]",0.5,25,3173.043026197237
26,"[4.1810842 4.1765952 4.1735635 4.1712403 4.1696653 4.168169  4.167027
 4.1660819 4.1651368 4.1643496 4.1636801 4.1629319 4.1625381 4.1619868]",0.5,25,3170.683945735136
27,"[4.1810842 4.1765561 4.1734848 4.171319  4.1695471 4.168169  4.166791
 4.1659636 4.1649795 4.1639953 4.1636014 4.1630106 4.1623807 4.1619868]",0.5,25,3168.318654780949
28,"[4.1810451 4.1765165 4.1736422 4.1713586 4.1695867 4.1682081 4.1670666
 4.1659636 4.1650977 4.16431   4.1637983 4.1630106 4.1625381 4.1619477]",0.5,25,3166.5588185144047
29,"[4.1811237 4.1765952 4.1735635 4.1711617 4.1695075 4.1681294 4.1668696
 4.1659636 4.1650977 4.1641917 4.1636405 4.1628532 4.162499  4.1620655]",0.5,25,3164.339108262669
30,"[4.1810842 4.1764774 4.1734452 4.171319  4.1694684 4.1680508 4.1668301
 4.1657672 4.1649008 4.16431   4.1634831 4.1629319 4.1623807 4.1619081]",0.5,25,3162.504725107285
31,"[4.1809659 4.1765165 4.1734452 4.1711221 4.169311  4.1680112 4.1667514
 4.165885  4.1648612 4.163877  4.1633258 4.1627746 4.1621838 4.1618686]",0.5,25,3160.1288746154823
32,"[4.1811628 4.1763983 4.1734848 4.1712403 4.1695471 4.1679721 4.1669483
 4.1658063 4.1650581 4.1642313 4.1636801 4.1630106 4.1623807 4.1619477]",0.5,25,3158.374646683621
33,"[4.1809268 4.1764774 4.1734452 4.1710825 4.1693501 4.1679325 4.1667514
 4.1658063 4.1648612 4.1640739 4.1633649 4.1628137 4.1622233 4.1617508]",0.5,25,3156.3927811804188
34,"[4.1809268 4.1763592 4.1734061 4.1710434 4.1694288 4.1680112 4.1667514
 4.165688  4.1648221 4.1641526 4.1634045 4.1627746 4.162302  4.1616716]",0.5,25,3154.4603995557977
35,"[4.1808481 4.1763592 4.1734848 4.1712008 4.1694288 4.1678934 4.1667514
 4.165688  4.1647434 4.1640344 4.1632862 4.1628137 4.1621838 4.1616325]",0.5,25,3152.609268916831
36,"[4.1809268 4.1764774 4.1734848 4.1710825 4.1693501 4.1680112 4.1667514
 4.1656489 4.1649008 4.1641917 4.1634436 4.1628532 4.1621838 4.1619081]",0.5,25,3151.034454226886
37,"[4.1809659 4.1763983 4.1733665 4.1711221 4.1693501 4.1678934 4.1667514
 4.1657672 4.1649008 4.1641526 4.1633649 4.1628137 4.1621838 4.1617899]",0.5,25,3148.9792236570925
38,"[4.1808481 4.1763592 4.1732092 4.1710825 4.1691532 4.1676965 4.1666331
 4.165452  4.1645465 4.1640344 4.1631289 4.1624594 4.1620655 4.1615143]",0.5,25,3146.94965373223
39,"[4.1808085 4.1763196 4.1732483 4.1710038 4.169311  4.1676965 4.1666727
 4.1655703 4.1646252 4.1639953 4.1632862 4.1626954 4.1620264 4.1617112]",0.5,25,3145.12524383138
40,"[4.1807694 4.1763196 4.1732879 4.1710434 4.169311  4.1677752 4.1667514
 4.1658063 4.1648612 4.1640739 4.1632471 4.162735  4.162302  4.1616325]",0.5,25,3143.393095195175
41,"[4.1808085 4.1761227 4.1730909 4.1710038 4.1691928 4.1675782 4.1664362
 4.1654124 4.1645069 4.1637197 4.163168  4.1624594 4.1619868 4.1615143]",0.5,25,3141.51783257216
42,"[4.1808481 4.1761227 4.1732879 4.1710825 4.1691532 4.1678147 4.1666331
 4.1656094 4.1647434 4.1639161 4.1632075 4.1626954 4.1621442 4.161593 ]",0.5,25,3139.874999230956
43,"[4.1807694 4.1762018 4.1731696 4.1710434 4.1691532 4.1676965 4.166594
 4.1655307 4.1645856 4.1638374 4.1632075 4.1625381 4.1621051 4.1616325]",0.5,25,3138.06080850423
44,"[4.1807694 4.1761622 4.1730514 4.1708069 4.1691532 4.1675782 4.1663971
 4.165452  4.1645465 4.1637983 4.163168  4.1623807 4.1618295 4.1614752]",0.5,25,3136.2155158698183
45,"[4.1807299 4.1760836 4.1730123 4.170886  4.1689959 4.1676569 4.1665154
 4.1652551 4.1643887 4.1637197 4.1629715 4.162499  4.1619081 4.1614356]",0.5,25,3134.460275869956
46,"[4.1806512 4.1761622 4.1731305 4.1709251 4.1689563 4.1676569 4.1663575
 4.165452  4.1645465 4.1637983 4.1630106 4.1624594 4.1619477 4.1615143]",0.5,25,3132.801475072427
47,"[4.1807694 4.1760836 4.1731696 4.1709647 4.1690745 4.1676965 4.1664362
 4.165452  4.1645069 4.163877  4.1632471 4.1624594 4.1619081 4.1615143]",0.5,25,3131.3880061532955
48,"[4.1806903 4.1761622 4.1730909 4.1708465 4.1691141 4.1677356 4.1665154
 4.1654124 4.1646252 4.1637197 4.1630106 4.162499  4.1619477 4.1615143]",0.5,25,3129.685307126601
49,"[4.1807694 4.1761622 4.173327  4.170886  4.1690745 4.1676569 4.1664362
 4.165452  4.1645069 4.1637983 4.1631289 4.162499  4.1618686 4.1615539]",0.5,25,3128.213363606772
50,"[4.1806512 4.1762018 4.1730514 4.170886  4.169035  4.1676178 4.1663971
 4.1653733 4.1645465 4.1637197 4.1630502 4.162499  4.1619477 4.1614356]",0.5,25,3126.438017481148
51,"[4.1806116 4.1760836 4.1732092 4.1706495 4.1690745 4.1673422 4.1663184
 4.1652551 4.1645069 4.1636405 4.1628532 4.1623411 4.1618295 4.1612782]",0.5,25,3124.555011711699
52,"[4.1808085 4.176044  4.1730123 4.1708069 4.1689959 4.1676178 4.1664758
 4.1654124 4.1643887 4.1637588 4.1629715 4.1624594 4.1619081 4.1613569]",0.5,25,3123.1820954002537
53,"[4.1804938 4.176044  4.1730123 4.1708069 4.1689563 4.1675782 4.1663575
 4.1653337 4.1643887 4.1636405 4.1630106 4.1624198 4.1617508 4.1612782]",0.5,25,3121.626743665771
54,"[4.1806512 4.1760836 4.1730123 4.1708069 4.1689563 4.1675391 4.1663575
 4.1652551 4.1645069 4.1636801 4.1629715 4.1624594 4.1617112 4.1614356]",0.5,25,3120.010899634468
55,"[4.1805329 4.1759653 4.172894  4.1706495 4.1687989 4.1674209 4.1661215
 4.1651764 4.16431   4.1634436 4.1627746 4.1621838 4.1617112 4.1611996]",0.5,25,3118.1381279763423
56,"[4.1804938 4.1760049 4.172894  4.1708069 4.1688385 4.16746   4.1662788
 4.1653337 4.1644282 4.1636405 4.1629319 4.1622624 4.1616716 4.1612387]",0.5,25,3117.003865834693
57,"[4.1806116 4.176044  4.1730123 4.1707282 4.1689172 4.1675782 4.1662002
 4.1652946 4.1644282 4.1636014 4.1629319 4.162302  4.1617112 4.1612782]",0.5,25,3115.536523848607
58,"[4.1804147 4.1760836 4.172894  4.1706495 4.1688776 4.1673813 4.1661606
 4.1652155 4.1642313 4.1634831 4.1628923 4.1622624 4.1616716 4.16116  ]",0.5,25,3113.974376718752
59,"[4.1804938 4.1760049 4.1727757 4.1706104 4.1687989 4.1673026 4.1660819
 4.1651764 4.1642313 4.1634436 4.1628532 4.1621442 4.1615143 4.1610417]",0.5,25,3112.4122148398164
60,"[4.1804938 4.1759262 4.172894  4.1706495 4.1687593 4.1673813 4.1660428
 4.1650581 4.1643496 4.1635618 4.1627746 4.1622233 4.161593  4.16116  ]",0.5,25,3110.8619418869343
61,"[4.1804543 4.1759262 4.1729336 4.1706104 4.1687593 4.167263  4.1662002
 4.165019  4.1641526 4.1634045 4.1626954 4.1620655 4.1615539 4.1610026]",0.5,25,3109.273555322537
62,"[4.1804543 4.175808  4.1728153 4.1706495 4.1687989 4.167263  4.1660428
 4.1649795 4.1641526 4.1633649 4.1626954 4.1622233 4.1615539 4.1610026]",0.5,25,3107.93506495402
63,"[4.1803756 4.1757293 4.1727757 4.1705709 4.1687202 4.1671844 4.1659245
 4.1649399 4.164113  4.1632862 4.1626954 4.1620264 4.161396  4.1610026]",0.5,25,3106.455626304932
64,"[4.1805725 4.1758866 4.1728544 4.1706891 4.1687989 4.16746   4.1663184
 4.1651368 4.1642709 4.1634831 4.1626954 4.1621838 4.1616716 4.16116  ]",0.5,25,3105.466592196996
65,"[4.1804147 4.175808  4.1728153 4.1705709 4.1686807 4.1673026 4.1661606
 4.1650977 4.1641526 4.1634045 4.1626954 4.1619868 4.1614752 4.1610813]",0.5,25,3103.751987135822
66,"[4.1803756 4.1759262 4.1727366 4.1706104 4.1689172 4.1673422 4.1661606
 4.1652155 4.1641917 4.1634831 4.1628137 4.1621838 4.1615539 4.1611204]",0.5,25,3102.58782147298
67,"[4.1805329 4.1757684 4.1726971 4.1704526 4.168602  4.1671844 4.1659636
 4.1649399 4.1641917 4.1634436 4.1625776 4.1619477 4.161396  4.1608057]",0.5,25,3101.007901195069
68,"[4.1804147 4.1760049 4.1728544 4.1706891 4.1689563 4.1673422 4.1662002
 4.1652155 4.1642313 4.1634436 4.1626954 4.1621442 4.1617899 4.1610813]",0.5,25,3100.614450194637
69,"[4.1803756 4.1759653 4.1730123 4.1707678 4.1688776 4.1675782 4.1662002
 4.1652155 4.1643887 4.1635227 4.1627746 4.1622624 4.1616716 4.1612782]",0.5,25,3099.360178267281
70,"[4.1805329 4.1758471 4.1726971 4.1705709 4.1687593 4.1673813 4.1661215
 4.1651368 4.1641526 4.1634045 4.1628532 4.1621442 4.1615143 4.1610813]",0.5,25,3097.9827944611266
71,"[4.180336  4.1756501 4.1728544 4.1703739 4.1686416 4.167263  4.165885
 4.1649399 4.1639557 4.1632862 4.1624594 4.1619868 4.1614356 4.1610026]",0.5,25,3095.5760995887567
72,"[4.1804543 4.1757684 4.1726971 4.1705709 4.1685629 4.1673026 4.1659636
 4.1649008 4.1642709 4.1632862 4.1627746 4.1620655 4.1615539 4.1610813]",0.5,25,3094.648583632675
73,"[4.1804147 4.1758471 4.1729336 4.1704526 4.1688385 4.1673422 4.1659636
 4.1651368 4.16431   4.1634831 4.1626954 4.1621442 4.1617112 4.16116  ]",0.5,25,3094.068847866753
74,"[4.1804938 4.1758471 4.1729336 4.1706891 4.1688776 4.16746   4.1662002
 4.1652155 4.1642313 4.1636014 4.1628923 4.162302  4.1616325 4.1611996]",0.5,25,3093.243772796497
75,"[4.1805329 4.1759262 4.1727757 4.1707282 4.1687989 4.167263  4.1661215
 4.1651764 4.16431   4.1635618 4.1628137 4.1622624 4.1617112 4.1610813]",0.5,25,3091.86268593967
76,"[4.1804938 4.1759262 4.1728153 4.1705313 4.1688385 4.167263  4.1661215
 4.1649399 4.1642313 4.1634831 4.162735  4.1621051 4.1615143 4.1611996]",0.5,25,3090.356271812203
77,"[4.180336  4.1757684 4.1725001 4.1703348 4.168602  4.1671453 4.1658459
 4.1648612 4.1639557 4.163168  4.1625776 4.1619081 4.1612782 4.1608844]",0.5,25,3087.765472198487
78,"[4.1802969 4.1755714 4.1725788 4.1702952 4.1685233 4.1670666 4.1657276
 4.1647038 4.1637588 4.1630106 4.1623411 4.1618295 4.1613173 4.1606479]",0.5,25,3086.260577465685
79,"[4.180336  4.175611  4.172658  4.1702952 4.1684446 4.1669874 4.1658063
 4.1646252 4.1639557 4.1630893 4.1623411 4.1618295 4.1611996 4.1606479]",0.5,25,3084.820619196098
80,"[4.1802969 4.1757684 4.172658  4.1702952 4.1685629 4.1670666 4.165885
 4.1648221 4.1639161 4.1630502 4.1623807 4.1618295 4.1612387 4.1607661]",0.5,25,3083.811270984972
81,"[4.1802177 4.175611  4.1726184 4.1702166 4.1685233 4.1669483 4.1657276
 4.1648221 4.163877  4.1628923 4.1623807 4.1617899 4.16116   4.160727 ]",0.5,25,3082.5068336592626
82,"[4.1802177 4.1754928 4.172461  4.1700983 4.1681294 4.1667514 4.1655703
 4.1645465 4.1636405 4.1628532 4.1622233 4.1614356 4.1609631 4.1604905]",0.5,25,3080.9710139375816
83,"[4.1803756 4.175611  4.1725397 4.1703739 4.1684446 4.167027  4.1657672
 4.1647434 4.1637983 4.1630893 4.1623807 4.1617899 4.1613173 4.1606479]",0.5,25,3080.14350750217
84,"[4.1801786 4.1754537 4.1725001 4.1702557 4.1684051 4.1669483 4.1656094
 4.1647038 4.1637983 4.1629715 4.1622624 4.161593  4.16116   4.1606479]",0.5,25,3078.632647740616
85,"[4.1800604 4.1754537 4.1723428 4.1701379 4.168366  4.1668301 4.1657276
 4.1645069 4.1637983 4.1628923 4.1622233 4.161593  4.1609631 4.1604118]",0.5,25,3077.2594964766445
86,"[4.1801    4.1754537 4.1723428 4.1700983 4.1683264 4.1667514 4.1656489
 4.1646643 4.1637588 4.1628532 4.1621442 4.1615539 4.16116   4.1604514]",0.5,25,3076.2143806857616
87,"[4.1800604 4.1755323 4.1723824 4.1700983 4.1682477 4.166791  4.1656489
 4.1645856 4.1636801 4.162735  4.1621442 4.1616716 4.1608448 4.1605301]",0.5,25,3074.893330331759
88,"[4.1800604 4.1754928 4.1723824 4.1700587 4.1682081 4.1667514 4.165452
 4.1645465 4.1636014 4.1626954 4.1620655 4.161396  4.1609631 4.1604514]",0.5,25,3073.614607939181
89,"[4.1801    4.1755714 4.1723428 4.1700196 4.1682868 4.1668301 4.1655703
 4.1645069 4.1636405 4.1628923 4.1621442 4.1615539 4.160924  4.1604118]",0.5,25,3072.420722477755
90,"[4.1799817 4.1752958 4.1721854 4.16998   4.1680903 4.1666331 4.1652946
 4.1643887 4.1634045 4.1626954 4.1619868 4.1612782 4.1606479 4.1603723]",0.5,25,3070.918398575982
91,"[4.1800213 4.1754537 4.1722641 4.1700196 4.168169  4.166791  4.1654124
 4.1644282 4.1635227 4.1626167 4.1619868 4.1613569 4.1608057 4.1601758]",0.5,25,3069.752637638077
92,"[4.1799817 4.1755714 4.1721854 4.1700196 4.1681294 4.1666331 4.1654124
 4.16431   4.1635227 4.1626954 4.1621051 4.1613569 4.1608057 4.1603723]",0.5,25,3068.488015647652
93,"[4.1800213 4.1752958 4.1722245 4.16998   4.1680508 4.1666331 4.1653733
 4.1642709 4.1634436 4.162735  4.1618686 4.1613173 4.1608448 4.1603332]",0.5,25,3067.246907035048
94,"[4.1800213 4.1753354 4.1721854 4.16998   4.1680112 4.1665545 4.1653337
 4.1642313 4.1633649 4.162499  4.1619081 4.1612387 4.160727  4.1602936]",0.5,25,3065.856656516386
95,"[4.1798635 4.1752172 4.1721458 4.169744  4.1680508 4.1665154 4.1653733
 4.1642313 4.1633649 4.1625776 4.1619081 4.1611996 4.1606479 4.1601362]",0.5,25,3064.634094496528
96,"[4.1798635 4.1752567 4.1720276 4.169744  4.1678934 4.1664758 4.1651764
 4.1640739 4.1632075 4.1624594 4.1617508 4.1610813 4.1604905 4.160018 ]",0.5,25,3063.162744332274
97,"[4.1798244 4.1751385 4.1721067 4.169744  4.1680112 4.1664362 4.1652946
 4.1642709 4.1632471 4.1624594 4.1618295 4.1610813 4.1606479 4.160018 ]",0.5,25,3062.0328573120128
98,"[4.179903  4.1752958 4.1720276 4.1696258 4.1679721 4.1665154 4.1652946
 4.1641917 4.1630893 4.1624594 4.1617508 4.1611996 4.1604905 4.1600966]",0.5,25,3060.9378981307
99,"[4.1797848 4.1750989 4.1721067 4.1698227 4.1679325 4.1665545 4.165019
 4.1640739 4.1631289 4.162499  4.161593  4.1610417 4.1604514 4.1598997]",0.5,25,3059.650690997044
100,"[4.1798244 4.1751385 4.1719489 4.169744  4.1679721 4.1663971 4.1650977
 4.164113  4.1630106 4.1623807 4.1616325 4.1610417 4.1605301 4.1599789]",0.5,25,3058.591498418377
101,"[4.1797848 4.1750598 4.1720672 4.169744  4.1678538 4.1663575 4.1650581
 4.1640739 4.1631289 4.1622624 4.161593  4.1610813 4.1604118 4.1599393]",0.5,25,3057.367263220353
102,"[4.1798244 4.1750989 4.1720672 4.1696653 4.1678934 4.1663971 4.1650581
 4.1639953 4.1630502 4.1623411 4.161593  4.1610417 4.1604514 4.1600575]",0.5,25,3056.391664781222
103,"[4.1797457 4.1749811 4.1719489 4.1696258 4.1676965 4.1662788 4.165019
 4.1639953 4.1630502 4.1622624 4.1615143 4.1608844 4.1603723 4.1597819]",0.5,25,3055.066712656112
104,"[4.1795878 4.1749415 4.1718702 4.1695471 4.1677356 4.1660819 4.1649008
 4.163877  4.1629715 4.1621051 4.1614356 4.1608057 4.1602149 4.1597424]",0.5,25,3054.0047056439894
105,"[4.1797457 4.1750598 4.1720276 4.1695867 4.1677752 4.1661606 4.1649795
 4.1639161 4.1630893 4.1622233 4.1617112 4.1608844 4.1602936 4.159821 ]",0.5,25,3053.205886227483
106,"[4.1797457 4.1750598 4.1719489 4.1695867 4.1676569 4.1663575 4.1649008
 4.1638374 4.1630893 4.1620655 4.1614356 4.1608844 4.1602545 4.1597819]",0.5,25,3051.951635731609
107,"[4.1796665 4.1749024 4.1720276 4.1694288 4.1675391 4.1661215 4.1648612
 4.1637983 4.1628532 4.1621442 4.1614752 4.1608448 4.1602936 4.1598997]",0.5,25,3050.759163613825
108,"[4.1797457 4.1750202 4.1718307 4.1695471 4.1676178 4.1661215 4.1649795
 4.163877  4.1629715 4.1621051 4.161396  4.1608057 4.1602936 4.159821 ]",0.5,25,3049.8829873582617
109,"[4.1795487 4.1750598 4.1718307 4.1694288 4.1675782 4.1660819 4.1648612
 4.1638374 4.1629319 4.1621051 4.1614356 4.1608057 4.1602545 4.1596637]",0.5,25,3048.698999008112
110,"[4.1796665 4.1749811 4.1717916 4.1696258 4.1676965 4.1662002 4.1649008
 4.163877  4.1628137 4.1622233 4.161396  4.1606874 4.1602545 4.1597033]",0.5,25,3047.817581564128
111,"[4.1795092 4.1750202 4.1718307 4.1693897 4.1675782 4.1661215 4.1647434
 4.163877  4.1629319 4.1621051 4.1613173 4.1607661 4.1602149 4.1595454]",0.5,25,3046.659284745961
112,"[4.1795878 4.1748233 4.1717916 4.1695075 4.1676178 4.1660819 4.1648612
 4.1636014 4.1628923 4.1620264 4.1612782 4.1606874 4.1600575 4.1597424]",0.5,25,3045.579766960584
113,"[4.1796665 4.1748233 4.1717129 4.1695075 4.1674995 4.1660032 4.1647825
 4.1637588 4.1628923 4.1620655 4.1612782 4.1606874 4.1600966 4.1596637]",0.5,25,3044.500843800184
114,"[4.1795092 4.1747842 4.1715946 4.1693501 4.1674995 4.1660032 4.1647434
 4.1636801 4.1626167 4.1619081 4.1611996 4.1606088 4.160018  4.1594276]",0.5,25,3043.0330894132485
115,"[4.1796665 4.1749024 4.1717129 4.169311  4.16746   4.1659636 4.1648221
 4.1637197 4.1628137 4.1619868 4.1612782 4.1605692 4.160018  4.1595454]",0.5,25,3042.025660684815
116,"[4.1794305 4.1748629 4.1717129 4.169311  4.1674995 4.1659245 4.1647434
 4.1636405 4.1628923 4.1620264 4.1612387 4.1606088 4.1600575 4.1594276]",0.5,25,3040.802802093507
117,"[4.1795092 4.1746659 4.171555  4.1691928 4.1674209 4.1657276 4.1645856
 4.1634436 4.1625381 4.1617899 4.1611204 4.1603723 4.1598606 4.1593881]",0.5,25,3039.338085238848
118,"[4.1795487 4.1747842 4.1715159 4.1692715 4.16746   4.1659245 4.1647038
 4.1636405 4.1626954 4.1618295 4.1612387 4.1605301 4.1599789 4.1594667]",0.5,25,3038.3571572515166
119,"[4.1794305 4.1745477 4.171555  4.169035  4.1673422 4.1659245 4.1647038
 4.1636405 4.1625776 4.1616716 4.1609631 4.1603723 4.159821  4.1592698]",0.5,25,3037.0430045920148
120,"[4.1795487 4.1748233 4.1715946 4.1692319 4.1673813 4.1659245 4.1646252
 4.1635618 4.1626563 4.1618686 4.16116   4.1606479 4.159821  4.1594276]",0.5,25,3036.302403167047
121,"[4.1793909 4.1747842 4.1714764 4.169311  4.1676178 4.1659245 4.1645856
 4.1636405 4.1626563 4.1618295 4.1610026 4.1603332 4.1597819 4.1593094]",0.5,25,3035.1030115842022
122,"[4.1795487 4.1746264 4.1715946 4.1692319 4.1673026 4.1658459 4.1646252
 4.1634831 4.1625776 4.1618295 4.1610813 4.1603723 4.159821  4.1594276]",0.5,25,3033.93874866048
123,"[4.1793518 4.1746659 4.1714373 4.1690745 4.1673422 4.1656094 4.1645069
 4.1634436 4.1625776 4.161593  4.1608844 4.1603332 4.1597819 4.1593094]",0.5,25,3032.407973514267
124,"[4.1793909 4.1745872 4.1713586 4.1689959 4.1671844 4.1656489 4.1643887
 4.1633258 4.1623807 4.1615539 4.160924  4.1602936 4.1595454 4.1589942]",0.5,25,3031.133773855658
125,"[4.1793122 4.1745086 4.171319  4.1689959 4.1671057 4.1657276 4.1643887
 4.1632862 4.162499  4.1616325 4.1608844 4.1602149 4.159585  4.1592307]",0.5,25,3029.949517065701
126,"[4.1794305 4.174469  4.1714764 4.1691141 4.1671844 4.165688  4.1645069
 4.1632862 4.1624198 4.1616325 4.1608448 4.1602149 4.1597033 4.1590729]",0.5,25,3028.94715122694
127,"[4.1794305 4.1746264 4.1713586 4.1690745 4.1671453 4.1656094 4.1645465
 4.1632862 4.162302  4.1616325 4.160924  4.1602149 4.1596241 4.159152 ]",0.5,25,3027.79019769002
128,"[4.1793518 4.1747055 4.1713977 4.169035  4.167263  4.1658063 4.1644673
 4.1633258 4.1624594 4.161593  4.1608844 4.1601758 4.1597033 4.1592307]",0.5,25,3026.741240520019
129,"[4.1792731 4.1745477 4.1713586 4.1689959 4.1671844 4.1656489 4.1643496
 4.1632862 4.1622624 4.161593  4.1608448 4.1602545 4.159585  4.159152 ]",0.5,25,3025.599769656299
130,"[4.1793518 4.1745477 4.1714764 4.1690745 4.1671057 4.1657276 4.1643496
 4.1632862 4.1625381 4.1615143 4.1608844 4.1602936 4.1596241 4.1591125]",0.5,25,3024.5243358314337
131,"[4.1793909 4.1745477 4.171319  4.169035  4.1671453 4.1657276 4.1645069
 4.1633258 4.1624594 4.161593  4.1607661 4.1602545 4.159585  4.1590729]",0.5,25,3023.206025915665
132,"[4.1792731 4.174469  4.1713586 4.1689172 4.1671453 4.165688  4.1643887
 4.1632075 4.1623807 4.1614752 4.1607661 4.1601758 4.159585  4.1591125]",0.5,25,3022.101636627061
133,"[4.1791549 4.1745477 4.1713586 4.1690745 4.1671453 4.1656094 4.1643496
 4.1634436 4.1623411 4.1615539 4.1606874 4.1602149 4.1596241 4.1589942]",0.5,25,3020.99875333876
134,"[4.1792336 4.1743903 4.1712008 4.1689563 4.1670666 4.165452  4.1642709
 4.1631289 4.1622624 4.1615143 4.1607661 4.1600966 4.1595063 4.1589551]",0.5,25,3019.734408509659
135,"[4.179194  4.1744299 4.1712794 4.1688776 4.1672239 4.165452  4.16431
 4.1630893 4.1623807 4.1613569 4.1608057 4.160018  4.1595454 4.1588759]",0.5,25,3018.331688282879
136,"[4.1793909 4.1743507 4.1712008 4.1688776 4.1670666 4.1656094 4.1644282
 4.163168  4.162302  4.1614356 4.1606874 4.1601362 4.1594276 4.1589942]",0.5,25,3017.2217290260182
137,"[4.1792731 4.1744299 4.171319  4.1689959 4.1671057 4.1655307 4.1643496
 4.163168  4.1622624 4.1615143 4.160727  4.1600966 4.1595454 4.1589551]",0.5,25,3016.2133078365086
138,"[4.1791549 4.1744299 4.171319  4.1687593 4.1669874 4.165452  4.164113
 4.163168  4.1621838 4.1614356 4.1606088 4.160018  4.1594667 4.1587973]",0.5,25,3014.975263440349
139,"[4.1790366 4.1744299 4.1711221 4.1687202 4.1669087 4.1654124 4.164113
 4.1629715 4.1620655 4.1613569 4.1605692 4.1598997 4.1593094 4.1587973]",0.5,25,3015.648531001932
140,"[4.1791549 4.174233  4.1710825 4.1687202 4.1669087 4.1654124 4.1641917
 4.1630106 4.1621838 4.1613173 4.1605301 4.1598997 4.1592698 4.1587582]",0.5,25,3012.2351526133893
141,"[4.1790762 4.1743903 4.171319  4.1688776 4.167027  4.1654911 4.1642313
 4.1631289 4.162302  4.1613569 4.1608057 4.1600575 4.1593881 4.1588759]",0.5,25,3011.3628507548
142,"[4.1791549 4.1743507 4.1711617 4.1689563 4.1669087 4.1653733 4.1641526
 4.1630502 4.1621051 4.1612387 4.1606088 4.1598997 4.1592698 4.1587973]",0.5,25,3010.076505587974
143,"[4.1791153 4.1741934 4.1712794 4.1686807 4.166791  4.1652551 4.1641526
 4.1628923 4.1619868 4.1611996 4.1604118 4.1598606 4.159152  4.1586795]",0.5,25,3008.796131005181
144,"[4.179194  4.1743903 4.1712794 4.1688385 4.1668301 4.1653337 4.1641917
 4.1630106 4.1620264 4.1612387 4.1604905 4.1598606 4.1592698 4.1588368]",0.5,25,3007.8133100580485
145,"[4.1790366 4.1743507 4.1711617 4.1687593 4.1669087 4.1654124 4.1641917
 4.1630502 4.1621838 4.1612782 4.1605692 4.159821  4.1592307 4.1588368]",0.5,25,3006.804168060306
146,"[4.1791153 4.1743116 4.1712403 4.1687989 4.1669087 4.1654124 4.164113
 4.1629319 4.1620264 4.1612387 4.1605301 4.1598606 4.1593094 4.1587973]",0.5,25,3005.534909363877
147,"[4.1790762 4.174233  4.1710825 4.1685233 4.1667514 4.1652946 4.1639557
 4.1627746 4.1618686 4.16116   4.1604118 4.1599393 4.1591125 4.1585612]",0.5,25,3004.128698858642
148,"[4.1792336 4.1741147 4.1709647 4.1685629 4.166791  4.1651764 4.1639953
 4.1627746 4.1619868 4.1610026 4.1604514 4.1597033 4.1590338 4.1586003]",0.5,25,3002.959913366563
149,"[4.1789579 4.1742721 4.1710825 4.1686416 4.1667118 4.1651368 4.1639161
 4.1627746 4.1619081 4.1611204 4.1604118 4.1597033 4.1590729 4.1586003]",0.5,25,3001.9066781198467
150,"[4.1790366 4.1742721 4.1710825 4.168602  4.1667514 4.1652551 4.1639161
 4.1628923 4.1619081 4.1610417 4.1603332 4.1597424 4.1591125 4.1584826]",0.5,25,3000.759452584632
151,"[4.1790366 4.1741934 4.1710038 4.168602  4.1667118 4.1651764 4.1639953
 4.1629319 4.1618686 4.1610417 4.1602545 4.159585  4.1590729 4.1585612]",0.5,25,2999.567144009602
152,"[4.1789975 4.1741543 4.1710434 4.1684837 4.1666727 4.1653337 4.1639161
 4.1627746 4.1618295 4.1610417 4.1602545 4.159585  4.1589942 4.1584039]",0.5,25,2998.3358627985303
153,"[4.1789975 4.174233  4.1711221 4.1687989 4.1667514 4.1652155 4.1639161
 4.1629319 4.1618295 4.160924  4.1602545 4.1596241 4.1590338 4.1585217]",0.5,25,2997.257951066896
154,"[4.1789579 4.1741934 4.1711221 4.1686807 4.1667118 4.1652551 4.163877
 4.1628137 4.1618295 4.1609631 4.1602545 4.1595063 4.159152  4.158443 ]",0.5,25,2996.132034858399
155,"[4.1788793 4.1740751 4.170886  4.1685233 4.1665154 4.165019  4.1636405
 4.1626167 4.161593  4.160727  4.160018  4.1593485 4.1588759 4.1583247]",0.5,25,2994.700654939372
156,"[4.1788397 4.1741543 4.1708069 4.168602  4.1666331 4.1650581 4.163877
 4.1626563 4.1615539 4.1608448 4.1601362 4.1594667 4.1587973 4.1583643]",0.5,25,2993.672953165959
157,"[4.1789579 4.1741543 4.1709647 4.168602  4.1666331 4.1650581 4.1637983
 4.1626167 4.1616325 4.1608844 4.1600575 4.1595063 4.1588759 4.1584039]",0.5,25,2993.322030449763
158,"[4.1788793 4.174036  4.1708069 4.1685233 4.1665545 4.1648221 4.1636405
 4.1625381 4.1614752 4.1608448 4.1600966 4.1593485 4.1587186 4.1582069]",0.5,25,2991.191582218425
159,"[4.1788006 4.1739573 4.1708069 4.168366  4.1664758 4.1649008 4.1636801
 4.162499  4.1615143 4.1607661 4.1598606 4.1592698 4.1587186 4.1582069]",0.5,25,2989.960752410212
160,"[4.178761  4.1740751 4.1707678 4.1682477 4.1664362 4.165019  4.1635227
 4.1624594 4.1616716 4.1606479 4.1599789 4.1593094 4.1586003 4.1580887]",0.5,25,2988.7143596588844
161,"[4.1788397 4.1739964 4.1708465 4.1684837 4.1664362 4.1649795 4.1637588
 4.1625381 4.161593  4.1607661 4.1599789 4.1593094 4.1587186 4.1581283]",0.5,25,2987.6099289731183
162,"[4.1787219 4.1738782 4.1707282 4.1684837 4.1664362 4.1648221 4.1635618
 4.1624594 4.1614752 4.1604905 4.1596637 4.1591911 4.1585217 4.1578522]",0.5,25,2986.0692283629
163,"[4.1788006 4.1739573 4.1708069 4.1684051 4.1663184 4.1647825 4.1634831
 4.1623807 4.161396  4.1604905 4.159821  4.1591125 4.158443  4.1578918]",0.5,25,2984.878897344838
164,"[4.1788397 4.1739964 4.170886  4.1684446 4.1665545 4.165019  4.1636801
 4.1626167 4.1615539 4.160727  4.1598997 4.159152  4.1586003 4.15801  ]",0.5,25,2983.666275195857
165,"[4.1787219 4.1739573 4.1707282 4.1684051 4.1663971 4.1648612 4.1636014
 4.1623807 4.1614752 4.1605301 4.1597819 4.159152  4.1584826 4.1579313]",0.5,25,2981.6414032153334
166,"[4.178761  4.1739964 4.1707678 4.168366  4.1664758 4.1649008 4.1634436
 4.1623807 4.1613569 4.1606479 4.1598606 4.159152  4.158443  4.1578918]",0.5,25,2980.16654253296
167,"[4.1788006 4.1739964 4.1708069 4.1684446 4.1664362 4.1649795 4.1635227
 4.1623807 4.1614356 4.1606479 4.1597819 4.1590729 4.1586003 4.1579313]",0.5,25,2978.480997926025
168,"[4.1788006 4.1741147 4.1708069 4.1685233 4.1663971 4.1649399 4.1636014
 4.1626167 4.161593  4.1605301 4.1598606 4.1591125 4.1586003 4.1580491]",0.5,25,2976.964119337564
169,"[4.1786823 4.1739964 4.1707678 4.168366  4.1664758 4.1649008 4.1636014
 4.1625381 4.1615143 4.1606479 4.1597819 4.1591911 4.1584039 4.1580491]",0.5,25,2975.2624284132235
170,"[4.1787219 4.1739178 4.1707282 4.1682868 4.1664362 4.1649795 4.1635227
 4.1623411 4.161396  4.1606479 4.159821  4.159152  4.1583643 4.1578522]",0.5,25,2973.314159545218
171,"[4.1786427 4.1739178 4.1708069 4.1684051 4.1663575 4.1648612 4.1635227
 4.1624198 4.1614752 4.1605692 4.1596637 4.1590729 4.1586003 4.1578522]",0.5,25,2971.620315510797
172,"[4.1787219 4.174036  4.1707678 4.1683264 4.1664362 4.1648612 4.1635618
 4.1624594 4.161396  4.1605692 4.159821  4.1591911 4.1585612 4.1579704]",0.5,25,2969.740899167752
173,"[4.1786823 4.1738391 4.1707282 4.1682477 4.1663971 4.1647434 4.1634045
 4.1623807 4.1613569 4.1604905 4.1596241 4.1591125 4.1583247 4.1578918]",0.5,25,2967.6933545130737
174,"[4.1786036 4.1738782 4.1706495 4.1682868 4.1662393 4.1648221 4.1635618
 4.1624198 4.1613173 4.1604905 4.1597819 4.1589551 4.1584826 4.1577735]",0.5,25,2965.733710809866
175,"[4.1786427 4.1739178 4.1706495 4.1684051 4.1663575 4.1649008 4.1634831
 4.1624198 4.1613569 4.1606874 4.1597819 4.1590338 4.158443  4.1578918]",0.5,25,2963.8919574323186
176,"[4.1786823 4.1737208 4.1706495 4.1680903 4.1663184 4.1647038 4.1635227
 4.1622233 4.1612782 4.1603723 4.1597033 4.1588759 4.1582856 4.1578131]",0.5,25,2961.330860573189
177,"[4.1786036 4.1737208 4.1705709 4.168169  4.1662393 4.1646643 4.1633649
 4.1622624 4.1614356 4.1603723 4.159585  4.1588759 4.1582069 4.1578131]",0.5,25,2959.3158741522902
178,"[4.1785641 4.1739178 4.1706104 4.1680903 4.1663184 4.1647825 4.1634436
 4.1624198 4.1612782 4.1605692 4.1597424 4.1590729 4.1583247 4.1578131]",0.5,25,2957.135342131215
179,"[4.1785641 4.1737208 4.1704922 4.1682081 4.1661606 4.1646252 4.1634045
 4.1621838 4.16116   4.1603332 4.1596241 4.1588759 4.158246  4.1577344]",0.5,25,2954.8838207113977
180,"[4.1785641 4.1736422 4.1705709 4.1680903 4.1663575 4.1646643 4.1635618
 4.1621838 4.1611996 4.1604118 4.1596637 4.1591125 4.1583247 4.1578131]",0.5,25,2952.452705511067
181,"[4.1785641 4.1736026 4.1704526 4.1680508 4.1661606 4.1645856 4.163168
 4.1621838 4.1612387 4.1602545 4.159585  4.1589155 4.1581283 4.1576161]",0.5,25,2952.451823426242
182,"[4.1784854 4.1737208 4.1705709 4.1680508 4.1662002 4.1645856 4.1632075
 4.1620655 4.1610813 4.1601758 4.159585  4.1587973 4.1582069 4.1575375]",0.5,25,2947.4305471122225
183,"[4.1783671 4.1735635 4.1704526 4.1679721 4.1660819 4.1646252 4.1632471
 4.1621051 4.1610813 4.1601362 4.1594276 4.1587186 4.1580887 4.1576161]",0.5,25,2944.846837104088
184,"[4.1784854 4.1736422 4.1703739 4.1678934 4.1661215 4.1645856 4.1632862
 4.1620655 4.16116   4.1601758 4.1594667 4.1588368 4.1581283 4.1576557]",0.5,25,2942.36576893297
185,"[4.1784067 4.1735635 4.1704922 4.1680112 4.1660428 4.1644282 4.1630893
 4.1620264 4.1610813 4.1602149 4.1593881 4.1586399 4.1580491 4.1575375]",0.5,25,2940.061512609592
186,"[4.178328  4.1735635 4.1702557 4.1678934 4.1660428 4.16431   4.1630502
 4.1618686 4.1608844 4.1601758 4.1593881 4.1586399 4.1580491 4.1574588]",0.5,25,2937.389487564563
187,"[4.178328  4.1734848 4.1704135 4.1678538 4.1659636 4.1643887 4.1630893
 4.1619477 4.1609631 4.1602545 4.1594276 4.1587973 4.1580887 4.1573405]",0.5,25,2935.3006655733257
188,"[4.1784854 4.1734061 4.1702952 4.1678147 4.165885  4.1642709 4.1630893
 4.1619081 4.1607661 4.1599393 4.1592307 4.1585612 4.15801   4.1574192]",0.5,25,2932.7119388553856
189,"[4.1781311 4.1734061 4.170177  4.1676965 4.1658063 4.1642313 4.1629715
 4.1617899 4.1608057 4.1598606 4.1590338 4.158443  4.1576557 4.1573009]",0.5,25,2930.104959915091
190,"[4.178328  4.1732092 4.170177  4.1675782 4.165688  4.164113  4.1628137
 4.1617112 4.1605692 4.1597819 4.1589942 4.1584039 4.1576161 4.157104 ]",0.5,25,2927.92060640205
191,"[4.1782098 4.1734452 4.1702557 4.1677356 4.1657276 4.16431   4.1629319
 4.1617899 4.1607661 4.159821  4.1590729 4.1583643 4.1577735 4.1572618]",0.5,25,2926.006278543699
192,"[4.178328  4.1734061 4.1700587 4.1676569 4.1657672 4.1641917 4.162735
 4.1617899 4.1606479 4.1598606 4.1589942 4.158246  4.1576948 4.1570649]",0.5,25,2923.3386248046863
1,"[4.1825933 4.1783018 4.1753883 4.1731439 4.1715689 4.1699939 4.1686554
 4.1679072 4.1669621 4.1660566 4.1652694 4.1648359 4.1640091 4.1634579]",0.5,25,3181.789708644072
2,"[4.182436  4.1781836 4.1751914 4.1731439 4.1712933 4.1698365 4.1686554
 4.1676712 4.1665688 4.1658206 4.1651511 4.164403  4.1638126 4.1632218]",0.5,25,3183.273218029381
3,"[4.1826329 4.1782622 4.1753488 4.1732225 4.1715298 4.1700335 4.1687341
 4.1677103 4.166923  4.1661353 4.1654663 4.1646786 4.1641273 4.1635761]",0.5,25,3183.7701476424127
4,"[4.182436  4.1784201 4.1752305 4.1729865 4.1713328 4.1699548 4.1688128
 4.1677103 4.1668048 4.1660175 4.1651907 4.1646395 4.1640091 4.1634579]",0.5,25,3182.648535088568
5,"[4.1824756 4.1782231 4.1752701 4.1730256 4.1712933 4.1699939 4.1687737
 4.1676316 4.1668048 4.1659384 4.1653085 4.1646786 4.1641669 4.1634974]",0.5,25,3181.023292672525
6,"[4.182436  4.1780262 4.1751914 4.1729469 4.1712146 4.1697183 4.1685767
 4.1676316 4.1666079 4.1658206 4.1652298 4.1645999 4.1639304 4.1634579]",0.5,25,3179.05170891805
7,"[4.1825147 4.1780262 4.1751518 4.1728287 4.1712146 4.1697578 4.1686554
 4.1676316 4.1667261 4.1658993 4.1651115 4.1644816 4.1638913 4.163537 ]",0.5,25,3177.197942069633
8,"[4.1823573 4.1781049 4.1753488 4.1729865 4.171175  4.1696792 4.1686945
 4.1677103 4.166923  4.1660175 4.1651907 4.1645603 4.1641273 4.163537 ]",0.5,25,3175.134330957166
9,"[4.1822786 4.1781049 4.1751127 4.17275   4.1711359 4.1696792 4.1683402
 4.1674347 4.1664505 4.165781  4.1650329 4.164403  4.1638913 4.1633792]",0.5,25,3172.635869477537
10,"[4.1823177 4.1779079 4.1751518 4.1727896 4.171175  4.1697578 4.1686554
 4.1676712 4.1664505 4.1658597 4.1650329 4.1645212 4.16397   4.1634579]",0.5,25,3170.1356661135524
11,"[4.1823964 4.1780653 4.1751518 4.1728683 4.1712146 4.1698761 4.1686158
 4.1676712 4.1666474 4.1659384 4.1653085 4.1645212 4.16397   4.1634579]",0.5,25,3167.8803651076946
12,"[4.1822    4.1778688 4.1749945 4.1729078 4.1711359 4.1697183 4.1685371
 4.1674347 4.1665688 4.165781  4.1651511 4.1645212 4.1639304 4.163537 ]",0.5,25,3165.560833466392
13,"[4.1823177 4.1779079 4.1750336 4.1727896 4.170939  4.1695213 4.1684585
 4.167356  4.1664896 4.1658206 4.1650724 4.1645999 4.1638913 4.1633792]",0.5,25,3163.18342930176
14,"[4.1822786 4.1779079 4.1751518 4.17275   4.1712146 4.1697578 4.1683798
 4.167356  4.1666865 4.1656628 4.1650724 4.1645603 4.1639304 4.1633792]",0.5,25,3160.463969120005
15,"[4.1822391 4.1780262 4.1749945 4.1728287 4.1710963 4.1696792 4.1686158
 4.1675529 4.1667652 4.165781  4.1651511 4.1645603 4.16397   4.1633792]",0.5,25,3157.643689058296
16,"[4.1823177 4.1779079 4.1750731 4.1727896 4.1711359 4.1695609 4.168498
 4.1674743 4.1666079 4.165781  4.1651115 4.1645999 4.1638517 4.1633401]",0.5,25,3154.963401710475
17,"[4.1821208 4.1777506 4.1747975 4.1728683 4.170939  4.1694427 4.1682615
 4.1672773 4.1663718 4.165545  4.1650329 4.164403  4.1638126 4.1631432]",0.5,25,3152.355543507621
18,"[4.1821208 4.1779475 4.1748371 4.1728683 4.1710963 4.1694822 4.1684189
 4.1673956 4.1665688 4.1657419 4.1650329 4.1645212 4.1638913 4.1633792]",0.5,25,3150.08745020684
19,"[4.1820817 4.1778293 4.1748371 4.1726322 4.1708994 4.1695213 4.1683798
 4.1673956 4.1665292 4.1657419 4.1648755 4.1643639 4.1638517 4.1633792]",0.5,25,3147.475788093938
20,"[4.1822    4.177711  4.1747975 4.17275   4.170939  4.1694427 4.1682615
 4.1673164 4.1663718 4.1654663 4.1648359 4.1640882 4.1636157 4.1631036]",0.5,25,3144.544643044976
21,"[4.1821208 4.1776323 4.1748371 4.1725926 4.1708603 4.1693249 4.1681828
 4.1673164 4.1662931 4.1653872 4.1648755 4.1641669 4.1636944 4.1632614]",0.5,25,3141.859929581841
22,"[4.1820421 4.177711  4.1747975 4.1727896 4.1708207 4.1695213 4.1683011
 4.1671987 4.1663322 4.1655841 4.1651115 4.1641669 4.1636548 4.1631036]",0.5,25,3139.607013974746
23,"[4.182003  4.1776719 4.1748762 4.1725926 4.1708207 4.1694822 4.1681433
 4.16712   4.1662931 4.1655841 4.1648359 4.1641273 4.1635761 4.1631823]",0.5,25,3137.434063266738
24,"[4.1820817 4.1775932 4.174758  4.1727109 4.1710963 4.1696396 4.1682615
 4.1671987 4.1662536 4.1656237 4.1649542 4.164403  4.1636944 4.1632218]",0.5,25,3135.50051272922
25,"[4.1820817 4.1776719 4.1746402 4.17275   4.1708207 4.169364  4.1681433
 4.1671591 4.1662536 4.165545  4.1648755 4.1640882 4.1636157 4.1631036]",0.5,25,3132.970188626845
26,"[4.1819634 4.1775537 4.1746006 4.1723566 4.1708207 4.169364  4.1680255
 4.1670804 4.1661353 4.1653481 4.1646786 4.16397   4.1636944 4.1629462]",0.5,25,3130.290074833576
27,"[4.1820421 4.177475  4.1746006 4.1723566 4.1705451 4.1692066 4.1679468
 4.1669621 4.1660962 4.1653481 4.1645212 4.1638913 4.1633792 4.1629462]",0.5,25,3127.811014665257
28,"[4.1820421 4.1776719 4.1746793 4.1724353 4.1708603 4.169364  4.1681433
 4.16712   4.1661353 4.1654663 4.1647573 4.1642456 4.1636548 4.1631036]",0.5,25,3126.1539934402117
29,"[4.1819634 4.1775932 4.1747189 4.1725531 4.1708603 4.1695213 4.1681828
 4.1671591 4.166214  4.1653872 4.1648359 4.1641273 4.1636548 4.1633005]",0.5,25,3123.943751695559
30,"[4.1821208 4.1776719 4.1746793 4.1724353 4.1708994 4.1694427 4.1683798
 4.1671591 4.1661749 4.1654663 4.1646786 4.1641273 4.1635761 4.1631036]",0.5,25,3121.371586592884
31,"[4.1818848 4.1775537 4.1746793 4.1725531 4.1708207 4.1692853 4.1681828
 4.1672378 4.166214  4.1655054 4.1648755 4.164206  4.1636157 4.1631036]",0.5,25,3119.54960011746
32,"[4.1821604 4.1777506 4.1746402 4.1725531 4.170939  4.169364  4.1683011
 4.1670408 4.166214  4.1652694 4.1648359 4.1640487 4.1636157 4.1631432]",0.5,25,3117.388619050025
33,"[4.1819634 4.1775537 4.1746793 4.1724744 4.1708207 4.1694822 4.1682224
 4.1671591 4.1660962 4.1653872 4.1647182 4.1640882 4.1634579 4.1631036]",0.5,25,3115.40444677368
34,"[4.1818848 4.1773963 4.1747189 4.1724353 4.1707029 4.169167  4.1681828
 4.1672378 4.1660566 4.1652298 4.1647182 4.1641669 4.1636548 4.1629066]",0.5,25,3113.380857762182
35,"[4.1817665 4.1774354 4.1744432 4.1721988 4.170506  4.1690493 4.1679072
 4.1667261 4.1659384 4.1650329 4.164403  4.1638126 4.1633401 4.1626706]",0.5,25,3110.812956828206
36,"[4.1818452 4.1775932 4.1747189 4.1724744 4.1706634 4.1692066 4.1681042
 4.166923  4.1662536 4.1653085 4.1645999 4.1640091 4.1634579 4.1629066]",0.5,25,3109.351329790986
37,"[4.182003  4.177475  4.1744823 4.1722383 4.1707816 4.1690884 4.1679468
 4.1668835 4.165978  4.1652694 4.1645212 4.16397   4.1633005 4.1627889]",0.5,25,3107.2325362813285
38,"[4.1818848 4.1774354 4.1744823 4.1723566 4.1706634 4.1691279 4.1678286
 4.1668444 4.1659384 4.1650724 4.164403  4.1638517 4.1633005 4.1629066]",0.5,25,3105.4752566042744
39,"[4.1818848 4.1773567 4.1745219 4.1722775 4.170506  4.1692066 4.1678677
 4.1668444 4.1660175 4.1653481 4.1645212 4.1640091 4.1633792 4.1629858]",0.5,25,3103.546383771295
40,"[4.1818848 4.1774354 4.1746402 4.1724744 4.1705451 4.1690097 4.1679072
 4.166923  4.1660566 4.1652694 4.1645603 4.1640882 4.1633005 4.1629066]",0.5,25,3101.618160491673
41,"[4.1818061 4.1771994 4.1743646 4.1718445 4.1701908 4.168931  4.1676316
 4.1666474 4.1656628 4.1649151 4.1640882 4.1637335 4.1629462 4.1625524]",0.5,25,3099.187912799071
42,"[4.1818061 4.177278  4.1744037 4.1722383 4.1704664 4.1689701 4.1677499
 4.1666079 4.1658206 4.1651115 4.164403  4.1637731 4.1632218 4.1627889]",0.5,25,3097.8933726807977
43,"[4.1818452 4.1773176 4.1745615 4.1721988 4.1706634 4.1689701 4.1678286
 4.1668048 4.165978  4.1651511 4.1643243 4.1637731 4.1631432 4.1627493]",0.5,25,3096.367320445287
1,"[4.1817393 4.177527  4.1743379 4.1721725 4.1704798 4.169023  4.167881
 4.1667786 4.1657944 4.1650467 4.1642985 4.1637077 4.1631174 4.1627235]",0.5,25,3183.5468578156183
2,"[4.1816607 4.1772513 4.1742983 4.172133  4.1704798 4.1690621 4.1679206
 4.1666999 4.1657944 4.1648498 4.1642985 4.1634717 4.1629601 4.1624088]",0.5,25,3184.270107987466
3,"[4.1816607 4.1771727 4.1741409 4.1719756 4.1701646 4.1688652 4.1675663
 4.166503  4.1656766 4.1648102 4.1641016 4.1635504 4.1629205 4.1623302]",0.5,25,3183.340170746528
4,"[4.1816607 4.1774087 4.1743379 4.1722908 4.1704006 4.1691408 4.1678419
 4.1666212 4.1659126 4.1650467 4.1643376 4.1636686 4.1630778 4.1626058]",0.5,25,3182.261654635146
5,"[4.1815424 4.1772513 4.174377  4.1720543 4.1704006 4.1688652 4.1677237
 4.1666212 4.1657944 4.1648498 4.1641803 4.1635113 4.1631565 4.1625266]",0.5,25,3180.162706363388
6,"[4.1814637 4.1771727 4.1741018 4.171936  4.1702433 4.1687865 4.1675267
 4.1665821 4.1657157 4.1648102 4.1641412 4.163393  4.1629205 4.1624875]",0.5,25,3177.998993901367
7,"[4.1815424 4.1772904 4.1741805 4.1720543 4.1704006 4.1689444 4.1675267
 4.1666608 4.165637  4.1650071 4.1642985 4.1638656 4.1631565 4.1625266]",0.5,25,3175.877416459012
8,"[4.1815424 4.1770544 4.1741805 4.1718574 4.1702433 4.1685896 4.1675663
 4.1664639 4.1654797 4.1647315 4.1641412 4.1634321 4.1629205 4.1625266]",0.5,25,3172.9464052735743
9,"[4.1816211 4.1770544 4.174377  4.1718969 4.1703219 4.1687865 4.1677237
 4.1666608 4.165637  4.1649284 4.1641803 4.1635113 4.1629601 4.1624875]",0.5,25,3170.722478488361
10,"[4.1814246 4.1769757 4.1740623 4.1718574 4.1700859 4.1686687 4.1675663
 4.1664639 4.1655188 4.1648498 4.1641016 4.1633534 4.1628814 4.1623302]",0.5,25,3167.748848797065
11,"[4.1813455 4.1769361 4.1740623 4.1717787 4.1701646 4.1686292 4.167448
 4.1663456 4.1655583 4.1646528 4.164062  4.1633534 4.1629205 4.1623693]",0.5,25,3165.03069209093
12,"[4.1815033 4.1771331 4.1742196 4.1717787 4.1701646 4.1688261 4.1674876
 4.1666212 4.1655188 4.1649284 4.164062  4.1635504 4.1629205 4.1623693]",0.5,25,3162.534233170979
13,"[4.1816211 4.1770544 4.1740623 4.1718574 4.1701646 4.1687865 4.167448
 4.1663852 4.1655583 4.1649284 4.1641412 4.1636291 4.1630387 4.1624088]",0.5,25,3160.010294465467
14,"[4.181385  4.1769757 4.1739836 4.1718183 4.1700859 4.1687474 4.1674085
 4.166503  4.1655974 4.1647711 4.164062  4.1633143 4.1628022 4.1624479]",0.5,25,3157.089177942028
15,"[4.1813064 4.1769361 4.1740227 4.1718183 4.1700463 4.1686292 4.1674085
 4.1663456 4.1655188 4.1646528 4.1641016 4.1635113 4.1628022 4.1623302]",0.5,25,3154.310569506159
16,"[4.1815033 4.1772118 4.1741018 4.1718969 4.170125  4.1686687 4.1674876
 4.1664639 4.1657553 4.1647711 4.164062  4.16359   4.1629601 4.1625266]",0.5,25,3151.894472738986
17,"[4.1814246 4.1768575 4.1739049 4.1716609 4.1698499 4.1687078 4.1673694
 4.1662278 4.1655583 4.1647315 4.1641016 4.1632357 4.1628418 4.1624479]",0.5,25,3149.518207701687
18,"[4.1812277 4.1769757 4.1739049 4.1718574 4.1700463 4.1685505 4.1674085
 4.1662278 4.1654401 4.1646132 4.1639833 4.1633143 4.1628814 4.1622119]",0.5,25,3146.848593575304
19,"[4.1814246 4.1770148 4.1739836 4.1717787 4.1699286 4.1686292 4.1674085
 4.1663456 4.1655583 4.1646924 4.164062  4.16359   4.1627235 4.1623302]",0.5,25,3144.549706122772
20,"[4.1812668 4.1767001 4.1737866 4.1717    4.1698499 4.1685109 4.1671333
 4.1661096 4.1652431 4.1645741 4.163826  4.1633143 4.1625266 4.1621723]",0.5,25,3141.667107150204
21,"[4.1812668 4.1767392 4.1738653 4.1717    4.1697707 4.1685109 4.1670542
 4.16607   4.1652827 4.1644955 4.1637869 4.1632357 4.1626058 4.162015 ]",0.5,25,3139.29387655029
22,"[4.1813064 4.1768184 4.1738262 4.1716213 4.1700463 4.1684718 4.1672511
 4.1661882 4.1652827 4.1645741 4.163826  4.1631174 4.1626844 4.1620936]",0.5,25,3136.757485142684
23,"[4.1814246 4.1768575 4.1739049 4.1716213 4.1699286 4.1685109 4.167212
 4.1663065 4.1654401 4.1646132 4.1637869 4.1632357 4.1626449 4.1621723]",0.5,25,3134.701888491075
24,"[4.1811881 4.1767788 4.1737866 4.1715817 4.1697707 4.1683536 4.1671333
 4.1660309 4.1650071 4.1645346 4.1639047 4.1629992 4.1626844 4.162015 ]",0.5,25,3132.17079728475
25,"[4.1811094 4.1767001 4.1736293 4.171464  4.1696529 4.1682749 4.1669755
 4.1660309 4.1650858 4.1644955 4.1636291 4.1629992 4.1624088 4.1620545]",0.5,25,3129.50684661472
26,"[4.1811094 4.1767001 4.173708  4.1714244 4.1696134 4.1681962 4.1668577
 4.1659126 4.1650858 4.164259  4.16359   4.1629601 4.1625662 4.1618967]",0.5,25,3127.2689154401314
27,"[4.1811094 4.1767392 4.1738262 4.1715426 4.1698103 4.168314  4.1671724
 4.16607   4.1653223 4.1644955 4.1637869 4.1631565 4.1626058 4.1621723]",0.5,25,3125.1654020916053
28,"[4.1811094 4.1765819 4.1736684 4.171464  4.1696134 4.168314  4.1669364
 4.1660309 4.1650858 4.1642199 4.1635504 4.1629205 4.1624875 4.1618576]",0.5,25,3122.7748474023406
29,"[4.1812277 4.1766214 4.1735506 4.1715031 4.169692  4.1681566 4.1669755
 4.1660309 4.1650467 4.164259  4.1637473 4.1629205 4.1624479 4.1618576]",0.5,25,3120.81093440877
30,"[4.181149  4.1765819 4.1735897 4.1713061 4.1697316 4.1682353 4.1670542
 4.1660309 4.1650071 4.1643772 4.16359   4.1630778 4.1624088 4.1619759]",0.5,25,3118.664945280761
31,"[4.1811094 4.1767788 4.1736293 4.171464  4.169889  4.1684322 4.1670542
 4.1660309 4.1651254 4.1644559 4.1637077 4.1631565 4.1624875 4.1621723]",0.5,25,3116.994245545248
32,"[4.1811094 4.1767001 4.1737471 4.1715031 4.169889  4.1683931 4.1671333
 4.1659522 4.165204  4.1644168 4.1636686 4.1631174 4.1624875 4.1620545]",0.5,25,3114.786297141251
33,"[4.1812277 4.1765819 4.1736293 4.1713853 4.169692  4.1681175 4.1669364
 4.1659126 4.1651254 4.164259  4.16359   4.1630778 4.1623302 4.1619759]",0.5,25,3112.637743741995
34,"[4.1811094 4.1765032 4.173511  4.1713061 4.1696134 4.1682749 4.1668577
 4.1659126 4.1649284 4.1643772 4.1635504 4.1629205 4.1623693 4.1618576]",0.5,25,3110.546001680773
35,"[4.1811094 4.1765428 4.1736293 4.1714244 4.1697316 4.1682749 4.1670542
 4.1659126 4.1651254 4.1643376 4.1637077 4.1631174 4.1624088 4.1618967]",0.5,25,3108.7914154070363
36,"[4.1811881 4.1765819 4.1735897 4.1713457 4.1698103 4.1681962 4.1670542
 4.1658731 4.1650071 4.164259  4.16359   4.1630387 4.1624088 4.1619759]",0.5,25,3106.944404196909
37,"[4.181149  4.1765428 4.1736293 4.1714244 4.1697316 4.1682353 4.1669364
 4.1658731 4.1650071 4.1642199 4.1637077 4.1629601 4.1624088 4.1618967]",0.5,25,3104.884537279864
38,"[4.1809125 4.1766605 4.1734715 4.1713853 4.1695743 4.1681566 4.1668577
 4.1657944 4.1650467 4.1642985 4.1634717 4.1629205 4.1623693 4.1618576]",0.5,25,3102.93789866672
39,"[4.1810703 4.1765428 4.1735897 4.1712275 4.1695743 4.1680779 4.1670151
 4.165834  4.1649284 4.164259  4.1634321 4.1629601 4.162251  4.1617002]",0.5,25,3100.9179549384253
40,"[4.1809521 4.1763849 4.1735506 4.171267  4.169456  4.1680779 4.1668181
 4.1659913 4.1649675 4.1642985 4.1634321 4.1629205 4.1622119 4.161818 ]",0.5,25,3098.972251418728
41,"[4.1809521 4.1765032 4.1734715 4.171267  4.1695743 4.1681175 4.1668577
 4.1659522 4.1648889 4.1642199 4.1635113 4.1629601 4.1623693 4.161818 ]",0.5,25,3097.2009422505685
42,"[4.1808734 4.1764636 4.1733537 4.171267  4.1694951 4.1680388 4.1667395
 4.1658731 4.1648102 4.1641412 4.1635113 4.1628418 4.1623693 4.1617393]",0.5,25,3095.4456691706
43,"[4.1810703 4.1763458 4.1734324 4.1711884 4.169456  4.1680388 4.1666999
 4.1657553 4.1648889 4.1641016 4.1635113 4.1628022 4.1622906 4.161818 ]",0.5,25,3093.757387865803
44,"[4.1809912 4.1764636 4.1735897 4.1713061 4.1696529 4.1681962 4.1669364
 4.1659522 4.1650858 4.1642985 4.1637077 4.1629992 4.1624479 4.1618576]",0.5,25,3092.1592581519926
45,"[4.1809125 4.1766214 4.1735506 4.171267  4.1695743 4.1681566 4.1667786
 4.1658731 4.1649284 4.164259  4.16359   4.1629601 4.1623302 4.161818 ]",0.5,25,3090.171148510876
46,"[4.1809912 4.1764636 4.1735506 4.1713061 4.1696134 4.1680779 4.1668181
 4.1658731 4.1649284 4.1641803 4.1634717 4.1629601 4.162251  4.162015 ]",0.5,25,3088.2444574268984
47,"[4.1810308 4.1764245 4.173511  4.1711488 4.1695347 4.1680779 4.1668577
 4.1657944 4.1650467 4.1641412 4.163393  4.1629601 4.162251  4.1617002]",0.5,25,3086.509887024469
48,"[4.1809521 4.1765032 4.1734324 4.1711488 4.1693773 4.1679993 4.1667395
 4.1656766 4.1648498 4.1641412 4.1632748 4.1628022 4.1621332 4.1617002]",0.5,25,3084.5232453108697
49,"[4.1809521 4.1764636 4.1734715 4.1713061 4.1696134 4.1680779 4.1668577
 4.165637  4.1649675 4.1642199 4.1635113 4.1628814 4.1623693 4.1617789]",0.5,25,3083.3158048996283
50,"[4.1807551 4.1763458 4.1734715 4.1712275 4.1693377 4.1679993 4.1668968
 4.1657157 4.1648102 4.1640229 4.1632748 4.1626844 4.1624088 4.1617002]",0.5,25,3081.714834200848
52,"[4.1809125 4.1763849 4.1734715 4.1709914 4.169456  4.1677632 4.1667786
 4.1657944 4.1647315 4.1638656 4.1631961 4.1625662 4.1621332 4.161582 ]",0.5,25,3079.250234360219
53,"[4.1808734 4.1762671 4.1733537 4.1709914 4.1693377 4.1678419 4.1665425
 4.1655583 4.1648102 4.1638656 4.163393  4.1624479 4.1619759 4.1615033]",0.5,25,3077.45659362481
54,"[4.1808734 4.1762276 4.1733141 4.1709914 4.1692591 4.1678419 4.1665821
 4.1654401 4.1646132 4.1637869 4.1631565 4.1623693 4.1620545 4.1615033]",0.5,25,3075.421247072076
55,"[4.1807156 4.1761489 4.1731172 4.1709914 4.1691804 4.1678023 4.1666212
 4.1653614 4.1645741 4.1636686 4.1630387 4.162251  4.161818  4.1614246]",0.5,25,3073.856338667398
56,"[4.1807156 4.1763062 4.1732354 4.1711097 4.1692591 4.1679597 4.1665821
 4.1657553 4.1647315 4.164062  4.1633143 4.1626058 4.1622119 4.1615424]",0.5,25,3072.695940238036
57,"[4.1807551 4.1763458 4.1731963 4.1709914 4.1692591 4.1678419 4.1666212
 4.1654401 4.1647711 4.1639833 4.1631565 4.1625662 4.1620545 4.1615424]",0.5,25,3071.213115606553
58,"[4.1807551 4.1763849 4.1732354 4.1709518 4.1692195 4.1676841 4.1666212
 4.1654401 4.1647315 4.1639442 4.1630387 4.1625266 4.162015  4.1613455]",0.5,25,3069.597977003715
59,"[4.1807156 4.1762276 4.1731172 4.1708732 4.1691017 4.1676054 4.1664243
 4.165401  4.1645346 4.1637077 4.1629601 4.1622119 4.1618576 4.1614246]",0.5,25,3067.505088573814
60,"[4.1805582 4.1761093 4.1731963 4.1707158 4.169023  4.1675267 4.1662669
 4.1653614 4.1645346 4.1636686 4.1629205 4.1623302 4.1617789 4.1613455]",0.5,25,3066.062917619764
61,"[4.1807551 4.1761093 4.1731567 4.1709127 4.1691017 4.1676054 4.166503
 4.1653614 4.1644559 4.1636686 4.1629601 4.1624088 4.1619363 4.1614246]",0.5,25,3065.033976352812
62,"[4.1805582 4.1761093 4.1730385 4.1706762 4.169023  4.1674876 4.1663065
 4.1652827 4.1644955 4.1636686 4.1628022 4.1623693 4.1617393 4.1613455]",0.5,25,3063.480040144718
63,"[4.1807551 4.1760702 4.1729994 4.1708732 4.1689444 4.1676841 4.1662669
 4.165401  4.1644168 4.1637473 4.1629601 4.1624088 4.1617789 4.1612277]",0.5,25,3062.412135938315
64,"[4.1805582 4.1759915 4.1730385 4.1706371 4.169023  4.1675267 4.1663065
 4.1652431 4.1643772 4.1634717 4.1629205 4.162251  4.1618576 4.1611881]",0.5,25,3061.001705698784
65,"[4.1805582 4.1759129 4.1730385 4.1706371 4.1688652 4.167448  4.1662669
 4.1651645 4.164259  4.16359   4.1629205 4.162251  4.1616607 4.1611881]",0.5,25,3059.456434228652
66,"[4.1805978 4.1760306 4.1729207 4.1707554 4.169023  4.1674876 4.1663065
 4.1653614 4.1642199 4.16359   4.1628418 4.162251  4.1617002 4.1610703]",0.5,25,3058.071865297989
67,"[4.1805582 4.1761093 4.1731172 4.1707158 4.169023  4.1676841 4.1664243
 4.165401  4.1643376 4.1636686 4.1628418 4.1623693 4.161818  4.1613455]",0.5,25,3056.878500347221
68,"[4.1807156 4.1760306 4.1730385 4.1709518 4.1690621 4.1677237 4.1663065
 4.1652827 4.1645346 4.163826  4.1630778 4.1624088 4.1617789 4.1614246]",0.5,25,3055.7519024085827
69,"[4.1805191 4.1761093 4.1730385 4.1708732 4.1688652 4.1673694 4.1663852
 4.1651645 4.1643772 4.1635504 4.1629992 4.162251  4.1618576 4.1613064]",0.5,25,3054.587703143316
70,"[4.1804795 4.1758337 4.1728811 4.1704798 4.1688261 4.1672907 4.1661882
 4.1650858 4.1641803 4.163393  4.1627631 4.162251  4.1614637 4.1611881]",0.5,25,3052.9162595273133
71,"[4.1804399 4.175952  4.1727238 4.1705585 4.1688261 4.1672907 4.16607
 4.1650071 4.1641803 4.1632748 4.1627235 4.1620545 4.1613851 4.1611094]",0.5,25,3051.545891628416
72,"[4.1804008 4.1760306 4.1729598 4.1706371 4.1689048 4.1674876 4.1662278
 4.1650858 4.1643772 4.1634321 4.1629205 4.1622119 4.1615424 4.1609912]",0.5,25,3050.412285943877
73,"[4.1803613 4.1758337 4.1727629 4.1703615 4.1685896 4.1673298 4.1660309
 4.1649675 4.1639833 4.1633143 4.1625662 4.1618967 4.1613851 4.1609125]",0.5,25,3049.000761230469
74,"[4.1804795 4.1759915 4.1728415 4.1705189 4.1688261 4.1673694 4.1661487
 4.1649675 4.1641016 4.1635504 4.1626844 4.1620936 4.1614246 4.1609912]",0.5,25,3048.0005884406187
75,"[4.1804399 4.1758337 4.1728024 4.1704798 4.1686292 4.1671724 4.1659126
 4.1649675 4.1640229 4.1634717 4.1626449 4.162015  4.1615424 4.1609125]",0.5,25,3046.546372432998
76,"[4.1804795 4.1760702 4.1729207 4.1705189 4.1687474 4.167448  4.1661096
 4.1651254 4.164062  4.1634321 4.1626844 4.1621723 4.161582  4.1609521]",0.5,25,3045.353061801623
77,"[4.1803222 4.1755977 4.1727629 4.1705585 4.1687078 4.1670542 4.1659126
 4.1648498 4.164062  4.1632357 4.1626844 4.1618576 4.1615033 4.1608734]",0.5,25,3043.9407863751894
78,"[4.1802435 4.1757946 4.1726842 4.1705585 4.1685896 4.1671333 4.1659126
 4.1648498 4.1639047 4.1631961 4.1624088 4.161818  4.1612277 4.1608338]",0.5,25,3042.6088062699373
79,"[4.1803613 4.175755  4.1728415 4.1705585 4.169023  4.1673298 4.1661882
 4.165204  4.164259  4.1633534 4.1627631 4.1619363 4.1614637 4.1609125]",0.5,25,3041.831778335096
80,"[4.1802435 4.1756763 4.1727629 4.1703615 4.1686687 4.1670542 4.1660309
 4.1648102 4.1638656 4.1631174 4.1623693 4.1619363 4.1612277 4.1607156]",0.5,25,3040.297167857395
81,"[4.1801648 4.1755977 4.1726842 4.1704006 4.1687078 4.1669755 4.1658731
 4.1649284 4.1639833 4.1631174 4.1624875 4.1618967 4.1613851 4.1608338]",0.5,25,3039.374431397571
82,"[4.1803222 4.1756372 4.1727629 4.1704402 4.1685505 4.167212  4.1659522
 4.1647711 4.1641016 4.163393  4.1623693 4.1618967 4.1613851 4.1607552]",0.5,25,3038.042087966444
83,"[4.1804008 4.1759129 4.1727238 4.1705976 4.1686292 4.1672907 4.1658731
 4.1649675 4.1640229 4.1631565 4.1624479 4.1617393 4.1613455 4.1609125]",0.5,25,3037.253394858265
84,"[4.1801648 4.1755977 4.1724482 4.1703219 4.1684718 4.1670938 4.1657944
 4.1648889 4.1639442 4.1630387 4.1624088 4.1617393 4.161149  4.1605582]",0.5,25,3035.662357723793
85,"[4.1802435 4.1756763 4.1724482 4.1704798 4.1684322 4.1670151 4.1656766
 4.1648102 4.1639833 4.1631174 4.1624875 4.161818  4.161149  4.1606765]",0.5,25,3034.700714651966
86,"[4.1802826 4.1757159 4.1724873 4.1704402 4.1687078 4.1670938 4.1658731
 4.1647711 4.163826  4.1631565 4.1623693 4.1617002 4.161149  4.1607156]",0.5,25,3033.622846553274
87,"[4.1802435 4.1756763 4.1726842 4.1703219 4.1684322 4.1670938 4.1657553
 4.1647711 4.163826  4.1630778 4.1624875 4.1617393 4.1610703 4.1605582]",0.5,25,3032.353895190839
88,"[4.180007  4.1754794 4.1722908 4.1702042 4.1683931 4.1669755 4.1657553
 4.1645741 4.1637473 4.1629601 4.1622119 4.1615033 4.1609912 4.1605978]",0.5,25,3031.1782733605937
89,"[4.1802435 4.1756372 4.1725268 4.1703219 4.1683536 4.1668968 4.165834
 4.1645741 4.163826  4.1628814 4.1622119 4.161582  4.1609912 4.16044  ]",0.5,25,3030.0355793972444
90,"[4.1800857 4.175519  4.1724482 4.1700859 4.168314  4.1669755 4.1657157
 4.1646528 4.1636686 4.1629205 4.1620545 4.1615033 4.1609912 4.1605191]",0.5,25,3028.771127976076
91,"[4.1799283 4.1754403 4.1722908 4.1700859 4.1682353 4.1668181 4.1654797
 4.1646528 4.1636686 4.1629205 4.1621723 4.1615033 4.1609521 4.1605191]",0.5,25,3027.660059390327
92,"[4.1800857 4.1756763 4.1726055 4.1702433 4.1684322 4.1669755 4.165637
 4.1645741 4.1637077 4.1628418 4.1621723 4.1616211 4.1610308 4.1605978]",0.5,25,3026.707507672391
93,"[4.1800857 4.1754403 4.1723695 4.1701646 4.1682353 4.1666999 4.1657157
 4.1644559 4.1635113 4.1627631 4.1620545 4.1613851 4.1607947 4.1604009]",0.5,25,3025.467121209175
94,"[4.1801252 4.1754007 4.1724873 4.170125  4.1683931 4.1668968 4.1657157
 4.1645741 4.1636686 4.1628814 4.1621723 4.1615424 4.1609521 4.1604009]",0.5,25,3024.589471454939
95,"[4.1799679 4.1753616 4.172133  4.1699286 4.1682749 4.1666999 4.1655188
 4.1644955 4.1635113 4.1627631 4.1619759 4.1612277 4.1608338 4.1603613]",0.5,25,3023.206068202449
96,"[4.1800857 4.1754007 4.1724873 4.1702042 4.168314  4.1668181 4.1657157
 4.1646132 4.1637077 4.1627631 4.1621723 4.1614246 4.1609125 4.1603613]",0.5,25,3022.493649289825
97,"[4.180007  4.1754007 4.1722908 4.1699677 4.1681175 4.1667786 4.1654401
 4.1646132 4.1634717 4.1627235 4.1620936 4.1614246 4.1609912 4.16044  ]",0.5,25,3021.133383317056
98,"[4.1799283 4.1753616 4.1722908 4.1700859 4.1681962 4.1667786 4.165637
 4.1644559 4.1635113 4.1626449 4.1620545 4.1613455 4.1608338 4.1605582]",0.5,25,3020.3112470918763
99,"[4.1800857 4.1753616 4.1722116 4.1701646 4.1681175 4.1666999 4.165401
 4.1644559 4.1634321 4.1627631 4.1619759 4.1613455 4.1607947 4.1602039]",0.5,25,3019.197491364748
100,"[4.1800857 4.1753616 4.1724086 4.1702042 4.1682353 4.1668577 4.1654401
 4.1646528 4.1637077 4.1629205 4.1622119 4.1616211 4.1609521 4.1604009]",0.5,25,3018.386723525934
101,"[4.180007  4.1753616 4.1722908 4.169889  4.168314  4.1665821 4.1655974
 4.1644955 4.1634321 4.1628022 4.1619363 4.1612668 4.1607552 4.1602826]",0.5,25,3016.9274942956563
103,"[4.17981   4.1753221 4.1723695 4.1699677 4.1680779 4.1666212 4.1654401
 4.1643376 4.1635113 4.1625266 4.1618576 4.1612668 4.1605978 4.1602826]",0.5,25,3015.751999551324
104,"[4.1799679 4.1753616 4.172133  4.1699677 4.1681175 4.1665425 4.165401
 4.1643376 4.1633534 4.1625266 4.161818  4.1611881 4.1606765 4.1602039]",0.5,25,3014.616881901314
105,"[4.17981   4.1752038 4.1719756 4.169692  4.1679597 4.166503  4.165204
 4.1642985 4.1631961 4.1624479 4.1616607 4.161149  4.1605191 4.1598892]",0.5,25,3013.090761097953
106,"[4.1799283 4.1753221 4.1720939 4.1699677 4.1680779 4.1666999 4.1652827
 4.1643376 4.1634321 4.1626058 4.1619363 4.1612277 4.1605582 4.1601253]",0.5,25,3012.125230650633
107,"[4.1798892 4.1753616 4.1721725 4.1699286 4.1680388 4.166503  4.1653614
 4.1644559 4.1634321 4.1625266 4.1619759 4.1613064 4.1605978 4.1602826]",0.5,25,3011.188578039282
108,"[4.1797314 4.1749678 4.171936  4.1697707 4.1681175 4.1663852 4.1651645
 4.1642199 4.1631565 4.1624875 4.1616211 4.1610308 4.1606369 4.160007 ]",0.5,25,3009.706743202582
109,"[4.1796923 4.1752038 4.1721725 4.1696529 4.1679206 4.1663456 4.1651254
 4.164062  4.1632357 4.1624479 4.1616211 4.1610703 4.1605191 4.1599679]",0.5,25,3008.6055356186266
110,"[4.1796923 4.1752825 4.1723299 4.1697707 4.1680779 4.166503  4.1652431
 4.1641412 4.1632357 4.1624479 4.161818  4.161149  4.1605582 4.160007 ]",0.5,25,3007.713545921224
111,"[4.17981   4.1752434 4.1720939 4.1696134 4.1679206 4.1664639 4.165204
 4.1641803 4.1632357 4.1623693 4.1617393 4.1610308 4.1604009 4.1598892]",0.5,25,3006.489452379154
112,"[4.1796923 4.175086  4.1720543 4.1697316 4.1677237 4.1664243 4.1651645
 4.1641016 4.1631961 4.162251  4.1616607 4.1608734 4.16044   4.1598496]",0.5,25,3005.4384498706013
113,"[4.1797314 4.1750464 4.1718969 4.1696529 4.1677632 4.1662278 4.1651254
 4.1639442 4.1630778 4.1621723 4.1615424 4.1609125 4.1603613 4.1596527]",0.5,25,3004.239696973875
114,"[4.17981   4.1751251 4.172133  4.169889  4.1680779 4.1664243 4.165204
 4.164259  4.1631565 4.1622906 4.1617002 4.1609521 4.1603613 4.1599283]",0.5,25,3003.54291957031
115,"[4.17981   4.175086  4.1718969 4.1697316 4.1679206 4.1663456 4.1650467
 4.1641016 4.1630778 4.162251  4.1617393 4.1608734 4.1604009 4.160007 ]",0.5,25,3002.455486919893
116,"[4.1797314 4.1749282 4.1719756 4.1696134 4.167881  4.1662278 4.1650858
 4.1640229 4.1630778 4.1622119 4.1616211 4.1610308 4.1602826 4.1598101]",0.5,25,3001.429513793268
117,"[4.1796136 4.1748495 4.1718183 4.1694951 4.1676054 4.1662278 4.1649675
 4.1637473 4.1628814 4.1621332 4.1613064 4.1607947 4.160007  4.1596136]",0.5,25,3000.123391520996
118,"[4.179574  4.1748495 4.1717396 4.1694164 4.1676054 4.16607   4.1648498
 4.1638656 4.1628418 4.162015  4.1613851 4.1608338 4.1602039 4.1596923]",0.5,25,2999.143454280055
119,"[4.1796527 4.1749282 4.1718574 4.1694164 4.1677237 4.1662278 4.1649284
 4.1638656 4.1627631 4.1620545 4.1613064 4.1608338 4.1602039 4.1596527]",0.5,25,2998.211772967397
120,"[4.1795344 4.1749678 4.1717396 4.1695347 4.1677237 4.1661487 4.1650071
 4.163826  4.1628814 4.162251  4.1614637 4.1607947 4.1602039 4.1596527]",0.5,25,2997.3847254863845
121,"[4.179574  4.1748495 4.1718574 4.1694951 4.1676054 4.1661096 4.1649284
 4.163826  4.1628814 4.162015  4.1613455 4.1607156 4.1602039 4.1595345]",0.5,25,2996.2545353788264
122,"[4.1796136 4.1750073 4.1717    4.1696134 4.1677237 4.1661487 4.1648889
 4.1639047 4.1628418 4.1622119 4.1615033 4.1606765 4.1600466 4.1596923]",0.5,25,2995.439840055474
123,"[4.1794953 4.1748891 4.1717396 4.169456  4.167645  4.1662669 4.1648889
 4.1637077 4.1629205 4.1621332 4.1613851 4.1607552 4.1601253 4.1596527]",0.5,25,2994.381637091335
124,"[4.1794953 4.1748104 4.1717787 4.169456  4.1676841 4.1662278 4.1649675
 4.1636291 4.1628022 4.1620936 4.1612668 4.1605582 4.160007  4.159574 ]",0.5,25,2993.383330574814
125,"[4.1796923 4.1750073 4.1717396 4.1696134 4.1676841 4.1661487 4.1648889
 4.1638656 4.1628814 4.1621332 4.1614637 4.1606369 4.1603613 4.159771 ]",0.5,25,2992.563751393771
126,"[4.1795344 4.1748495 4.1716213 4.1692986 4.1674876 4.165834  4.1646924
 4.1636686 4.1626844 4.1618576 4.1611881 4.1606369 4.1598892 4.159338 ]",0.5,25,2991.067090178221
127,"[4.1794953 4.1747708 4.1717787 4.1693773 4.1676054 4.1659522 4.1646924
 4.1636291 4.1626844 4.1619363 4.161149  4.1605191 4.1599679 4.1594558]",0.5,25,2990.235740204537
128,"[4.1795344 4.1750073 4.1717    4.169456  4.1673298 4.16607   4.1647711
 4.1637869 4.1626844 4.162015  4.1613064 4.1605978 4.1600857 4.1594558]",0.5,25,2989.401964372287
129,"[4.1796136 4.1749282 4.1718574 4.1695347 4.1676841 4.1661487 4.1648498
 4.1637077 4.1628022 4.162015  4.1613455 4.1607552 4.1600466 4.1595345]",0.5,25,2988.66337714247
130,"[4.179574  4.1747708 4.1716213 4.1692195 4.1674085 4.1659126 4.1647711
 4.1636686 4.1627631 4.1619363 4.161149  4.1605191 4.160007  4.1592984]",0.5,25,2987.3962587917745
131,"[4.1795344 4.1747317 4.1715817 4.1692591 4.167448  4.1659522 4.1646528
 4.1634717 4.1625662 4.1617393 4.1610308 4.16044   4.1598101 4.1592984]",0.5,25,2986.2689180430766
132,"[4.1794953 4.1747317 4.1715817 4.1694164 4.1674085 4.1659522 4.1645741
 4.1635504 4.1626058 4.1618967 4.161149  4.16044   4.159771  4.1592984]",0.5,25,2985.6019566899986
133,"[4.1792984 4.1747708 4.1715426 4.1692986 4.1674876 4.1657944 4.1647711
 4.1635113 4.1625266 4.1617789 4.1609912 4.1603613 4.1598892 4.1592984]",0.5,25,2984.477665618759
134,"[4.1796923 4.1748891 4.1717    4.1692195 4.1673298 4.1661487 4.1645346
 4.1635504 4.1626844 4.1617002 4.1612277 4.1605191 4.1598892 4.1593771]",0.5,25,2983.604611214873
135,"[4.1794167 4.1745739 4.1715031 4.1692591 4.1672511 4.165637  4.1646132
 4.1635113 4.1625266 4.161582  4.1609521 4.1602826 4.1596923 4.1592197]",0.5,25,2982.2793090538203
136,"[4.1794167 4.1747317 4.1716213 4.1692195 4.1675663 4.1657944 4.1645741
 4.1636291 4.1625266 4.1618967 4.1609125 4.1604009 4.1598892 4.1591802]",0.5,25,2981.523636296792
137,"[4.1792197 4.1746526 4.171464  4.1691804 4.1672907 4.165637  4.1646132
 4.163393  4.1624479 4.1617002 4.1607947 4.1601648 4.1597314 4.1591015]",0.5,25,2980.2056195907912
138,"[4.1792197 4.1745348 4.1714244 4.1691017 4.1672511 4.165834  4.1644168
 4.163393  4.1624088 4.1617789 4.1609521 4.1602435 4.1598496 4.1592984]",0.5,25,2979.362148964572
139,"[4.1794558 4.1745348 4.1713853 4.1690621 4.1672511 4.1657553 4.1645346
 4.1632357 4.1624088 4.161582  4.1609125 4.1602039 4.1596923 4.1590624]",0.5,25,2978.24229794013
140,"[4.179141  4.1747317 4.1715031 4.169023  4.167212  4.1657553 4.1643376
 4.1633143 4.1623302 4.1615424 4.1607947 4.1602435 4.1596527 4.1591015]",0.5,25,2977.3714809562184
141,"[4.1791801 4.1745739 4.1713853 4.1689835 4.1672907 4.1657157 4.1646528
 4.163393  4.1623693 4.1614637 4.1607947 4.1602039 4.159574  4.1591802]",0.5,25,2976.834159982232
142,"[4.1790228 4.1742592 4.1709914 4.1687474 4.1669364 4.1654797 4.1641803
 4.1630778 4.1622119 4.1611881 4.1605582 4.1599679 4.1592984 4.1588259]",0.5,25,2974.798767288276
143,"[4.1793771 4.1745739 4.1713853 4.169023  4.1671333 4.1657553 4.1644955
 4.1634321 4.1623693 4.1615424 4.1607552 4.1600857 4.1596527 4.1590624]",0.5,25,2974.6269647999407
144,"[4.1792197 4.1745739 4.1711884 4.1691804 4.1671724 4.1653614 4.1643772
 4.1633143 4.162251  4.1613455 4.1605978 4.1600466 4.1594167 4.1589046]",0.5,25,2973.220804760605
145,"[4.179141  4.174377  4.1713853 4.169023  4.1671333 4.165637  4.1644168
 4.1633143 4.1624088 4.1614246 4.1607947 4.1601253 4.1595345 4.1588655]",0.5,25,2972.5089933618183
146,"[4.1791801 4.1743379 4.171267  4.1689048 4.1670542 4.1655974 4.1641412
 4.1631174 4.1622119 4.1613455 4.1605582 4.1599679 4.1594167 4.1588655]",0.5,25,2971.4863283851428
147,"[4.179141  4.1745348 4.1713061 4.1689048 4.1669755 4.1655188 4.1642199
 4.1630778 4.1621723 4.1613064 4.1607156 4.1599679 4.1594558 4.1588655]",0.5,25,2970.367864909535
148,"[4.1791801 4.1744561 4.1713457 4.1690621 4.1671333 4.1655583 4.1643376
 4.1631565 4.162251  4.1613851 4.1605582 4.1600466 4.1594954 4.1589441]",0.5,25,2969.725912185061
149,"[4.179141  4.1743379 4.1713061 4.1688261 4.1670542 4.165401  4.1641803
 4.1630778 4.162015  4.1613064 4.1606765 4.159771  4.1594167 4.1587868]",0.5,25,2968.478766536595
150,"[4.1790228 4.1743379 4.1711884 4.1687865 4.1668968 4.1655583 4.1641412
 4.1629205 4.162015  4.1613064 4.16044   4.1598101 4.1591015 4.1587081]",0.5,25,2967.3501739237468
151,"[4.179141  4.1745348 4.1711488 4.1689835 4.1670151 4.1654797 4.1642199
 4.1631174 4.1620936 4.1613455 4.1605582 4.1599679 4.1592984 4.1588259]",0.5,25,2966.536474836427
152,"[4.1790624 4.1744165 4.1711097 4.1687865 4.1669755 4.165401  4.1641412
 4.1630387 4.162015  4.1611094 4.1603613 4.159771  4.1592197 4.1585898]",0.5,25,2965.297761136065
154,"[4.1789441 4.1741805 4.1711097 4.1686687 4.1668577 4.1651254 4.1639442
 4.1629205 4.1617789 4.1609912 4.1602826 4.159574  4.1589046 4.1583929]",0.5,25,2964.5170468089477
155,"[4.1792197 4.1742196 4.1710305 4.1687078 4.1668577 4.1653223 4.1639833
 4.1629205 4.1619363 4.1611881 4.1604795 4.1597314 4.1591802 4.1583929]",0.5,25,2963.336106458198
156,"[4.1789441 4.1742592 4.1711097 4.1687474 4.1669364 4.1650858 4.164062
 4.1628022 4.1619363 4.1611094 4.1604009 4.159771  4.1590228 4.1585503]",0.5,25,2962.011360856527
157,"[4.1790624 4.1741805 4.1710305 4.1687865 4.1668577 4.1651254 4.163826
 4.1627235 4.161818  4.1609125 4.1601253 4.1596923 4.1589837 4.1584325]",0.5,25,2960.636600785863
158,"[4.1789045 4.1741409 4.1709127 4.1687474 4.1666608 4.1651254 4.163826
 4.1627631 4.1617393 4.1608734 4.1602435 4.1596527 4.1589046 4.1583929]",0.5,25,2959.462906880155
159,"[4.1790624 4.1744165 4.1709518 4.1685896 4.1668577 4.1651254 4.1639442
 4.1628418 4.1618576 4.1610703 4.1601648 4.1596923 4.1590228 4.1585503]",0.5,25,2958.5734882781294
160,"[4.1790228 4.1741805 4.1709914 4.1687078 4.1666999 4.1652431 4.1637869
 4.1626449 4.1617789 4.1609521 4.1602435 4.1594167 4.1589837 4.1582355]",0.5,25,2957.37983314331
161,"[4.1790228 4.1742196 4.1711884 4.1687474 4.1667786 4.1650858 4.1637869
 4.1627235 4.1618576 4.1608338 4.1602435 4.1594167 4.1588259 4.1583538]",0.5,25,2956.4072278401677
162,"[4.1790624 4.1741409 4.1709518 4.1687474 4.1666608 4.1650467 4.1639047
 4.1627235 4.1616607 4.1609521 4.1600466 4.1594167 4.1589441 4.1582355]",0.5,25,2955.0446444790336
163,"[4.1789441 4.1742592 4.1710305 4.1687078 4.1666608 4.1650858 4.1636291
 4.1626058 4.1617002 4.1608734 4.1600466 4.1594558 4.1586685 4.1581173]",0.5,25,2953.868054942762
164,"[4.1789837 4.1740623 4.1709914 4.1685505 4.1667786 4.1651645 4.1640229
 4.1628022 4.161818  4.1609521 4.1601253 4.1594954 4.1590624 4.1582747]",0.5,25,2953.001168132184
165,"[4.1787868 4.1741409 4.1709518 4.1685505 4.1665425 4.165204  4.163826
 4.1626844 4.1616607 4.1607947 4.1599679 4.1594954 4.1587472 4.1582355]",0.5,25,2951.71274857042
166,"[4.1788259 4.1739836 4.1709914 4.1685109 4.1666212 4.1651254 4.163826
 4.1628022 4.1617789 4.1607552 4.1600466 4.1592984 4.1587081 4.1581569]",0.5,25,2950.5772672857
167,"[4.1788259 4.1741018 4.1709518 4.1684322 4.1666608 4.165204  4.1637869
 4.1627235 4.1617789 4.1610703 4.1601648 4.159338  4.1587868 4.1583538]",0.5,25,2949.5324956412765
168,"[4.1787472 4.1741018 4.1708732 4.1685896 4.1665821 4.1650858 4.1636291
 4.1627631 4.161582  4.1608338 4.1601648 4.159338  4.1586685 4.1581173]",0.5,25,2947.921608259413
169,"[4.1789441 4.1741409 4.1709127 4.1686292 4.1667395 4.1652431 4.1639442
 4.1628418 4.1617002 4.1609125 4.1601648 4.1594558 4.1589046 4.1583142]",0.5,25,2946.8857047356514
170,"[4.1787081 4.1741018 4.1707554 4.1684718 4.1665425 4.1650467 4.1639047
 4.1626449 4.161582  4.1608338 4.160007  4.1592984 4.1586289 4.1581569]",0.5,25,2945.113696559109
171,"[4.1785898 4.1741018 4.1709518 4.1684322 4.1665425 4.1648889 4.16359
 4.1627235 4.161582  4.1607552 4.1600466 4.1593771 4.1585898 4.158196 ]",0.5,25,2943.4216282500547
172,"[4.1788259 4.1740227 4.1708341 4.1685109 4.1666212 4.165204  4.163826
 4.1625662 4.1616607 4.1609125 4.1601648 4.1593771 4.1588259 4.1581569]",0.5,25,2941.7880140687403
173,"[4.1788259 4.1741409 4.1709518 4.1684718 4.1668181 4.1650071 4.1637473
 4.1626449 4.1616211 4.1607552 4.160007  4.1594954 4.1589046 4.1582355]",0.5,25,2940.18707997762
174,"[4.1787868 4.1739836 4.1707554 4.1685505 4.1665425 4.1650071 4.1638656
 4.1625662 4.1616211 4.1608338 4.1598892 4.1594558 4.1585503 4.1580782]",0.5,25,2938.147981032582
175,"[4.1788259 4.1738653 4.1709127 4.1685505 4.1666608 4.1652431 4.1639047
 4.1625662 4.1617393 4.1608338 4.1602435 4.159338  4.1588259 4.1581173]",0.5,25,2936.5638540903083
176,"[4.1788654 4.1740227 4.1707158 4.1684718 4.166503  4.1649284 4.163826
 4.1626058 4.1614637 4.1607552 4.1600857 4.159338  4.1585503 4.1580782]",0.5,25,2934.489466553141
177,"[4.1786685 4.1740623 4.1707945 4.1682749 4.1665425 4.1648498 4.1637473
 4.1624479 4.1615424 4.1607156 4.1599283 4.159338  4.1586289 4.157999 ]",0.5,25,2932.501158702121
178,"[4.1787868 4.1740227 4.1707158 4.1685109 4.166503  4.1648889 4.1636291
 4.1625662 4.1615033 4.1607947 4.1598101 4.1592593 4.1585503 4.157999 ]",0.5,25,2930.3226125096303
179,"[4.1787081 4.1739049 4.1709127 4.1683536 4.1663852 4.1650071 4.1636686
 4.1623693 4.1615033 4.1607156 4.1598101 4.1592984 4.1586685 4.157999 ]",0.5,25,2928.3207568678163
180,"[4.1786294 4.1739049 4.1708341 4.1683931 4.1663456 4.1648889 4.1634717
 4.1623693 4.1612668 4.1605582 4.1598496 4.1590228 4.1583929 4.1580386]",0.5,25,2926.046240896133
181,"[4.1786685 4.1738262 4.1705976 4.1684322 4.1663852 4.1646528 4.1635504
 4.1624088 4.1613851 4.1605191 4.159771  4.1592593 4.1585503 4.157999 ]",0.5,25,2924.0100865245204
182,"[4.1785111 4.173708  4.1706762 4.1680388 4.1661487 4.1646528 4.1634321
 4.1624088 4.1612277 4.1606765 4.1596527 4.1589441 4.1583538 4.1578813]",0.5,25,2921.350399537351
183,"[4.1785898 4.1738653 4.1706762 4.1681962 4.1662669 4.1648889 4.1634717
 4.1623693 4.1613455 4.1605191 4.1596527 4.1589837 4.1583929 4.1578813]",0.5,25,2919.245192894424
184,"[4.1785898 4.1737471 4.1707945 4.1681962 4.1663065 4.1647711 4.1632748
 4.1622119 4.1612668 4.1604795 4.1596923 4.1590228 4.1584325 4.1576843]",0.5,25,2917.02384361735
185,"[4.1785502 4.1737866 4.1706371 4.1679993 4.1661882 4.1646528 4.1632357
 4.1623693 4.1612277 4.1603613 4.1596923 4.1588259 4.1583538 4.157763 ]",0.5,25,2914.236829601101
186,"[4.1784325 4.1736293 4.1705189 4.1679993 4.1661487 4.1646132 4.1632748
 4.162251  4.1611094 4.1603613 4.1594954 4.1589046 4.1582355 4.1578026]",0.5,25,2912.109503224148
187,"[4.1784325 4.1737866 4.1705189 4.1680779 4.1660309 4.1645741 4.1633143
 4.1620936 4.161149  4.1603222 4.1595345 4.1587472 4.1582355 4.1575661]",0.5,25,2909.7619546347387
188,"[4.1782746 4.1734715 4.1702828 4.1678419 4.1659126 4.1644168 4.1629601
 4.1618967 4.1610308 4.1602039 4.1592197 4.1585503 4.1578417 4.1574483]",0.5,25,2907.0713386353887
189,"[4.1785111 4.1736293 4.1704006 4.1681566 4.1660309 4.1645741 4.1633534
 4.1620936 4.161149  4.1601648 4.1594167 4.1588259 4.1582355 4.1576447]",0.5,25,2905.41611044094
190,"[4.1784716 4.1735506 4.1702828 4.1679206 4.1661096 4.1644559 4.1632357
 4.162015  4.1610308 4.1601253 4.159338  4.1587081 4.1579599 4.1574483]",0.5,25,2903.325688059217
191,"[4.1783929 4.1734324 4.1704402 4.1679993 4.1659913 4.1644955 4.1631961
 4.1619363 4.1609521 4.1601648 4.1592984 4.1588259 4.1581173 4.1573691]",0.5,25,2900.8612733753803
192,"[4.1782355 4.1734324 4.1702042 4.1679206 4.1659913 4.1644168 4.1630387
 4.1619363 4.1610308 4.1599679 4.1595345 4.1588259 4.1582355 4.157527 ]",0.5,25,2898.475266651747
193,"[4.1781569 4.1733928 4.1702042 4.1678419 4.165834  4.1644559 4.1629601
 4.161818  4.1608338 4.1600857 4.1592197 4.1586289 4.1578417 4.1573691]",0.5,25,2896.35902183648
194,"[4.1781173 4.1733141 4.1700859 4.1676054 4.1657944 4.164259  4.1628022
 4.161582  4.1607156 4.159771  4.1590228 4.1582747 4.1576843 4.1570935]",0.5,25,2893.711087873537
195,"[4.1781569 4.1734324 4.170125  4.1677632 4.1657944 4.1641016 4.1631174
 4.1617002 4.1607947 4.1600466 4.1592197 4.1584325 4.1578417 4.1571331]",0.5,25,2892.0185671705467
196,"[4.1782355 4.173511  4.170125  4.1677632 4.1657944 4.1644955 4.1630387
 4.161818  4.1609125 4.1601253 4.1592984 4.1585112 4.1579599 4.1574087]",0.5,25,2890.120416666668
197,"[4.178196  4.1733928 4.1700072 4.1676841 4.1657553 4.1641016 4.1626844
 4.1617393 4.1607156 4.1596527 4.1591015 4.1583142 4.1576056 4.1571331]",0.5,25,2887.708277761093
198,"[4.1782746 4.1733928 4.170125  4.1677237 4.1657157 4.1641803 4.1628418
 4.161818  4.1608338 4.1599679 4.1591802 4.1584716 4.1578417 4.1571727]",0.5,25,2885.895730539823
199,"[4.178196  4.1733537 4.170125  4.1677237 4.1659126 4.164259  4.1628814
 4.1617789 4.1607552 4.1598496 4.1591802 4.1583142 4.157999  4.1571727]",0.5,25,2883.824484070908
200,"[4.1780782 4.1733928 4.1700463 4.167645  4.1657157 4.1642199 4.1628418
 4.1618967 4.1607156 4.1599283 4.1590624 4.1583142 4.1576843 4.1572905]",0.5,25,2881.615067289905
201,"[4.1782746 4.1731567 4.1699677 4.1674085 4.165637  4.1639833 4.1626058
 4.1614637 4.1605191 4.1594954 4.1588259 4.1581173 4.1576056 4.1568971]",0.5,25,2879.405816564125
202,"[4.1780386 4.173275  4.1700072 4.1675267 4.165637  4.1639442 4.1627235
 4.1615424 4.1605978 4.1596527 4.1589441 4.158196  4.1574483 4.1570148]",0.5,25,2877.6917294968
203,"[4.1781173 4.1732354 4.1700072 4.1676841 4.1655974 4.1639442 4.1626844
 4.161582  4.1605582 4.1596136 4.1589046 4.158196  4.157527  4.1568971]",0.5,25,2876.0487522049957
205,"[4.177999  4.1731963 4.1699286 4.1676054 4.1656766 4.1640229 4.1628022
 4.161582  4.16044   4.1596527 4.1589046 4.1581569 4.1575661 4.1568575]",0.5,25,2874.805863849961
206,"[4.1781173 4.1729994 4.1699677 4.1675267 4.165637  4.1639442 4.1625266
 4.1613851 4.1604009 4.1595345 4.1588655 4.1578813 4.15733   4.1568184]",0.5,25,2871.606932943388
207,"[4.1779203 4.1731567 4.1697707 4.1672907 4.1655188 4.163826  4.1625266
 4.1612668 4.1603222 4.1594558 4.1587081 4.157999  4.1572118 4.1567392]",0.5,25,2868.833123010118
208,"[4.1778417 4.1728415 4.1698103 4.1673298 4.165401  4.163826  4.1624088
 4.1612668 4.16044   4.1593771 4.1585503 4.1578417 4.1572905 4.1567001]",0.5,25,2866.5970749131952
209,"[4.1778812 4.1730385 4.169692  4.1672907 4.1653614 4.1637473 4.1624088
 4.1613064 4.1602435 4.1592593 4.1585503 4.1579204 4.1574087 4.1567392]",0.5,25,2864.856230197075
210,"[4.1779203 4.1730781 4.1698103 4.1671724 4.165401  4.1637077 4.1624088
 4.1613064 4.1603222 4.1596527 4.1586289 4.1581173 4.1572905 4.1567001]",0.5,25,2863.28798628079
211,"[4.1779599 4.1731172 4.1699286 4.1674085 4.1654797 4.1639833 4.1624479
 4.1613455 4.16044   4.1594167 4.1587868 4.1579204 4.15733   4.1570544]",0.5,25,2861.864332347276
212,"[4.1779203 4.1729598 4.1698103 4.1673694 4.1655583 4.1641412 4.1625662
 4.1612277 4.1602826 4.1595345 4.1587868 4.1579204 4.1573691 4.1567788]",0.5,25,2860.244782148576
213,"[4.1779203 4.1729598 4.1697316 4.1673298 4.1653614 4.1637473 4.1623693
 4.1611881 4.1602435 4.1594167 4.1585898 4.1579204 4.1572118 4.1565428]",0.5,25,2858.47899736735
214,"[4.1778417 4.1729207 4.1694164 4.167212  4.1651254 4.1634717 4.1621723
 4.161149  4.1601253 4.1591015 4.1583929 4.1577239 4.1568575 4.1563849]",0.5,25,2856.685206904162
215,"[4.1776447 4.1729207 4.1696134 4.1671333 4.1652827 4.1637077 4.162251
 4.1611094 4.1600857 4.1591411 4.1584716 4.157763  4.1570544 4.1565819]",0.5,25,2855.269223284505
216,"[4.1778417 4.1728415 4.1697316 4.1671724 4.1653223 4.1635504 4.1622119
 4.1610703 4.1601253 4.1591411 4.1583538 4.1576843 4.1570544 4.1565032]",0.5,25,2854.111061113689
217,"[4.1776447 4.1728415 4.1696134 4.1669755 4.1649675 4.16359   4.162015
 4.1611094 4.1599283 4.1590228 4.1582355 4.1574087 4.1568971 4.1563063]",0.5,25,2852.429628795438
218,"[4.1778026 4.1728811 4.1695743 4.1671333 4.1651254 4.16359   4.1623693
 4.1609912 4.160007  4.1592593 4.1583929 4.1576056 4.1569757 4.1562276]",0.5,25,2851.045609878475
219,"[4.1776843 4.1728024 4.1694164 4.1670151 4.1650467 4.1634321 4.1620545
 4.1609912 4.1601253 4.1590624 4.1582355 4.1575661 4.1570544 4.1563063]",0.5,25,2849.918987232668
220,"[4.1776056 4.1726451 4.1693377 4.1668181 4.1648889 4.163393  4.1619363
 4.1608338 4.1598496 4.1588655 4.1580386 4.1572905 4.1565819 4.1561489]",0.5,25,2848.69861261624
221,"[4.1778812 4.1729598 4.1697316 4.1672907 4.165204  4.1636686 4.1623693
 4.1611094 4.1601648 4.1592197 4.1585112 4.157763  4.1570935 4.1565819]",0.5,25,2849.112032577041
222,"[4.1778417 4.1728024 4.1695347 4.1671333 4.1651254 4.1635113 4.1621723
 4.1609521 4.1599679 4.1590228 4.158196  4.1576056 4.1569362 4.1562672]",0.5,25,2847.883471925861
223,"[4.1776447 4.1728024 4.1694951 4.1670938 4.165204  4.163393  4.1621332
 4.1609912 4.1598496 4.1590228 4.1582355 4.1574874 4.1567392 4.1562276]",0.5,25,2846.4782994688594
224,"[4.1776447 4.1728024 4.1694951 4.1670542 4.1649675 4.1633143 4.1619759
 4.1607552 4.1598496 4.1588259 4.1583142 4.1574087 4.1568971 4.1560702]",0.5,25,2845.028047659775
225,"[4.1777239 4.1729207 4.169456  4.1671333 4.1650071 4.1634717 4.1621723
 4.1609125 4.1599283 4.1590228 4.1582747 4.157527  4.1566606 4.1562276]",0.5,25,2843.9859879379637
226,"[4.1776447 4.1726451 4.1694164 4.1669364 4.1650071 4.1634717 4.1619363
 4.1608338 4.1598101 4.1589441 4.1580386 4.1574087 4.1566215 4.1562672]",0.5,25,2842.8179666303163
227,"[4.1776056 4.1726842 4.1693773 4.1668577 4.1648889 4.1633143 4.1619759
 4.1608338 4.159771  4.1589441 4.1581173 4.15733   4.1567392 4.1560307]",0.5,25,2841.751156645374
228,"[4.1776843 4.1728024 4.1695347 4.1669364 4.165204  4.1634321 4.1620545
 4.1609125 4.159771  4.1589441 4.1581173 4.1574483 4.1567001 4.1562672]",0.5,25,2840.673039200844
229,"[4.177527  4.1726055 4.1693773 4.1669755 4.1649284 4.1632748 4.1619759
 4.1607947 4.1596923 4.1588259 4.157999  4.1572514 4.1565819 4.1560307]",0.5,25,2839.177088948843
230,"[4.1774483 4.1728415 4.1692986 4.1668968 4.1648102 4.1634321 4.1618576
 4.1606369 4.1597314 4.1587868 4.1580386 4.1572118 4.1565428 4.1559129]",0.5,25,2837.8292481734225
231,"[4.1776447 4.1727629 4.1693773 4.1670938 4.1649284 4.1632357 4.1620545
 4.1607552 4.1596136 4.1587868 4.1581569 4.1572118 4.1564245 4.1560307]",0.5,25,2836.7807985896807
232,"[4.1776447 4.1727629 4.1692591 4.1669364 4.1648498 4.1633143 4.1618576
 4.1607552 4.1596136 4.1588655 4.158196  4.1574087 4.1565819 4.1558337]",0.5,25,2835.692956743979
233,"[4.1774087 4.1723299 4.1691408 4.1665821 4.1646924 4.1630387 4.1617789
 4.1606369 4.1594167 4.1586289 4.1576447 4.1570544 4.156188  4.1556764]",0.5,25,2833.901322587484
234,"[4.1774874 4.1724482 4.1692986 4.1668181 4.1647711 4.1632748 4.1618967
 4.1604795 4.1596136 4.1587868 4.1578417 4.1570935 4.1563849 4.1558337]",0.5,25,2832.75888892334
235,"[4.1774874 4.1725268 4.1691408 4.1666608 4.1647711 4.1632748 4.161818
 4.1605978 4.1593771 4.1586685 4.157763  4.1570935 4.1564245 4.1556373]",0.5,25,2831.0555590672466
236,"[4.1775661 4.1723695 4.1691408 4.1668577 4.1647315 4.1632748 4.1617002
 4.1605978 4.1596527 4.1585503 4.1578813 4.1569757 4.1562672 4.1555581]",0.5,25,2829.759635011937
237,"[4.1774087 4.1725268 4.1693377 4.1668577 4.1648102 4.1631961 4.1617393
 4.1606765 4.1596527 4.1586685 4.157763  4.1571727 4.1563458 4.1556373]",0.5,25,2828.127820599227
238,"[4.1775661 4.1724482 4.1691017 4.1668181 4.1647711 4.1631565 4.1617002
 4.1605978 4.1593771 4.1584716 4.1577239 4.1570148 4.156188  4.1557159]",0.5,25,2826.3188226076945
239,"[4.177527  4.1725268 4.1692986 4.1668577 4.1648102 4.1631961 4.1616607
 4.1605191 4.159574  4.1585112 4.157763  4.1569757 4.1562672 4.1555581]",0.5,25,2825.049743832331
240,"[4.1775661 4.1725659 4.1692591 4.1664639 4.1646924 4.1630387 4.1616607
 4.1604795 4.1594167 4.1583142 4.1576056 4.1567392 4.1561489 4.1554008]",0.5,25,2823.0368938442657
241,"[4.1773691 4.1725268 4.1693377 4.1667395 4.1645741 4.1629601 4.161582
 4.16044   4.1594167 4.1585503 4.1575661 4.1567788 4.1563063 4.1555581]",0.5,25,2821.1409449199737
242,"[4.1774087 4.1726055 4.1690621 4.1665821 4.1645741 4.1627235 4.1615033
 4.1604795 4.159338  4.1584325 4.1574087 4.1567392 4.1561489 4.1553221]",0.5,25,2818.941746571996
243,"[4.1772513 4.1724086 4.1691017 4.1665425 4.1645346 4.1628418 4.1614246
 4.1602435 4.1592984 4.1583142 4.1574874 4.1565819 4.1560307 4.1554403]",0.5,25,2817.191031657849
244,"[4.1772513 4.1723299 4.1690621 4.1666212 4.1645346 4.1628418 4.1614637
 4.1601648 4.1593771 4.1583538 4.157527  4.1567392 4.1558733 4.1552825]",0.5,25,2815.012852247856
245,"[4.1772513 4.1722908 4.1689048 4.1663456 4.1644168 4.1627235 4.1611881
 4.1602039 4.1590228 4.1582747 4.15733   4.1564245 4.155755  4.1551647]",0.5,25,2812.9333681255434
246,"[4.1774483 4.1722908 4.1689048 4.1664639 4.1644559 4.1627631 4.1613455
 4.1601648 4.1590624 4.1583142 4.1571727 4.1565819 4.1558337 4.1552434]",0.5,25,2810.623544161783
247,"[4.1771727 4.1722512 4.1687865 4.1664639 4.1644168 4.1628418 4.1612668
 4.1601253 4.1590624 4.1580386 4.1571727 4.1564636 4.155755  4.1551251]",0.5,25,2808.095615805527
248,"[4.17733   4.1722908 4.1690621 4.1664243 4.1644955 4.1628814 4.1614637
 4.16044   4.1591802 4.1582747 4.15733   4.1565032 4.1557946 4.1552434]",0.5,25,2806.189770302054
249,"[4.1772904 4.1722908 4.1689048 4.1664639 4.1644955 4.1629601 4.1612277
 4.1601648 4.1590228 4.1581569 4.1572514 4.1565819 4.1559129 4.1551251]",0.5,25,2804.138193898384
250,"[4.1769361 4.1718969 4.1685505 4.1660309 4.164062  4.1624088 4.1610703
 4.1599283 4.1588259 4.1578026 4.1568184 4.1561489 4.1554008 4.1546922]",0.5,25,2801.042946317275
251,"[4.1772118 4.1722116 4.1687865 4.1661882 4.1642985 4.1624875 4.1611094
 4.1599679 4.1588259 4.1578813 4.1571727 4.1563458 4.1556373 4.1548891]",0.5,25,2798.997793773869
252,"[4.176897  4.1720543 4.1685505 4.1661096 4.1642199 4.1624875 4.1609912
 4.1598496 4.1587472 4.1579204 4.1569362 4.1561093 4.1555581 4.1548891]",0.5,25,2796.2548766621944
253,"[4.1770935 4.1720543 4.1687865 4.1662669 4.1643376 4.1626058 4.1610703
 4.1598892 4.1587081 4.1578813 4.1568575 4.156188  4.1555977 4.1547318]",0.5,25,2793.66635988132
254,"[4.1772513 4.1718969 4.1687078 4.1661882 4.1641803 4.1624875 4.1609521
 4.1598101 4.1588259 4.1578026 4.1568184 4.1561489 4.1554403 4.1547318]",0.5,25,2790.799349461536
256,"[4.1769757 4.1717787 4.1685109 4.1660309 4.1639442 4.1620936 4.1608338
 4.1594954 4.1584716 4.1576447 4.1565428 4.155755  4.1551647 4.1546135]",0.5,25,2788.499633209773
257,"[4.1768575 4.1718969 4.1684322 4.1659126 4.163826  4.1622119 4.1607552
 4.1594954 4.1583538 4.1574087 4.1565428 4.1558733 4.1549282 4.1545739]",0.5,25,2783.63653786662
258,"[4.1768184 4.1716609 4.168314  4.1658731 4.1638656 4.1619759 4.1605978
 4.159338  4.1582747 4.1572905 4.1564245 4.1558337 4.1550465 4.1544166]",0.5,25,2779.515296665038
259,"[4.1769361 4.1717    4.1683536 4.1657157 4.16359   4.162015  4.1606765
 4.1592197 4.1583929 4.1574087 4.1564636 4.1557159 4.155086  4.1541805]",0.5,25,2775.9641322092
260,"[4.1767001 4.1717    4.1682353 4.1657157 4.1636291 4.162015  4.16044
 4.159338  4.158196  4.1573691 4.1563849 4.1554403 4.1548495 4.1541018]",0.5,25,2772.525431819799
261,"[4.1766605 4.1716609 4.1683931 4.165637  4.16359   4.1619759 4.16044
 4.1592197 4.158196  4.1571727 4.1562276 4.1553617 4.1547318 4.1541805]",0.5,25,2769.493899714765
262,"[4.1765032 4.1716213 4.1681175 4.1654797 4.16359   4.1617789 4.16044
 4.1592984 4.157999  4.1570544 4.1562672 4.1552434 4.1546526 4.1540227]",0.5,25,2766.7661443977863
263,"[4.1765428 4.171464  4.1680779 4.1653614 4.1633534 4.1617789 4.1603613
 4.1591411 4.1578417 4.1569757 4.1560307 4.1552038 4.1544166 4.153708 ]",0.5,25,2763.6346414213094
264,"[4.1766214 4.1716213 4.1681175 4.1654401 4.1634717 4.1617002 4.1602826
 4.1590228 4.1578813 4.1568575 4.1560702 4.1552038 4.1545348 4.1538653]",0.5,25,2760.807413943551
265,"[4.1765819 4.171464  4.1679597 4.165401  4.1635113 4.1617002 4.1601648
 4.1589441 4.1578813 4.1568184 4.155952  4.1551251 4.1543379 4.1537471]",0.5,25,2757.9205777266466
266,"[4.1765819 4.1713457 4.1679597 4.1653223 4.1633143 4.1615424 4.1600466
 4.1589441 4.1578417 4.1568184 4.155952  4.155086  4.154377  4.1536684]",0.5,25,2755.207378775635
267,"[4.1765819 4.1713853 4.1679993 4.1654401 4.1632357 4.1616607 4.160007
 4.1589046 4.157763  4.1569362 4.155952  4.1551647 4.1544561 4.1538262]",0.5,25,2753.626291817765
268,"[4.1764636 4.1712275 4.1678419 4.1651645 4.1630387 4.1613064 4.1598496
 4.1586289 4.1574087 4.1566606 4.1555581 4.1548104 4.1539049 4.1533928]",0.5,25,2751.608661020644
269,"[4.1763849 4.171267  4.1678419 4.1654797 4.163393  4.1616607 4.1602435
 4.1587868 4.157763  4.1565819 4.1558733 4.1549678 4.1542983 4.1535506]",0.5,25,2750.500450724417
270,"[4.1766214 4.171464  4.1679993 4.1654797 4.1632357 4.1615424 4.1601648
 4.1588655 4.157763  4.1566215 4.1557159 4.1550465 4.1543379 4.1535897]",0.5,25,2749.9131435685194
271,"[4.1763849 4.1713853 4.1679993 4.1652827 4.1631961 4.1614637 4.160007
 4.1587472 4.1576056 4.1566215 4.1556764 4.1548891 4.1540623 4.1534715]",0.5,25,2748.6019287562413
272,"[4.1764636 4.171464  4.1679597 4.1653223 4.1632748 4.1617002 4.160007
 4.1588259 4.157763  4.1567001 4.155952  4.1548891 4.1542196 4.1534715]",0.5,25,2747.250365246041
273,"[4.1764245 4.1713457 4.1678023 4.1654401 4.1630778 4.1614246 4.1599283
 4.1587081 4.1574483 4.1565428 4.1556764 4.1547318 4.1540227 4.1533928]",0.5,25,2745.006790949845
274,"[4.1765428 4.1714244 4.167881  4.165401  4.1632748 4.1615424 4.1600466
 4.1587472 4.1576056 4.1567392 4.1557159 4.1548495 4.1540227 4.1534715]",0.5,25,2744.398305383438
275,"[4.1765428 4.1715031 4.1679597 4.1653614 4.1633143 4.1615424 4.1601253
 4.1588655 4.1577239 4.1566606 4.1557946 4.1549678 4.1542592 4.1534324]",0.5,25,2742.657561561957
276,"[4.1764245 4.171464  4.1679597 4.1653614 4.1632357 4.1614637 4.1601253
 4.1587868 4.1577239 4.1567001 4.1557159 4.1550465 4.1541018 4.1533928]",0.5,25,2740.852791629096
277,"[4.1765428 4.1713457 4.1679597 4.1653223 4.1633143 4.1615033 4.1600466
 4.1587081 4.1576447 4.1566215 4.1557946 4.1549678 4.1541018 4.1533928]",0.5,25,2738.814934599744
278,"[4.1765428 4.1714244 4.1679597 4.1653614 4.1633143 4.161582  4.1601253
 4.1587081 4.1576056 4.1567392 4.1556373 4.1549282 4.1541018 4.1534324]",0.5,25,2737.932850604247
279,"[4.1764245 4.171267  4.1679206 4.1652827 4.1631961 4.1613064 4.1600857
 4.1587472 4.1576447 4.1565428 4.1554794 4.1546922 4.1539836 4.1531172]",0.5,25,2734.432062343209
280,"[4.1763849 4.171267  4.1678023 4.1652827 4.1631565 4.1613455 4.1598496
 4.1586685 4.1574874 4.1565428 4.1554403 4.1545739 4.1537867 4.1530781]",0.5,25,2732.490204172906
281,"[4.1763458 4.171267  4.1677237 4.1653223 4.1630778 4.161582  4.1598496
 4.1586289 4.1574874 4.1565428 4.1556373 4.1544952 4.1538653 4.1532354]",0.5,25,2728.874919336207
282,"[4.1763062 4.1711488 4.1677632 4.1651645 4.1631565 4.1613455 4.1596923
 4.1585112 4.1574874 4.1564636 4.1555977 4.1546135 4.153708  4.1531172]",0.5,25,2725.419452119142
283,"[4.1764245 4.1711488 4.167645  4.1651254 4.1630387 4.1615424 4.1596923
 4.1585898 4.1574483 4.1563063 4.1554794 4.1546135 4.1537867 4.1529994]",0.5,25,2722.580218893228
284,"[4.1765428 4.1713853 4.1679206 4.165204  4.1632357 4.1613851 4.1599679
 4.1587081 4.1576056 4.1565428 4.1556764 4.1547709 4.1539049 4.1533928]",0.5,25,2718.899958648275
285,"[4.1762276 4.1710305 4.167645  4.1651254 4.1629992 4.1612668 4.1596923
 4.1583929 4.1571727 4.156188  4.1551647 4.1542592 4.1535897 4.1529207]",0.5,25,2714.992845338541
286,"[4.176188  4.1709914 4.1675267 4.1650071 4.1629205 4.161149  4.1596923
 4.1583538 4.1572118 4.156188  4.1552038 4.1544166 4.1536293 4.1529207]",0.5,25,2711.682908323298
287,"[4.176188  4.1709127 4.1675663 4.1650071 4.1629992 4.1611881 4.1596136
 4.1583929 4.1572118 4.1562276 4.1552825 4.1544561 4.153511  4.1529207]",0.5,25,2707.870391628554
288,"[4.1761093 4.1709518 4.1675663 4.1650467 4.1628814 4.1611881 4.1596527
 4.1583538 4.1572118 4.156188  4.1552434 4.1543379 4.1535897 4.1528811]",0.5,25,2703.223880068362
289,"[4.1760702 4.1710305 4.1675267 4.1650071 4.1628022 4.1611094 4.1595345
 4.158196  4.1572118 4.1560702 4.1552434 4.154377  4.1535897 4.1530385]",0.5,25,2699.3469948335737
290,"[4.1760702 4.1710305 4.167448  4.1648498 4.1628022 4.1609125 4.1595345
 4.1581569 4.1569757 4.1560702 4.1550074 4.154377  4.1534324 4.1527238]",0.5,25,2694.85815505873
291,"[4.1761489 4.1710701 4.167645  4.1649284 4.1627235 4.1609521 4.1594954
 4.1582747 4.1570148 4.1559916 4.1550465 4.1542983 4.1535506 4.1526842]",0.5,25,2690.472436463893
292,"[4.1759129 4.1709518 4.1672907 4.1646924 4.1627235 4.1609521 4.1595345
 4.1581173 4.1568971 4.1558337 4.1549282 4.1541805 4.1533141 4.1526842]",0.5,25,2685.652416677517
293,"[4.1761093 4.1710305 4.1674876 4.1650071 4.1627631 4.1610703 4.1594558
 4.1583142 4.1569362 4.1561489 4.1551251 4.1541805 4.1535506 4.1527238]",0.5,25,2680.901930947533
294,"[4.1760306 4.1708341 4.1673694 4.1648498 4.1626844 4.1610308 4.1592593
 4.1580386 4.1569362 4.1559916 4.1551251 4.1541409 4.1534324 4.1527238]",0.5,25,2675.160307642956
295,"[4.1760306 4.1708732 4.1674085 4.1650071 4.1627235 4.1610703 4.1595345
 4.1581173 4.1570148 4.1560702 4.1549678 4.1543379 4.1533928 4.1528811]",0.5,25,2670.194233760174
296,"[4.1760306 4.1709127 4.1672907 4.1648889 4.1627631 4.1609521 4.159574
 4.1581569 4.1570544 4.1561093 4.1552038 4.1540623 4.153511  4.1527629]",0.5,25,2666.208634150798
297,"[4.175952  4.1707158 4.1672511 4.1647711 4.1626844 4.1610308 4.1594167
 4.1581569 4.1570935 4.155952  4.1551251 4.1541409 4.1533928 4.1526451]",0.5,25,2661.993146328124
298,"[4.1757159 4.1707554 4.1672907 4.1646924 4.1625662 4.1606765 4.1594558
 4.1579599 4.1568971 4.155952  4.1547709 4.1542196 4.1531963 4.1524873]",0.5,25,2657.077334297821
299,"[4.175755  4.1707554 4.1671333 4.1645346 4.1623693 4.1607156 4.1592197
 4.1578813 4.1566606 4.155755  4.1548495 4.1538653 4.1530385 4.1523299]",0.5,25,2653.042945826822
300,"[4.1757946 4.1707554 4.1671724 4.1645346 4.1623302 4.1605978 4.1591015
 4.1579599 4.1567392 4.1556373 4.1546135 4.1537867 4.1530781 4.1522512]",0.5,25,2649.398127616644
301,"[4.175755  4.1705189 4.1668577 4.1644559 4.1622906 4.16044   4.1589441
 4.1577239 4.1565428 4.1555977 4.1545348 4.1536684 4.1528025 4.1522117]",0.5,25,2645.333051159395
302,"[4.175755  4.1705189 4.167212  4.1642985 4.1621723 4.1604009 4.1589046
 4.1576056 4.1565819 4.1552825 4.1542983 4.1537867 4.1527629 4.1520152]",0.5,25,2641.993684495309
303,"[4.175755  4.1705976 4.1670151 4.1643376 4.1621332 4.1604009 4.1589441
 4.1576843 4.1563849 4.1554008 4.1544952 4.1533928 4.1525269 4.1520152]",0.5,25,2638.527485759549
304,"[4.175755  4.1704402 4.1670151 4.1641803 4.1621723 4.16044   4.1586289
 4.1573691 4.1562672 4.1553221 4.1542983 4.1534324 4.1524873 4.1518183]",0.5,25,2634.527445894369
305,"[4.1756372 4.1703615 4.1667786 4.1641016 4.1619759 4.1602039 4.1587472
 4.1574087 4.1561093 4.1551251 4.1542592 4.1533537 4.1523695 4.1518183]",0.5,25,2630.595095476616
307,"[4.1756372 4.1702042 4.1666608 4.1639833 4.1619759 4.1599283 4.1585898
 4.1572514 4.1559129 4.1548495 4.1542196 4.1530781 4.1523695 4.1516604]",0.5,25,2623.559398027886
308,"[4.1753616 4.1702433 4.1665821 4.1640229 4.161818  4.1599283 4.1583538
 4.1570544 4.1559916 4.1548891 4.1539836 4.1529994 4.1522117 4.1515818]",0.5,25,2618.9280960496703
309,"[4.1753616 4.1702042 4.1666608 4.1639047 4.1617002 4.1600466 4.1585112
 4.1570148 4.155952  4.1549678 4.1539049 4.1530781 4.1520939 4.1514244]",0.5,25,2615.612386343721
310,"[4.1752038 4.1700072 4.1663456 4.1637869 4.1616607 4.1597314 4.1583142
 4.1570935 4.155755  4.1546526 4.153708  4.1527238 4.1519361 4.1512671]",0.5,25,2611.823948398301
311,"[4.1752825 4.170125  4.1665425 4.1637077 4.1617002 4.1599679 4.1582355
 4.1570544 4.1557159 4.1547318 4.153708  4.1528025 4.1520152 4.1513457]",0.5,25,2608.642436408417
312,"[4.1752825 4.1699286 4.1664639 4.1637077 4.1616607 4.1598892 4.1582747
 4.1568184 4.1556764 4.1546922 4.153708  4.1527629 4.1519756 4.1512275]",0.5,25,2605.124542938777
313,"[4.1753616 4.1700859 4.1664243 4.1637869 4.1615424 4.1597314 4.1583142
 4.1568971 4.1557159 4.1546526 4.1537471 4.1527238 4.151897  4.1511488]",0.5,25,2601.812306187066
314,"[4.1749678 4.1698103 4.1663065 4.1635504 4.1613455 4.1596136 4.1580386
 4.1567001 4.155519  4.1544166 4.1534715 4.1526055 4.1517    4.1510305]",0.5,25,2598.089007988689
315,"[4.1751251 4.1699286 4.1661096 4.1635504 4.1615424 4.1596923 4.1579599
 4.1566606 4.1556373 4.154377  4.1535506 4.1527238 4.1517787 4.1509914]",0.5,25,2595.063867564831
316,"[4.1751251 4.1699677 4.1663065 4.1635113 4.1614246 4.1594558 4.1578813
 4.1565428 4.1554008 4.1542983 4.1533141 4.1523695 4.1515818 4.1509128]",0.5,25,2591.779744758975
317,"[4.1751251 4.1697707 4.1661096 4.16359   4.1612668 4.1596136 4.1578417
 4.1565032 4.1553617 4.1542592 4.1532354 4.1524482 4.1515818 4.1507945]",0.5,25,2588.643318211668
318,"[4.1750464 4.1698103 4.1661487 4.16359   4.1612277 4.159574  4.157999
 4.1565032 4.1554008 4.154377  4.1532354 4.1525269 4.1517    4.1509914]",0.5,25,2585.41364650662
319,"[4.1750464 4.1697316 4.16607   4.1633143 4.161149  4.1594167 4.157999
 4.1565819 4.1552038 4.1543379 4.153275  4.1524086 4.1514244 4.1507945]",0.5,25,2582.1385914929183
320,"[4.1750073 4.1697316 4.1663065 4.1634321 4.1613064 4.1595345 4.1578813
 4.1564636 4.1553617 4.1543379 4.1533141 4.1524086 4.1515818 4.1507945]",0.5,25,2578.962380540771
321,"[4.175086  4.1698103 4.1661487 4.1633534 4.1613455 4.1595345 4.1578813
 4.1565032 4.1554403 4.1541805 4.1533141 4.1524086 4.1516213 4.1508732]",0.5,25,2575.343205061579
322,"[4.1749678 4.169692  4.16607   4.163393  4.1613064 4.1594558 4.1578417
 4.1564245 4.1553617 4.1541409 4.1531963 4.1522908 4.1515427 4.1507554]",0.5,25,2571.241030453963
323,"[4.1750073 4.1696134 4.1659126 4.1631565 4.1609912 4.1591802 4.1576056
 4.1563849 4.1549678 4.1540227 4.1530385 4.1520152 4.1512275 4.1504006]",0.5,25,2566.560962937146
324,"[4.1750464 4.1696134 4.1659126 4.1632748 4.1610308 4.159338  4.157763
 4.1562672 4.1550074 4.1538262 4.1529994 4.1520939 4.1512671 4.1505585]",0.5,25,2562.15663782593
325,"[4.1748495 4.1695743 4.1657944 4.1631174 4.1609521 4.1591411 4.1575661
 4.1561489 4.1550074 4.1538653 4.1530781 4.1519756 4.1510305 4.1504402]",0.5,25,2557.6542456924108
326,"[4.1748104 4.169456  4.165834  4.1630387 4.1607552 4.1590624 4.1574483
 4.1561093 4.1547709 4.1537867 4.1528025 4.1518183 4.1511097 4.1504006]",0.5,25,2553.426699684518
327,"[4.1749282 4.1694951 4.1659126 4.1631565 4.1609125 4.1591015 4.1576447
 4.1561093 4.1548891 4.1537471 4.1528811 4.1519756 4.1510305 4.1504798]",0.5,25,2549.895044013673
328,"[4.1748104 4.1695743 4.1658731 4.1631174 4.1609125 4.1590624 4.1574874
 4.1560702 4.1550074 4.1538262 4.1527629 4.1518574 4.1510701 4.1502829]",0.5,25,2545.759353166911
329,"[4.1747317 4.1694164 4.1657553 4.1630778 4.1609912 4.1591015 4.1574087
 4.1560307 4.1548495 4.1536293 4.1529994 4.1518574 4.1509914 4.1502433]",0.5,25,2542.262946049396
330,"[4.1747317 4.1693377 4.1656766 4.1629601 4.1606369 4.1587472 4.15733
 4.1559129 4.1546135 4.1536684 4.1526451 4.1516604 4.1507945 4.1499677]",0.5,25,2538.885016065809
331,"[4.1743379 4.1691804 4.1655583 4.1628022 4.1605978 4.1587472 4.15733
 4.1556764 4.1544561 4.1533141 4.1524873 4.151464  4.1506371 4.1498103]",0.5,25,2535.570148778349
332,"[4.1747317 4.1692591 4.1655188 4.1629205 4.1605978 4.1589046 4.1572118
 4.1559129 4.1546922 4.1534715 4.1525269 4.1517    4.1507158 4.1499677]",0.5,25,2532.9477116581243
333,"[4.1746526 4.1691804 4.1657157 4.1627631 4.16044   4.1587472 4.1572118
 4.1557946 4.1545348 4.1533141 4.1524086 4.1514244 4.1506371 4.1498103]",0.5,25,2530.153741579729
334,"[4.1744561 4.1691017 4.1655188 4.1625662 4.16044   4.1587081 4.1570148
 4.1556373 4.154377  4.1533537 4.1523299 4.1514244 4.1505585 4.1497707]",0.5,25,2527.336052596707
335,"[4.1742983 4.1691017 4.1652827 4.1625662 4.1604795 4.1585503 4.1571331
 4.155755  4.1542983 4.1533537 4.1521726 4.1514244 4.1504798 4.1497707]",0.5,25,2524.780001158449
336,"[4.1744952 4.1691408 4.1654797 4.1627235 4.1605191 4.1587472 4.1570544
 4.1556764 4.1545348 4.1533141 4.1524482 4.1515031 4.1506763 4.149889 ]",0.5,25,2522.447768607313
337,"[4.1746526 4.1693377 4.1654401 4.1629601 4.1605191 4.1588259 4.1572514
 4.1557159 4.1544561 4.1535506 4.1524873 4.1515031 4.1505976 4.1498103]",0.5,25,2519.750055871579
338,"[4.1745739 4.1691804 4.1655188 4.1626058 4.1604795 4.1585898 4.1572514
 4.1556764 4.1545348 4.1531963 4.1523695 4.151464  4.1505189 4.1497707]",0.5,25,2516.7644654010683
339,"[4.1744165 4.169023  4.165401  4.1625266 4.1602826 4.1585112 4.1569362
 4.1554403 4.1541805 4.1531172 4.1520939 4.1513457 4.1504402 4.1497316]",0.5,25,2513.8518597032307
340,"[4.1743379 4.169023  4.1652431 4.1625662 4.1604009 4.1584325 4.1568971
 4.155519  4.1542983 4.1532354 4.1522908 4.1511884 4.1505189 4.149456 ]",0.5,25,2511.178037365993
341,"[4.1742592 4.1689444 4.165204  4.1626058 4.1602826 4.1583929 4.1568575
 4.155519  4.1543379 4.1530781 4.1520543 4.1512275 4.1504006 4.149456 ]",0.5,25,2508.75497265015
342,"[4.1742196 4.1689048 4.1653223 4.1623693 4.1601648 4.1583538 4.1567392
 4.1555581 4.1541409 4.1530385 4.152133  4.1511884 4.1502042 4.1494164]",0.5,25,2505.581352594942
343,"[4.1741805 4.1687474 4.1652431 4.1624875 4.1602039 4.1585503 4.1568971
 4.1554008 4.1542983 4.153275  4.1520939 4.1511488 4.1502042 4.149456 ]",0.5,25,2502.612598260633
1,"[4.1825595 4.1783462 4.1754327 4.1732278 4.1716132 4.1702747 4.169054
 4.1679516 4.1673608 4.166337  4.1658254 4.1652346 4.164762  4.1642108]",0.5,25,3223.798523643526
2,"[4.1825986 4.1783071 4.1755114 4.1732278 4.1714559 4.1702747 4.169054
 4.1681089 4.1671638 4.1664553 4.1658254 4.1651955 4.164762  4.1642504]",0.5,25,3223.5331968792043
3,"[4.1825595 4.1781492 4.1753144 4.1732669 4.1714954 4.1701565 4.1690145
 4.1680303 4.1670461 4.1663766 4.1657467 4.1651559 4.1646047 4.16429  ]",0.5,25,3222.0107048739947
4,"[4.1826773 4.1782284 4.1753931 4.1732669 4.1716528 4.1703534 4.169251
 4.1681089 4.1672034 4.1666918 4.1658645 4.1652741 4.1648412 4.1644077]",0.5,25,3220.582388922795
5,"[4.1824412 4.1781101 4.1752753 4.1731882 4.1715345 4.1702747 4.1691723
 4.1680303 4.1672034 4.1664553 4.165904  4.1652741 4.1647229 4.16429  ]",0.5,25,3218.48782261217
6,"[4.1825199 4.1781492 4.1753144 4.1732278 4.1715741 4.1701961 4.1688571
 4.1680303 4.1672821 4.1664948 4.1659827 4.1653528 4.164762  4.16429  ]",0.5,25,3215.732053660754
7,"[4.1825199 4.1781492 4.1753144 4.1732669 4.1713376 4.1701169 4.1690145
 4.1680303 4.1671638 4.1664948 4.1657858 4.1651955 4.1646833 4.1643291]",0.5,25,3213.890055880666
8,"[4.1824017 4.1781492 4.175354  4.1731882 4.1714954 4.1699991 4.1690145
 4.1681089 4.1672034 4.1664948 4.1658645 4.1653132 4.1647229 4.1643686]",0.5,25,3210.8062565234363
9,"[4.1824017 4.1781492 4.1753931 4.1732278 4.1715345 4.1701565 4.1689754
 4.1680698 4.1672034 4.1664553 4.1657467 4.1653132 4.1647229 4.1642504]",0.5,25,3208.709707161458
10,"[4.1823626 4.1779919 4.175354  4.1731491 4.1714559 4.1700382 4.168818
 4.167912  4.1670852 4.1664162 4.1656284 4.1652346 4.1646833 4.1642108]",0.5,25,3205.870781338836
11,"[4.1824017 4.1781888 4.1752357 4.1732278 4.1713772 4.1701565 4.1688571
 4.1678729 4.1670852 4.1664162 4.1657858 4.1651955 4.1645656 4.1641321]",0.5,25,3203.468315815974
12,"[4.1825199 4.1781101 4.1752357 4.1731095 4.1714559 4.1699991 4.1689754
 4.167912  4.1671638 4.1661797 4.1657071 4.1651955 4.1646833 4.164093 ]",0.5,25,3200.818654710421
13,"[4.182323  4.1779528 4.175354  4.1731095 4.1714163 4.1699595 4.1689358
 4.1678729 4.1670461 4.1663766 4.1657071 4.1650376 4.1645656 4.1642504]",0.5,25,3198.257444085423
14,"[4.1824017 4.1781101 4.1751571 4.17307   4.1713376 4.1701961 4.1688571
 4.167912  4.1670065 4.1663766 4.1657467 4.1650772 4.1647229 4.1643291]",0.5,25,3196.015572062987
15,"[4.1822052 4.1779528 4.1751175 4.1730309 4.1712985 4.1699595 4.168818
 4.1678729 4.1670065 4.1662979 4.1655498 4.1650376 4.1644864 4.164093 ]",0.5,25,3193.441508637694
16,"[4.1823626 4.1781101 4.1751571 4.17307   4.1713772 4.1701169 4.1688571
 4.1677942 4.1670461 4.1662583 4.1657071 4.1650376 4.1646047 4.1641717]",0.5,25,3190.983424340279
17,"[4.1822052 4.1779528 4.1751962 4.1730309 4.1713376 4.1700778 4.168818
 4.1678729 4.1669674 4.1663766 4.1656284 4.1651559 4.1644077 4.1641321]",0.5,25,3188.20520036255
18,"[4.1821656 4.1779528 4.1750388 4.1730309 4.1712198 4.1698809 4.168818
 4.1677547 4.1670065 4.1662192 4.1656284 4.164959  4.1644864 4.164093 ]",0.5,25,3185.69973140164
19,"[4.182323  4.1779919 4.1750784 4.17307   4.1713772 4.1699595 4.168818
 4.1678729 4.1670065 4.166337  4.165668  4.1650772 4.1644864 4.1640534]",0.5,25,3183.250300108369
20,"[4.1822052 4.1779919 4.1751571 4.1728735 4.1713376 4.1700382 4.1688571
 4.1679516 4.1670852 4.1662192 4.1655102 4.1651559 4.1645656 4.164093 ]",0.5,25,3180.535608672959
21,"[4.182126  4.1780314 4.1749997 4.1729522 4.1711802 4.1698809 4.1686997
 4.1677942 4.1670461 4.1662192 4.1656284 4.1650772 4.1645656 4.1639748]",0.5,25,3177.8795033323854
22,"[4.1820869 4.1778736 4.1748419 4.1729126 4.1711407 4.1698413 4.1685419
 4.1677547 4.1669674 4.1661797 4.1654711 4.1649199 4.1644864 4.1639352]",0.5,25,3175.26264179674
23,"[4.1822052 4.1778736 4.1749997 4.1728735 4.1712589 4.1698413 4.1686997
 4.1677151 4.1668882 4.166101  4.1655889 4.164959  4.1644864 4.1639352]",0.5,25,3172.83860424113
24,"[4.1820083 4.1779132 4.1749601 4.1728339 4.1712198 4.1698022 4.1685815
 4.167676  4.1668096 4.166101  4.1655889 4.1648803 4.1643686 4.1638565]",0.5,25,3170.4685873101125
25,"[4.1819687 4.1777558 4.1748815 4.1728735 4.1711802 4.1698022 4.1687784
 4.1677151 4.1668096 4.1661401 4.1654711 4.164959  4.1643686 4.1639352]",0.5,25,3168.08175420709
26,"[4.1822052 4.1778345 4.1749601 4.1727552 4.1711802 4.1698809 4.1686602
 4.1677151 4.1670065 4.166101  4.1656284 4.164959  4.1644077 4.1639748]",0.5,25,3165.984784371474
27,"[4.182126  4.1775589 4.1746845 4.1727157 4.1708651 4.1696839 4.1685419
 4.167479  4.1665735 4.1657467 4.1651955 4.1646833 4.1641321 4.1636596]",0.5,25,3163.515108590495
28,"[4.1820869 4.1778345 4.1748815 4.1727552 4.171062  4.1697235 4.1685419
 4.167676  4.1668096 4.166101  4.1655498 4.1648412 4.1643291 4.1639748]",0.5,25,3161.75383807685
29,"[4.1819296 4.1776772 4.1746449 4.1727157 4.1709437 4.1695266 4.1683059
 4.1673608 4.1666522 4.1659827 4.1651955 4.1647229 4.1641321 4.1637383]",0.5,25,3159.0520035734057
30,"[4.1819687 4.1776772 4.1747632 4.172637  4.171062  4.1696053 4.1684632
 4.1675577 4.1666918 4.165904  4.1653132 4.1646833 4.16429   4.1637383]",0.5,25,3157.1744092213253
31,"[4.1820474 4.1778345 4.1748815 4.1726766 4.1711016 4.1697235 4.1684632
 4.167676  4.1666918 4.1660614 4.1653132 4.1648016 4.1643686 4.1640143]",0.5,25,3155.038810447455
32,"[4.1820869 4.1776772 4.1748419 4.1727552 4.171062  4.1696839 4.1685419
 4.1676364 4.1667309 4.1660223 4.1653528 4.164762  4.1641717 4.1639352]",0.5,25,3152.735628036841
33,"[4.1819296 4.177598  4.1748028 4.1728339 4.171062  4.1696053 4.1684632
 4.1676364 4.1666918 4.1660614 4.1653924 4.1646833 4.16429   4.1638174]",0.5,25,3150.4841028523765
34,"[4.1820869 4.1776376 4.1748028 4.1725979 4.1709437 4.1696448 4.1684241
 4.1675186 4.1667309 4.165904  4.1654315 4.1647229 4.16429   4.1636992]",0.5,25,3148.281159260117
35,"[4.1820474 4.1776376 4.1748419 4.1726766 4.1709833 4.1697235 4.1683846
 4.1675577 4.1667705 4.1659436 4.1653528 4.1647229 4.1643291 4.1636992]",0.5,25,3146.437228358017
36,"[4.1819687 4.1776376 4.1748028 4.1725583 4.1709437 4.1695657 4.1684241
 4.1674395 4.1665339 4.1658645 4.1652741 4.1646833 4.164093  4.1635809]",0.5,25,3144.2657278972697
37,"[4.1819687 4.1776376 4.1748815 4.1725979 4.1709833 4.1695657 4.1684241
 4.1675186 4.1666918 4.1660223 4.1652741 4.1646047 4.1642108 4.1636992]",0.5,25,3142.2577663403363
38,"[4.1818504 4.177598  4.1747632 4.1725583 4.1709833 4.1696839 4.1684241
 4.1673608 4.1664948 4.1658254 4.1653132 4.1647229 4.1641717 4.1636205]",0.5,25,3140.909527766523
39,"[4.1818113 4.1775589 4.1747241 4.1725583 4.170826  4.169487  4.1683455
 4.1674004 4.1665339 4.1657071 4.1652741 4.1644864 4.164093  4.1636205]",0.5,25,3138.120316697998
40,"[4.1820083 4.1775193 4.1746845 4.1725187 4.1709046 4.1695657 4.1684241
 4.1674004 4.1666126 4.165904  4.1652741 4.1647229 4.1641321 4.1636205]",0.5,25,3136.350054594456
41,"[4.18189   4.177598  4.1748028 4.1725583 4.1707473 4.1695657 4.1683455
 4.1675186 4.1666126 4.1658254 4.1652346 4.1646442 4.1640534 4.1636596]",0.5,25,3134.5372322695616
42,"[4.18189   4.177598  4.1745663 4.1725979 4.1708651 4.1695266 4.1684632
 4.1674395 4.1666126 4.1657071 4.1652346 4.1646047 4.1641321 4.1636205]",0.5,25,3132.667575974664
43,"[4.1819687 4.1774802 4.1745272 4.1724401 4.1707864 4.1694479 4.1681876
 4.1673217 4.1664553 4.1657858 4.1651559 4.1646047 4.1640143 4.1635809]",0.5,25,3130.4663100922303
44,"[4.1820474 4.177598  4.1747632 4.1724796 4.1709437 4.1695266 4.1683455
 4.1674004 4.1665735 4.1658254 4.1652346 4.1646833 4.164093  4.1638174]",0.5,25,3128.8702742465557
45,"[4.18189   4.1775193 4.1746058 4.1724796 4.1709046 4.1693692 4.1683455
 4.167479  4.1665339 4.1658254 4.1651955 4.164526  4.1639352 4.1635418]",0.5,25,3127.020148284096
46,"[4.1818504 4.1775589 4.1746449 4.1724401 4.1707473 4.169487  4.1682663
 4.1673217 4.1665735 4.1658254 4.1651168 4.1644864 4.1639748 4.1635418]",0.5,25,3125.237710937907
47,"[4.1818504 4.1775589 4.1747241 4.1723614 4.1707473 4.1696053 4.1683059
 4.1673217 4.1665735 4.1657467 4.1651955 4.164526  4.1640143 4.1636205]",0.5,25,3123.526744175074
48,"[4.1817718 4.1774802 4.1746058 4.1725583 4.1707077 4.1694083 4.1682272
 4.167243  4.1664162 4.1657071 4.1650772 4.1646047 4.1641717 4.1635418]",0.5,25,3121.790379192032
49,"[4.1817718 4.1775193 4.1746058 4.1724796 4.170826  4.1693692 4.1683846
 4.1673217 4.1665735 4.1655889 4.1650376 4.1643686 4.1640143 4.1634626]",0.5,25,3120.18590943102
50,"[4.1817327 4.1775589 4.1745272 4.1725187 4.1707473 4.169487  4.1682663
 4.1672821 4.1665735 4.1657858 4.1649985 4.164526  4.1640534 4.1635809]",0.5,25,3118.392340073784
51,"[4.1816931 4.1774802 4.1743693 4.1722827 4.1706681 4.1693692 4.1681485
 4.1672034 4.1662583 4.165668  4.1649985 4.1642504 4.1639352 4.1633053]",0.5,25,3116.533086846247
52,"[4.1817327 4.1774802 4.1745272 4.1724401 4.170629  4.169251  4.1681485
 4.1671638 4.1662979 4.165668  4.164959  4.1644077 4.1638565 4.1634235]",0.5,25,3114.80874917399
53,"[4.1816144 4.1773224 4.1745272 4.1724796 4.1705894 4.1692901 4.1680698
 4.1671638 4.1662583 4.1655102 4.1648803 4.16429   4.1638565 4.1633449]",0.5,25,3113.137883348117
54,"[4.1817718 4.177362  4.1744876 4.172401  4.170826  4.1693296 4.1681485
 4.1672821 4.1664553 4.165668  4.164959  4.1643686 4.1638174 4.1635022]",0.5,25,3111.821501332738
55,"[4.181654  4.1771259 4.1744089 4.1721253 4.1705894 4.1691327 4.1680303
 4.1668882 4.1661401 4.1654315 4.1649199 4.1643291 4.1636205 4.1633449]",0.5,25,3109.6594971508785
56,"[4.1817327 4.1772046 4.1743302 4.1723223 4.170629  4.169251  4.1680303
 4.1671247 4.1661797 4.1655498 4.1648803 4.16429   4.1638174 4.1633449]",0.5,25,3108.262560064018
57,"[4.181654  4.1772833 4.1745663 4.1721644 4.1706681 4.169251  4.1679516
 4.1670461 4.1661797 4.1655498 4.164762  4.16429   4.1636992 4.1632662]",0.5,25,3106.6764357367592
58,"[4.1816144 4.1772437 4.1743693 4.172204  4.1705503 4.1691723 4.1680303
 4.1669674 4.1662192 4.1654315 4.1646833 4.164093  4.1636205 4.1631479]",0.5,25,3104.917365514325
59,"[4.1816144 4.1772437 4.1743693 4.1720858 4.1705503 4.1691723 4.1678729
 4.1670461 4.1661797 4.1653924 4.1647229 4.1640534 4.1635809 4.1633053]",0.5,25,3103.4037654298218
60,"[4.1815748 4.1772437 4.1744876 4.1722431 4.1706681 4.1692114 4.1680303
 4.1669278 4.1662192 4.1654315 4.1646833 4.1641321 4.1638174 4.1631479]",0.5,25,3102.036666089276
61,"[4.181654  4.1772833 4.1742516 4.1721644 4.1705894 4.1689754 4.1678333
 4.1668491 4.166101  4.1653528 4.1646047 4.164093  4.1636596 4.1630297]",0.5,25,3100.316187128227
62,"[4.1815748 4.177165  4.1742907 4.1722431 4.1703925 4.169054  4.167912
 4.1668096 4.1659827 4.1653132 4.1646833 4.1640143 4.1635022 4.1630692]",0.5,25,3098.608151472982
63,"[4.1815357 4.1772046 4.1742907 4.1721644 4.1704717 4.1690145 4.1678333
 4.1668882 4.1661401 4.1652741 4.1648016 4.164093  4.1635418 4.1631083]",0.5,25,3097.2830741802336
64,"[4.1816144 4.1772437 4.1743302 4.172204  4.1704321 4.1691327 4.1678333
 4.1668491 4.1660614 4.1652741 4.1647229 4.1641321 4.1635418 4.1632266]",0.5,25,3095.909505934651
65,"[4.1815357 4.1772046 4.1742516 4.1721253 4.1703925 4.1690145 4.167912
 4.1668491 4.166101  4.1653132 4.1647229 4.1641321 4.1636992 4.1630692]",0.5,25,3094.839108402371
66,"[4.1815357 4.1772046 4.1742907 4.1721644 4.1703534 4.169054  4.167912
 4.1669674 4.165904  4.1652741 4.1645656 4.1639352 4.1635809 4.1630297]",0.5,25,3093.029368394777
67,"[4.1815357 4.1770077 4.1741333 4.1720071 4.1703138 4.168818  4.1677547
 4.1667705 4.1658645 4.1650376 4.1644473 4.1637778 4.1633449 4.162951 ]",0.5,25,3091.42048769789
68,"[4.1815357 4.1772437 4.174212  4.1721644 4.1704321 4.169054  4.1678729
 4.1669674 4.1659436 4.1651559 4.1646833 4.1639748 4.1636992 4.162951 ]",0.5,25,3090.445892303056
69,"[4.181457  4.1771259 4.1743302 4.1720071 4.1703925 4.1689358 4.1678333
 4.1669674 4.166101  4.1653924 4.1646047 4.1639748 4.1636205 4.1630297]",0.5,25,3089.0856588499623
70,"[4.181457  4.177165  4.174212  4.1720858 4.1703534 4.1688967 4.1677547
 4.1667309 4.1658645 4.1652346 4.1645656 4.1640143 4.1635809 4.162951 ]",0.5,25,3087.706032050512
71,"[4.1814175 4.1770077 4.1740546 4.1719284 4.1702352 4.1689358 4.1677547
 4.1667705 4.165904  4.1651168 4.164526  4.1638961 4.163384  4.1629114]",0.5,25,3086.237400027535
72,"[4.1812601 4.1770077 4.174015  4.1718888 4.1700382 4.1688571 4.1675577
 4.1664553 4.1657858 4.1650376 4.1643686 4.1638174 4.1632266 4.1628723]",0.5,25,3084.469879034693
73,"[4.181457  4.1770077 4.1740937 4.1718497 4.1701169 4.1687388 4.1675973
 4.1666126 4.1657858 4.1651168 4.1643686 4.1638174 4.163187  4.1627541]",0.5,25,3083.107696346844
74,"[4.1814175 4.1770468 4.1741729 4.1720071 4.1702352 4.1686997 4.1675577
 4.1666126 4.165904  4.1651559 4.1645656 4.1639352 4.1632266 4.1629114]",0.5,25,3082.3168450058333
75,"[4.1813388 4.176929  4.174015  4.1718102 4.1699991 4.1686997 4.1675973
 4.1665339 4.165668  4.1649985 4.1644473 4.1637778 4.1632266 4.162715 ]",0.5,25,3080.798707736273
76,"[4.1813388 4.1769681 4.1739759 4.1719284 4.1701565 4.1688571 4.1676364
 4.1666918 4.1657858 4.1650772 4.1644077 4.1638565 4.1632266 4.1628327]",0.5,25,3079.679009294975
77,"[4.1812992 4.176929  4.1739759 4.1717315 4.1700778 4.1685815 4.1675186
 4.1666126 4.1658645 4.1650376 4.1644077 4.1637778 4.1632662 4.1627541]",0.5,25,3078.179811850858
78,"[4.1812205 4.1768107 4.1738577 4.1717315 4.1699991 4.1684632 4.1673608
 4.1663766 4.1654315 4.164762  4.1641717 4.1635809 4.1629906 4.162518 ]",0.5,25,3077.341951681857
79,"[4.1811814 4.1767712 4.1738577 4.1716528 4.1699204 4.1686602 4.1673608
 4.166337  4.1655102 4.1647229 4.1642108 4.1635418 4.1631083 4.162518 ]",0.5,25,3075.45619975247
80,"[4.1812205 4.1767321 4.1738181 4.1715345 4.1700382 4.1685028 4.1672821
 4.1662583 4.1655102 4.1646833 4.1640534 4.1634235 4.1627936 4.1624784]",0.5,25,3074.002283497587
81,"[4.1812992 4.1766925 4.1738973 4.1716528 4.1699595 4.1687784 4.1675186
 4.1663766 4.1655498 4.1648803 4.1640534 4.1635809 4.1629906 4.1625571]",0.5,25,3073.0847322464992
82,"[4.1811028 4.1766138 4.1737003 4.1716132 4.1698413 4.1682663 4.1672034
 4.1662583 4.1653924 4.1646047 4.1639748 4.1633449 4.1627936 4.1623602]",0.5,25,3071.533477960204
83,"[4.1811419 4.1767321 4.1737003 4.1716528 4.1698809 4.1683846 4.1672821
 4.1662979 4.1654711 4.1647229 4.1640143 4.1635418 4.1628723 4.1624393]",0.5,25,3070.420196545821
84,"[4.1811814 4.1766534 4.1738973 4.1716132 4.1699204 4.1684241 4.1673217
 4.1663766 4.1654711 4.1646047 4.1640534 4.1634235 4.1629906 4.162518 ]",0.5,25,3069.321740957982
85,"[4.1811028 4.1767712 4.1738577 4.1716132 4.1699204 4.1685028 4.1672034
 4.1662979 4.1653132 4.1647229 4.1640143 4.163384  4.1629114 4.1623602]",0.5,25,3067.892128180474
86,"[4.1810632 4.1767712 4.1737394 4.1717315 4.1697626 4.1684241 4.1673217
 4.166337  4.1654711 4.1646442 4.1640534 4.1633449 4.1627541 4.1622815]",0.5,25,3066.67745211426
87,"[4.1811814 4.1767712 4.1738181 4.1715741 4.1698809 4.1685028 4.1673217
 4.166337  4.1653924 4.1646047 4.1640534 4.1635418 4.1628723 4.1624393]",0.5,25,3065.721863740507
88,"[4.1812992 4.1766925 4.1738577 4.1716528 4.1699595 4.1686211 4.1671638
 4.1664162 4.1655102 4.1646047 4.1640143 4.1635418 4.1629114 4.1624784]",0.5,25,3064.7018782858613
89,"[4.1810632 4.1766534 4.1736608 4.1715345 4.1698413 4.1684241 4.1671247
 4.1661401 4.1653528 4.1646047 4.1638565 4.1634235 4.1626754 4.1623998]",0.5,25,3063.328112656793
90,"[4.1810236 4.1766138 4.1736217 4.1714163 4.1697626 4.1683059 4.1671638
 4.1662192 4.1651955 4.1644864 4.1638961 4.1632266 4.1626754 4.1623211]",0.5,25,3062.240527186413
91,"[4.1809845 4.1765351 4.1735425 4.1714163 4.1696448 4.1682272 4.1670065
 4.1662192 4.1652741 4.1643686 4.1639352 4.1632662 4.1627541 4.1622028]",0.5,25,3060.97022582777
92,"[4.1810632 4.1765747 4.1737003 4.1714163 4.1697626 4.1681876 4.1670461
 4.1661797 4.1651955 4.164526  4.1636596 4.1631479 4.162715  4.1621637]",0.5,25,3059.745597696534
93,"[4.1809845 4.1765351 4.1737394 4.1714163 4.1697626 4.1682272 4.1671247
 4.166101  4.1653528 4.1645656 4.1638565 4.1633053 4.1626754 4.1621242]",0.5,25,3058.640798840469
94,"[4.1809449 4.1766138 4.1735821 4.1714559 4.1696053 4.1683059 4.167243
 4.1662192 4.1652741 4.1646047 4.1639748 4.1633449 4.1627541 4.1622424]",0.5,25,3057.7481414961712
95,"[4.1809449 4.1764956 4.1736608 4.1714954 4.1696053 4.1681876 4.1671247
 4.166101  4.1652346 4.1644864 4.1638174 4.1632266 4.1626358 4.1622815]",0.5,25,3056.470077207846
96,"[4.1808271 4.1763778 4.1736608 4.1713772 4.1695266 4.1680698 4.1669674
 4.1659827 4.1649985 4.1643291 4.1637383 4.1630692 4.1626358 4.1620455]",0.5,25,3055.0082102533665
97,"[4.1809845 4.1764565 4.1735425 4.1712589 4.1696839 4.1681876 4.1670065
 4.166101  4.1651955 4.1644473 4.1636596 4.1633053 4.1625571 4.1621637]",0.5,25,3054.148463174916
98,"[4.1809845 4.1764956 4.1735034 4.1712198 4.1694479 4.1681089 4.1668491
 4.165904  4.1650772 4.1642504 4.1635022 4.162951  4.162518  4.1620059]",0.5,25,3052.770968595786
99,"[4.1808271 4.1762199 4.1734638 4.1711407 4.1694479 4.1679907 4.1669278
 4.1657858 4.1649985 4.1642504 4.1636596 4.1630297 4.1624784 4.1619272]",0.5,25,3051.5892016988128
100,"[4.1809058 4.1765351 4.1733851 4.1711802 4.1695266 4.1681089 4.1668882
 4.165904  4.1649985 4.1642504 4.1635418 4.1631479 4.1625967 4.1619272]",0.5,25,3050.77835996677
101,"[4.1809449 4.1763778 4.1735034 4.1711802 4.1695657 4.1681485 4.1668882
 4.1659436 4.1650376 4.1642108 4.1636596 4.1630297 4.1623998 4.1620059]",0.5,25,3049.609862107339
102,"[4.1808662 4.1762595 4.1734638 4.1711802 4.1694479 4.1680303 4.1668491
 4.1658254 4.1649199 4.1642108 4.1634626 4.1628723 4.1623998 4.1619272]",0.5,25,3048.573419031304
103,"[4.1809058 4.1765351 4.1735034 4.1712589 4.1695657 4.1680698 4.1668096
 4.1658254 4.1650772 4.1643291 4.1634626 4.162951  4.1624393 4.1619668]",0.5,25,3047.629980083551
104,"[4.1808662 4.1763778 4.1734638 4.1713376 4.1695266 4.1679516 4.1668491
 4.1657858 4.1650376 4.1642108 4.1635022 4.162951  4.162518  4.1618485]",0.5,25,3046.690590728756
105,"[4.1809058 4.1764169 4.1735034 4.1712198 4.1695266 4.1680303 4.1668491
 4.1658254 4.1650376 4.1643291 4.1634626 4.1630297 4.1623998 4.1620059]",0.5,25,3045.738618995497
106,"[4.1808271 4.1764169 4.1734247 4.1712985 4.1694479 4.1681485 4.1667705
 4.1657467 4.1649199 4.1642108 4.1636596 4.1628327 4.1623998 4.1617699]",0.5,25,3044.708741526016
107,"[4.180748  4.1762991 4.1733456 4.1712198 4.1693296 4.1678333 4.1667309
 4.1657467 4.1649199 4.1641717 4.1634626 4.1627936 4.162518  4.1618485]",0.5,25,3043.5234915281862
108,"[4.1807876 4.1763778 4.1733065 4.1713772 4.1693296 4.1681089 4.1668882
 4.1657858 4.1649199 4.1641717 4.1635022 4.1630692 4.1624784 4.1619272]",0.5,25,3042.653470337866
109,"[4.1808271 4.1762595 4.1731882 4.1710229 4.1692901 4.1678333 4.1665735
 4.1658254 4.164762  4.1640143 4.1633449 4.1627936 4.1622424 4.1617699]",0.5,25,3041.3705804805486
110,"[4.1808271 4.1761808 4.1732669 4.1710229 4.1693692 4.167912  4.1666918
 4.1657467 4.1648016 4.1639748 4.1633053 4.1626358 4.1622424 4.1617699]",0.5,25,3040.476503566214
111,"[4.180748  4.1763382 4.1733065 4.1711016 4.1693296 4.1679907 4.1668882
 4.1655889 4.1648803 4.164093  4.1634235 4.1627541 4.1622424 4.1616912]",0.5,25,3039.692722289632
112,"[4.1806302 4.1761808 4.1733065 4.1709833 4.169251  4.1678333 4.1666918
 4.165668  4.1648016 4.1639748 4.163384  4.162715  4.1622815 4.1616516]",0.5,25,3038.429386315916
113,"[4.1807089 4.1762199 4.1732669 4.1711016 4.169251  4.167912  4.1666918
 4.1657467 4.1649199 4.164093  4.163384  4.162715  4.1622815 4.1616516]",0.5,25,3037.572504881047
114,"[4.1807089 4.1762199 4.1731882 4.1710229 4.1694083 4.1678333 4.1667309
 4.1657071 4.1648803 4.1640143 4.1633449 4.1626358 4.1622815 4.1617303]",0.5,25,3036.632387014838
115,"[4.1807089 4.1762991 4.1733456 4.171062  4.169251  4.167912  4.1666918
 4.1655889 4.1648803 4.1641321 4.1633449 4.1626358 4.1623602 4.1617699]",0.5,25,3035.6555887220616
116,"[4.1806693 4.1761808 4.1732278 4.1710229 4.1693296 4.1678729 4.1666918
 4.1655889 4.1648016 4.1639352 4.1633053 4.162715  4.1621242 4.1616516]",0.5,25,3034.818298918593
117,"[4.1806302 4.1761413 4.1731882 4.1709437 4.169251  4.1677151 4.1665339
 4.1655498 4.1646442 4.1638565 4.1632266 4.1627541 4.1620455 4.1614943]",0.5,25,3033.632159710963
118,"[4.180512  4.1761413 4.1732278 4.1709046 4.1691723 4.1677942 4.1665339
 4.1654711 4.1646833 4.1639352 4.1632662 4.1625967 4.1620846 4.1614943]",0.5,25,3032.6885580082176
119,"[4.1806693 4.1761808 4.1732669 4.1709046 4.169251  4.1677942 4.1665735
 4.1655498 4.1647229 4.1639352 4.1632266 4.1625571 4.1621242 4.1614943]",0.5,25,3031.78597117635
120,"[4.1807089 4.1762199 4.17307   4.1708651 4.1691723 4.1677151 4.1665735
 4.1654711 4.1646442 4.1638174 4.1632662 4.1625967 4.1619668 4.1614943]",0.5,25,3030.831679309894
121,"[4.1806302 4.1760626 4.1731491 4.1711016 4.1690936 4.1677151 4.1665735
 4.1654711 4.1646442 4.1637778 4.1630692 4.162518  4.1619668 4.1614943]",0.5,25,3029.924792450359
122,"[4.180512  4.1760235 4.1731491 4.1709046 4.169054  4.1677151 4.1664162
 4.1655102 4.164526  4.1638174 4.1631083 4.1625571 4.1620455 4.1615334]",0.5,25,3028.917711858589
123,"[4.1807089 4.1760626 4.1732669 4.1709437 4.1691723 4.167676  4.1664162
 4.1655498 4.1646442 4.1637383 4.1632266 4.1626358 4.1620846 4.161376 ]",0.5,25,3028.06393371894
124,"[4.1804724 4.1759839 4.1731095 4.1707864 4.1690145 4.1675186 4.1665339
 4.1654711 4.164526  4.1636596 4.1630297 4.162518  4.1617303 4.1614547]",0.5,25,3026.806064389782
125,"[4.1805906 4.1760235 4.1729913 4.170826  4.1690936 4.1675973 4.1664948
 4.1652346 4.164526  4.1636596 4.1629906 4.1623998 4.1619668 4.1612973]",0.5,25,3025.957081108128
126,"[4.180512  4.1762199 4.1730309 4.1709046 4.1691723 4.1675186 4.1662979
 4.1653924 4.1644864 4.1637383 4.1629906 4.1623998 4.1618881 4.1612973]",0.5,25,3024.9834036146417
127,"[4.1804333 4.1760626 4.1730309 4.170826  4.169054  4.1675973 4.1664162
 4.1652346 4.164526  4.1635809 4.1629906 4.1623998 4.1618485 4.1612973]",0.5,25,3024.023495809329
128,"[4.1803937 4.1758265 4.1728735 4.1705108 4.1689358 4.1674004 4.1662979
 4.1651955 4.16429   4.1637383 4.1628327 4.1621637 4.1616912 4.1613364]",0.5,25,3022.9049118939893
129,"[4.1805511 4.1760626 4.1730309 4.1707077 4.1690145 4.1675973 4.1664948
 4.1653528 4.1644864 4.1636992 4.1629906 4.1624393 4.1618485 4.1613364]",0.5,25,3022.3186286048744
130,"[4.1804333 4.1759052 4.1730309 4.1707864 4.1690145 4.167479  4.166337
 4.1652741 4.1644864 4.1635809 4.162951  4.1621637 4.1617303 4.1612577]",0.5,25,3021.2370887338625
131,"[4.1804724 4.1759443 4.1728735 4.1707077 4.168818  4.1674395 4.1662583
 4.1651955 4.1644473 4.1635022 4.1628723 4.1622028 4.161612  4.1612186]",0.5,25,3020.188377170679
132,"[4.1804333 4.1759052 4.1728735 4.170826  4.1689358 4.1675186 4.1662583
 4.1651955 4.1643291 4.1635809 4.1627936 4.1622424 4.1617699 4.1611791]",0.5,25,3019.250375280761
133,"[4.1804724 4.1759443 4.1729126 4.1706681 4.1687784 4.1674395 4.166337
 4.1652346 4.1643291 4.1634626 4.1628327 4.1622028 4.1617303 4.16114  ]",0.5,25,3018.40300647583
134,"[4.1804724 4.1759443 4.1729913 4.1707864 4.1690145 4.1675577 4.1662192
 4.1652741 4.1644077 4.1636596 4.1629114 4.1623211 4.1617699 4.1612186]",0.5,25,3017.651094083116
135,"[4.1804333 4.1759443 4.1729126 4.170629  4.1688571 4.1673608 4.1662192
 4.1651559 4.1642504 4.1635022 4.1627936 4.1622424 4.1616912 4.1611004]",0.5,25,3016.635084977485
136,"[4.180315  4.175787  4.1727157 4.170629  4.1687784 4.1674004 4.1661401
 4.1650772 4.164093  4.1633449 4.162715  4.1620455 4.1614943 4.1610608]",0.5,25,3015.348604232721
137,"[4.1802754 4.1759443 4.1729126 4.170629  4.168818  4.1672821 4.1661401
 4.1650772 4.1640534 4.1635022 4.162715  4.1620455 4.1615729 4.16114  ]",0.5,25,3014.511353214112
138,"[4.1802754 4.1757474 4.1727943 4.1704321 4.168818  4.1672821 4.1660614
 4.1651559 4.164093  4.1633449 4.1627936 4.1621242 4.1615729 4.1610217]",0.5,25,3013.733835097657
139,"[4.1802754 4.175787  4.1727943 4.1705894 4.1686211 4.167243  4.1660614
 4.1650772 4.1640143 4.163384  4.1627541 4.1621637 4.161612  4.1610217]",0.5,25,3012.747629892714
140,"[4.1802363 4.1758657 4.1729126 4.170629  4.1686997 4.1673217 4.1661797
 4.1651168 4.1642108 4.163384  4.162715  4.1620455 4.1614943 4.1610608]",0.5,25,3011.875100635446
141,"[4.1802754 4.175787  4.1727552 4.1703138 4.1685419 4.1672821 4.1659436
 4.1649199 4.164093  4.163187  4.162518  4.1620059 4.1614943 4.1608248]",0.5,25,3011.0063484817188
142,"[4.1802754 4.1757474 4.1727157 4.1704321 4.1686602 4.1672821 4.1660614
 4.1650772 4.164093  4.1633053 4.1626754 4.1620846 4.1614943 4.1608644]",0.5,25,3010.3999215264203
143,"[4.180315  4.1757083 4.1726766 4.1704321 4.1686211 4.1672034 4.1660614
 4.1650772 4.1640534 4.163187  4.1625571 4.1619272 4.1613364 4.1608248]",0.5,25,3009.320048646242
144,"[4.1802363 4.1756687 4.1727552 4.1704717 4.1686211 4.1672034 4.1660223
 4.164959  4.1641321 4.163187  4.1626358 4.1618485 4.1614943 4.1609821]",0.5,25,3008.5702142423524
145,"[4.180315  4.1757474 4.1727943 4.1705894 4.1687388 4.1672821 4.166101
 4.164959  4.1642108 4.1634235 4.1626754 4.1620846 4.1614547 4.1609821]",0.5,25,3007.9463205227307
146,"[4.1803937 4.1756687 4.1727552 4.1705503 4.1686997 4.1672821 4.166101
 4.1650376 4.1641321 4.1634235 4.1625571 4.1620846 4.1615334 4.1609035]",0.5,25,3007.174659071452
147,"[4.1802754 4.1758265 4.1727552 4.1704717 4.1685815 4.1672821 4.166101
 4.164959  4.164093  4.1633053 4.1626754 4.1620059 4.161376  4.1608248]",0.5,25,3006.183487151151
148,"[4.180315  4.1757083 4.1725979 4.1704717 4.1685028 4.1672034 4.1658645
 4.1648016 4.1640143 4.1631083 4.162518  4.1618485 4.1612186 4.1607065]",0.5,25,3005.081243633763
149,"[4.1802363 4.1757083 4.1727552 4.1706681 4.1687784 4.167243  4.1660223
 4.1650772 4.1639352 4.1633449 4.1626358 4.1619668 4.1614943 4.1610217]",0.5,25,3004.531035642498
150,"[4.1802363 4.175787  4.1728339 4.1704717 4.1686211 4.1672034 4.1659436
 4.1649985 4.1640143 4.1632266 4.1625571 4.1618881 4.1615334 4.1607852]",0.5,25,3003.483468933377
151,"[4.1802754 4.1756296 4.1725979 4.1703925 4.1685028 4.1669674 4.1658254
 4.1648803 4.1638174 4.1631479 4.1625571 4.1617699 4.1612186 4.1606674]",0.5,25,3002.38423556193
152,"[4.1802754 4.1755114 4.1727157 4.1703925 4.1684632 4.1671638 4.165904
 4.1648803 4.1638565 4.163187  4.162518  4.1618485 4.1612973 4.1607852]",0.5,25,3001.719895755617
153,"[4.1802754 4.1756687 4.1727552 4.1703138 4.1685815 4.1672821 4.1660223
 4.1648803 4.1638961 4.1632662 4.1624393 4.1618881 4.1613364 4.1607852]",0.5,25,3001.0788852467167
154,"[4.1801577 4.1756296 4.172637  4.1703534 4.1686602 4.1672034 4.165904
 4.164762  4.1638565 4.1631479 4.162518  4.1617303 4.1612577 4.1606674]",0.5,25,2999.957013271485
155,"[4.1801968 4.1756296 4.1725583 4.1702352 4.1684241 4.1670852 4.1658254
 4.1648016 4.1637778 4.1630297 4.1623211 4.1616516 4.1610608 4.1605492]",0.5,25,2998.971554289275
156,"[4.1801577 4.1755114 4.1724796 4.1701565 4.1684241 4.1670065 4.165668
 4.1648016 4.1638565 4.1630297 4.1623602 4.161612  4.1610608 4.1604705]",0.5,25,2998.135217135282
157,"[4.1801577 4.1756296 4.1724401 4.1704321 4.1684632 4.1670065 4.1657858
 4.1647229 4.1637778 4.1629906 4.1622424 4.1615729 4.16114   4.1606674]",0.5,25,2997.244060995959
158,"[4.1801181 4.1756687 4.1725979 4.1703138 4.1685028 4.1669674 4.1658645
 4.1648016 4.1640534 4.1629906 4.1624393 4.1617699 4.1612577 4.1606674]",0.5,25,2996.571287897953
159,"[4.1802363 4.17559   4.1724796 4.1703534 4.1683846 4.1670461 4.1658254
 4.1646833 4.1637778 4.1629906 4.1622815 4.1617699 4.1611791 4.1606278]",0.5,25,2995.617440756429
160,"[4.1801181 4.1755509 4.1724401 4.1702352 4.1682663 4.1667705 4.1655889
 4.1646047 4.1636205 4.1627936 4.1622424 4.161612  4.1610608 4.1605492]",0.5,25,2994.4474477209446
161,"[4.1801577 4.1755509 4.1725187 4.1702352 4.1683846 4.1670461 4.1658254
 4.1646047 4.1638961 4.1629906 4.1622815 4.1616912 4.16114   4.1605492]",0.5,25,2993.9706579001204
162,"[4.180079  4.1755509 4.172401  4.1703138 4.1683059 4.1669278 4.1657071
 4.1647229 4.1637778 4.1629906 4.1623211 4.1617699 4.1610217 4.1606278]",0.5,25,2993.0646322311763
163,"[4.180079  4.1754718 4.1722827 4.1701565 4.1683455 4.1667705 4.1655889
 4.1646047 4.1636596 4.1629114 4.1622028 4.1614943 4.1610217 4.1605096]",0.5,25,2991.8929606442603
164,"[4.1801577 4.1754327 4.1724401 4.1700382 4.1682272 4.1667309 4.1655889
 4.1644077 4.1635418 4.1627936 4.1620455 4.1614943 4.1608248 4.1605096]",0.5,25,2991.084150545246
165,"[4.180079  4.1753144 4.172401  4.1701169 4.1682272 4.1669278 4.1655889
 4.1645656 4.1637383 4.1628723 4.1622424 4.1614943 4.1609821 4.1603131]",0.5,25,2990.413978653564
166,"[4.1800394 4.1754327 4.1722827 4.1701565 4.1683059 4.1668491 4.1655889
 4.1646047 4.1637383 4.162951  4.1621242 4.1615334 4.1609821 4.1605492]",0.5,25,2989.533104284126
167,"[4.1800394 4.1753931 4.1723614 4.1700382 4.1682663 4.1667705 4.1655498
 4.1644864 4.1636205 4.1627936 4.1620455 4.161376  4.160943  4.1605096]",0.5,25,2988.535141236707
168,"[4.1799607 4.1753931 4.172204  4.1699595 4.1681876 4.1666126 4.1654315
 4.1644473 4.1635418 4.1627541 4.1620455 4.1614547 4.1606674 4.1602736]",0.5,25,2987.6121890082454
169,"[4.1799607 4.175354  4.1722827 4.1700778 4.1683455 4.1666522 4.1654315
 4.1644473 4.1634626 4.1627541 4.1620846 4.161376  4.1607065 4.1602736]",0.5,25,2986.8289803028715
170,"[4.1798425 4.1753144 4.1722827 4.1700778 4.1682272 4.1666918 4.1654315
 4.1644473 4.1634626 4.1627541 4.1620059 4.1613364 4.1608248 4.1603918]",0.5,25,2986.1304390610085
171,"[4.1798425 4.1754327 4.172401  4.1699991 4.1681876 4.1668096 4.1654315
 4.164526  4.1634626 4.162715  4.1620455 4.1613364 4.1608644 4.1603918]",0.5,25,2985.304035229356
172,"[4.1799212 4.1752753 4.1722431 4.1698809 4.1680303 4.1666918 4.1655102
 4.1643686 4.1635022 4.1626358 4.1619272 4.1612973 4.1607461 4.1603131]",0.5,25,2984.207638743354
173,"[4.179882  4.1751962 4.1722431 4.1698809 4.1680303 4.1666918 4.1652741
 4.1643291 4.1632662 4.1625967 4.1617699 4.16114   4.1605492 4.1600766]",0.5,25,2983.25419801351
174,"[4.1798034 4.1753144 4.1721644 4.1698022 4.1679907 4.1666126 4.1653924
 4.1642504 4.163384  4.162518  4.1617699 4.1612186 4.1605492 4.1601162]",0.5,25,2982.515544822862
175,"[4.1798034 4.175354  4.1720858 4.1698413 4.1679516 4.1665735 4.1653132
 4.16429   4.1633053 4.1624784 4.1619668 4.1612186 4.1606278 4.1601553]",0.5,25,2981.773231354167
176,"[4.1798425 4.1752753 4.1721644 4.1698413 4.1680698 4.1665339 4.1653132
 4.1641717 4.1632266 4.1625571 4.1617303 4.1612186 4.1605492 4.1601162]",0.5,25,2980.941206918948
177,"[4.179882  4.1751962 4.1722431 4.1698809 4.1681089 4.1666522 4.1653132
 4.1642504 4.163384  4.1625571 4.1618485 4.1613364 4.1606674 4.1601162]",0.5,25,2980.1416212841773
178,"[4.1798425 4.1752753 4.1721644 4.1698413 4.1680303 4.1665735 4.1652346
 4.1643291 4.163384  4.162518  4.1618881 4.1611791 4.1605887 4.1601949]",0.5,25,2979.275393765191
179,"[4.1799212 4.1752753 4.1721253 4.1699595 4.1680303 4.1665339 4.1653132
 4.1641321 4.1633053 4.1623998 4.1618485 4.16114   4.1606674 4.1601553]",0.5,25,2978.383895705567
180,"[4.1797638 4.1751175 4.1720467 4.1696839 4.1678333 4.166337  4.1651955
 4.1641717 4.1633053 4.1623211 4.1616516 4.16114   4.1604309 4.1599584]",0.5,25,2977.335158600669
181,"[4.1797638 4.1751571 4.1721644 4.1698413 4.1678729 4.1663766 4.1651168
 4.164093  4.1631083 4.1624784 4.1617699 4.16114   4.1604705 4.1599979]",0.5,25,2976.632281923287
182,"[4.1795669 4.1750388 4.1720467 4.1697235 4.1679516 4.1662979 4.1649985
 4.1639748 4.1629906 4.1623211 4.1615334 4.160943  4.1603918 4.159801 ]",0.5,25,2975.487976031358
183,"[4.1798034 4.1751962 4.1720858 4.1698022 4.1679907 4.1663766 4.1650772
 4.1641321 4.1632266 4.1623211 4.1616516 4.1610217 4.1604705 4.1599584]",0.5,25,2974.843511566974
184,"[4.1797638 4.1751962 4.1719675 4.1697235 4.167912  4.1662979 4.1651168
 4.1642108 4.1630692 4.1623602 4.161612  4.160943  4.1603918 4.1599193]",0.5,25,2973.997860258656
185,"[4.1797638 4.1751175 4.1719675 4.1698413 4.167912  4.1663766 4.1650772
 4.1640534 4.163187  4.1623211 4.1616516 4.1610217 4.1603918 4.159801 ]",0.5,25,2973.104747359756
186,"[4.1796064 4.1749997 4.1719675 4.1696839 4.1678333 4.166337  4.1650772
 4.1638565 4.1631083 4.1622424 4.1614547 4.1608644 4.1603131 4.1598406]",0.5,25,2972.184293629012
187,"[4.1796851 4.1749206 4.1720467 4.169487  4.1677151 4.166337  4.1649985
 4.1639352 4.162951  4.1623211 4.161376  4.1608248 4.160234  4.1597619]",0.5,25,2971.312185892606
188,"[4.1795669 4.1749997 4.1718102 4.1696053 4.1675577 4.1662583 4.1649985
 4.1638565 4.1629114 4.1620846 4.1613364 4.1607461 4.1600375 4.1595254]",0.5,25,2970.255871968316
189,"[4.1795669 4.1748419 4.171771  4.1694083 4.1674395 4.1660614 4.1647229
 4.1637383 4.162715  4.1619668 4.1611791 4.1605492 4.1600766 4.1594467]",0.5,25,2969.2147668288844
190,"[4.1797242 4.1749206 4.1717315 4.1694083 4.1675577 4.166101  4.1648803
 4.1636992 4.1629906 4.1619668 4.1611004 4.1606674 4.1600375 4.1594863]",0.5,25,2968.327500492892
191,"[4.1794882 4.1749997 4.1719284 4.169487  4.1675186 4.1660614 4.1648803
 4.1639352 4.1628723 4.1620059 4.1612973 4.1605887 4.1600766 4.1595254]",0.5,25,2967.780159272732
192,"[4.1795669 4.1749997 4.1718497 4.1693692 4.1675577 4.1662583 4.1648803
 4.1636992 4.1627541 4.1619668 4.1612186 4.1607065 4.1599979 4.159565 ]",0.5,25,2966.896901880563
193,"[4.1794486 4.1748815 4.1717315 4.1694083 4.1675577 4.1660223 4.164762
 4.1636205 4.1627541 4.1618881 4.1611791 4.1605887 4.1598797 4.159368 ]",0.5,25,2965.895556437984
194,"[4.1793308 4.1746845 4.1715741 4.169251  4.1675186 4.165904  4.1646442
 4.1635022 4.1625967 4.1617699 4.1610608 4.1604309 4.159801  4.1593285]",0.5,25,2964.9076351539425
195,"[4.1794486 4.1747632 4.1718102 4.1694479 4.1675973 4.166101  4.1647229
 4.1637383 4.1626754 4.1618881 4.1611791 4.1605887 4.1599979 4.1592894]",0.5,25,2964.2533424891467
196,"[4.1794882 4.1748419 4.1716528 4.1694083 4.1675973 4.1660223 4.1647229
 4.1636992 4.162715  4.1619668 4.1610608 4.1605096 4.1598797 4.159368 ]",0.5,25,2963.336897975126
197,"[4.1795278 4.1748419 4.1716919 4.169487  4.1675577 4.1660223 4.164762
 4.1636992 4.162715  4.1619272 4.1611791 4.1604705 4.1599193 4.1591711]",0.5,25,2962.353141192627
198,"[4.1794882 4.1748028 4.1716919 4.1694083 4.1674395 4.1659827 4.1646833
 4.1636205 4.1627541 4.1620059 4.1611004 4.1604309 4.1599193 4.159368 ]",0.5,25,2961.628075384524
199,"[4.1795669 4.1748028 4.1717315 4.1694083 4.1676364 4.1660223 4.1646833
 4.1636596 4.1627936 4.1619272 4.1611004 4.1605492 4.1599193 4.1592894]",0.5,25,2960.6073480528416
200,"[4.1799607 4.1753144 4.1721644 4.1699204 4.1681089 4.1666522 4.1654315
 4.1643291 4.1633053 4.1625571 4.1617303 4.1611791 4.1606278 4.1601162]",0.5,25,2961.877101643607
201,"[4.1793699 4.1745663 4.1715345 4.1692901 4.1673608 4.1657467 4.1644864
 4.1634626 4.1625571 4.1616516 4.1608248 4.1601949 4.1596041 4.1590137]",0.5,25,2958.0570891647662
202,"[4.1794486 4.1747632 4.171771  4.1693692 4.167479  4.1659827 4.164762
 4.1636596 4.162715  4.161809  4.16114   4.1605096 4.1597619 4.1591711]",0.5,25,2957.390985612927
203,"[4.1794486 4.1746449 4.1717315 4.169251  4.1674395 4.1659827 4.1646442
 4.1635022 4.1625967 4.1617303 4.1609821 4.1603522 4.1597619 4.1590924]",0.5,25,2956.104263420954
204,"[4.1793308 4.1746845 4.1717315 4.169251  4.167479  4.1658645 4.1646047
 4.1634626 4.1625571 4.1618485 4.1610608 4.1602736 4.1597619 4.1592102]",0.5,25,2954.92073623359
205,"[4.1794486 4.1748815 4.1715741 4.1694083 4.167676  4.1661401 4.1647229
 4.1636992 4.1627936 4.1618881 4.1612186 4.1605096 4.1598797 4.1593285]",0.5,25,2953.950271926131
206,"[4.1794486 4.1747632 4.171771  4.1694083 4.167479  4.1659827 4.1648412
 4.1637383 4.1627541 4.1619272 4.1610608 4.1605096 4.1598406 4.1593285]",0.5,25,2952.6874402102367
207,"[4.1794095 4.1747632 4.1716528 4.169251  4.1674395 4.1659436 4.164762
 4.1636992 4.1626358 4.1619668 4.1612577 4.1605492 4.1598797 4.1592894]",0.5,25,2951.082393144261
208,"[4.1793699 4.1748028 4.1717315 4.169251  4.1674395 4.1661401 4.1646833
 4.1635809 4.162715  4.1618485 4.16114   4.1605887 4.1598406 4.1592894]",0.5,25,2949.810207952884
209,"[4.1793308 4.1746449 4.1714559 4.1692114 4.1672821 4.1658254 4.1646047
 4.1634626 4.1625967 4.1616912 4.1608644 4.1603522 4.1596041 4.1590924]",0.5,25,2948.28504197442
210,"[4.1793699 4.1747632 4.1716132 4.1691327 4.1673608 4.1658254 4.1645656
 4.1634626 4.1624393 4.1616912 4.1610608 4.160234  4.1597223 4.1592102]",0.5,25,2946.9566029579023
211,"[4.1792912 4.1746058 4.1714954 4.1692114 4.1674395 4.1658254 4.1646047
 4.1635418 4.1623998 4.1617303 4.1610608 4.1603131 4.1596437 4.1591711]",0.5,25,2945.469238126494
212,"[4.1792521 4.1746845 4.1714954 4.1691723 4.1673608 4.1658645 4.1646047
 4.1635418 4.162518  4.1616516 4.160943  4.1602736 4.1597223 4.1590528]",0.5,25,2944.009302366264
213,"[4.1793699 4.1746058 4.1716132 4.1693296 4.1673217 4.165904  4.1644864
 4.1635809 4.1626754 4.1617303 4.1611004 4.1603522 4.1597619 4.1591315]",0.5,25,2942.65201507799
214,"[4.179173  4.1746058 4.1713772 4.1690145 4.1671638 4.1657858 4.1644077
 4.1633053 4.1623602 4.1615334 4.1608248 4.160234  4.1596828 4.1589742]",0.5,25,2940.773848719213
215,"[4.1792521 4.1745663 4.1714163 4.1689754 4.167243  4.165904  4.164526
 4.1634235 4.1624784 4.1616912 4.1609035 4.1601553 4.1596437 4.1590924]",0.5,25,2939.425430106471
216,"[4.1792126 4.1745663 4.1715345 4.1690936 4.1672821 4.1658254 4.1644864
 4.1634235 4.1624784 4.1617303 4.1609821 4.160234  4.1596437 4.1591711]",0.5,25,2938.2159189320205
217,"[4.1790943 4.1744485 4.1712985 4.1689358 4.1671247 4.1655889 4.1642504
 4.1633053 4.1622424 4.1612973 4.1606674 4.1601162 4.1595254 4.1588955]",0.5,25,2936.409171263836
218,"[4.179173  4.1746058 4.1714954 4.1692114 4.1672034 4.1657071 4.1645656
 4.1634626 4.1623998 4.1616912 4.1609035 4.1601949 4.1596437 4.1590924]",0.5,25,2935.189902340903
219,"[4.1792126 4.1744876 4.1713772 4.1690145 4.1671638 4.165668  4.1643686
 4.1633449 4.1624393 4.1615334 4.1607065 4.1601553 4.1595254 4.1589742]",0.5,25,2933.7015886101613
220,"[4.1791339 4.1744876 4.1712198 4.169054  4.1671247 4.165668  4.1644077
 4.1633449 4.1624393 4.1614156 4.1607065 4.1599584 4.1593285 4.1588559]",0.5,25,2931.95100116279
221,"[4.1791339 4.1743302 4.1712985 4.1689358 4.1670852 4.1655498 4.1644077
 4.163187  4.1622424 4.161376  4.1608248 4.1599979 4.1594467 4.1587772]",0.5,25,2930.4826818868028
222,"[4.1790552 4.1743693 4.1713772 4.1689754 4.1669278 4.1655102 4.1641717
 4.1631083 4.1621242 4.1614547 4.1605492 4.1598406 4.159368  4.1586986]",0.5,25,2928.942020417751
223,"[4.1790156 4.1743693 4.1711802 4.1686997 4.1668882 4.1653528 4.1641321
 4.1631479 4.1620846 4.1613364 4.1605887 4.1598406 4.1593285 4.1586986]",0.5,25,2927.451328162841
224,"[4.1790552 4.1743693 4.1711802 4.168818  4.1669674 4.1655498 4.16429
 4.163187  4.1622028 4.1612973 4.1605492 4.1600375 4.1592498 4.1587772]",0.5,25,2926.199826457113
225,"[4.1790552 4.1742907 4.1711802 4.1688571 4.1669278 4.1655498 4.164093
 4.1630692 4.1621637 4.1612973 4.1605096 4.1599979 4.159368  4.1587381]",0.5,25,2924.624407178274
226,"[4.1789765 4.1742516 4.1711802 4.168818  4.1668491 4.1654711 4.1641321
 4.1630297 4.1621242 4.1612973 4.1603918 4.1597223 4.1591315 4.1585803]",0.5,25,2923.0748464171
227,"[4.1788583 4.1740937 4.1711802 4.1687784 4.1669278 4.1654711 4.1640534
 4.1630692 4.1619272 4.16114   4.1604309 4.159565  4.1590924 4.1586199]",0.5,25,2921.6237242883312
228,"[4.1788974 4.1742907 4.1711802 4.168818  4.1669278 4.1655102 4.1641321
 4.1631083 4.1620455 4.1611791 4.1603918 4.1597619 4.1591711 4.1586199]",0.5,25,2920.44319801242
229,"[4.1788974 4.1742907 4.1711016 4.1687784 4.1668096 4.1653528 4.1640534
 4.1630297 4.1620059 4.16114   4.1604705 4.1597619 4.1591711 4.1585412]",0.5,25,2918.970177776558
230,"[4.1788974 4.1742516 4.1710229 4.1686997 4.1668491 4.1653132 4.1640143
 4.162951  4.1618881 4.1610217 4.1601949 4.1596041 4.1588559 4.1585412]",0.5,25,2917.435075831701
231,"[4.1788583 4.174212  4.1709437 4.1686602 4.1668096 4.1651168 4.1639352
 4.1628327 4.1617699 4.1609821 4.1604705 4.159565  4.1589346 4.1583443]",0.5,25,2915.938158320174
232,"[4.178937  4.1742516 4.1709437 4.1685419 4.1667705 4.1652346 4.1638174
 4.1627541 4.1617699 4.160943  4.160234  4.1594863 4.1588168 4.1582656]",0.5,25,2914.628777419302
233,"[4.17874   4.1740546 4.1708651 4.1685419 4.1667705 4.1651168 4.1638174
 4.1626754 4.1617699 4.1608248 4.1601553 4.1594467 4.1587381 4.1583443]",0.5,25,2912.990761338163
234,"[4.1788974 4.174212  4.1709833 4.1685815 4.1666522 4.1651168 4.1638565
 4.1626754 4.1619272 4.1608644 4.1601162 4.159368  4.1588955 4.1583047]",0.5,25,2911.483590953642
235,"[4.1788974 4.1740546 4.1709833 4.1686602 4.1668096 4.1651559 4.1637383
 4.1626754 4.1617303 4.160943  4.1602736 4.1594467 4.1587381 4.158226 ]",0.5,25,2910.255658775908
236,"[4.1787796 4.1740937 4.1708651 4.1685419 4.1666522 4.1651168 4.1638565
 4.162715  4.1616912 4.1607852 4.1601162 4.1594863 4.1588955 4.1583047]",0.5,25,2908.589797661405
237,"[4.1787796 4.1741333 4.1709833 4.1686602 4.1666126 4.1651559 4.1638174
 4.162715  4.1616516 4.160943  4.160234  4.1594071 4.1587772 4.1582656]",0.5,25,2907.374059656846
238,"[4.1785827 4.1739364 4.170826  4.1684241 4.1664553 4.164959  4.1635809
 4.1625967 4.1615334 4.1606278 4.1599193 4.1592102 4.1585016 4.1579504]",0.5,25,2905.456587007921
239,"[4.1785827 4.1738577 4.1706681 4.1682272 4.1663766 4.1648016 4.1634626
 4.1623211 4.1615729 4.1607852 4.159801  4.1589742 4.1584625 4.1579113]",0.5,25,2904.142109251166
240,"[4.1787009 4.174015  4.1709046 4.1683846 4.1665339 4.1650376 4.1636596
 4.1625967 4.1615729 4.1607065 4.1599979 4.1592894 4.1585803 4.1581078]",0.5,25,2903.371576861304
241,"[4.1787009 4.1740546 4.1708651 4.1683846 4.1666126 4.1649985 4.1636205
 4.162715  4.161612  4.1606674 4.1599979 4.1593285 4.1587381 4.1581078]",0.5,25,2902.075963058133
242,"[4.1787796 4.1739759 4.1707864 4.1685028 4.1665735 4.1648803 4.1635022
 4.162518  4.1614547 4.1607065 4.1598406 4.1590924 4.1585803 4.15799  ]",0.5,25,2900.673655266793
243,"[4.1786218 4.1738973 4.1707864 4.1684241 4.1665735 4.1648803 4.1636205
 4.1624784 4.1614547 4.1607461 4.1598797 4.1592498 4.1585803 4.1581078]",0.5,25,2899.315503529323
244,"[4.1785827 4.1738181 4.1707077 4.1683846 4.1664162 4.1648803 4.1635418
 4.1624393 4.1614943 4.1606278 4.1597619 4.1591711 4.1586199 4.1581078]",0.5,25,2898.0858630704747
245,"[4.1787009 4.1738181 4.1707473 4.1683059 4.166337  4.1648412 4.1635418
 4.1624393 4.161376  4.1607461 4.1597223 4.1590528 4.1584625 4.1578717]",0.5,25,2896.9904067812768
246,"[4.1786218 4.1739364 4.170629  4.1683059 4.166337  4.1648016 4.1634235
 4.162518  4.1614547 4.1605492 4.1597619 4.1590137 4.1584229 4.1577535]",0.5,25,2895.584697397596
247,"[4.1785827 4.1738973 4.1705894 4.1682663 4.1664948 4.1647229 4.1634626
 4.1623998 4.1613364 4.1605096 4.1597619 4.1590528 4.1585016 4.1579504]",0.5,25,2894.507911854113
248,"[4.1786218 4.1738973 4.1706681 4.1682272 4.1662979 4.1648016 4.1635418
 4.1623211 4.1612973 4.1604705 4.1597619 4.1590137 4.1584625 4.157793 ]",0.5,25,2893.0989985754413
249,"[4.1785827 4.1738577 4.1705894 4.1681876 4.1662979 4.1647229 4.163384
 4.1623602 4.1613364 4.1604309 4.1596041 4.1590137 4.1583047 4.1576748]",0.5,25,2891.827423530546
250,"[4.178504  4.1736608 4.1704717 4.1681876 4.1663766 4.1647229 4.1633053
 4.1622424 4.1612186 4.1603918 4.1596828 4.1588955 4.1583443 4.1577144]",0.5,25,2890.516724626736
251,"[4.1784644 4.173779  4.1704321 4.1681089 4.1660614 4.1644864 4.1633053
 4.1623998 4.1611791 4.1603131 4.1594863 4.1588168 4.1582656 4.1575565]",0.5,25,2889.1611731907838
252,"[4.1786218 4.1737394 4.1705894 4.1680698 4.1662979 4.1646833 4.163384
 4.1623211 4.1611791 4.1602736 4.1594467 4.1588955 4.1581869 4.1576748]",0.5,25,2888.127674169648
253,"[4.1784253 4.1737003 4.1705894 4.1681485 4.166337  4.1647229 4.1634626
 4.1622028 4.1612973 4.1604309 4.1597619 4.1589742 4.1582656 4.1576748]",0.5,25,2886.793371161703
254,"[4.178504  4.173779  4.1705894 4.1680303 4.1661797 4.1646833 4.1634626
 4.1622028 4.16114   4.1603918 4.1595254 4.1587772 4.1583834 4.1575961]",0.5,25,2885.63738892049
255,"[4.1784644 4.1736217 4.1705503 4.1680698 4.166101  4.1645656 4.1633053
 4.1621242 4.16114   4.1603522 4.1594071 4.1588955 4.1581473 4.1576357]",0.5,25,2884.301530385743
256,"[4.1783857 4.1736217 4.1705108 4.1678729 4.166101  4.164526  4.163187
 4.1620455 4.1609821 4.1601162 4.1595254 4.1587772 4.1580291 4.1575565]",0.5,25,2883.087398427328
257,"[4.1784644 4.1737003 4.1703138 4.1680303 4.1660223 4.1644077 4.1633449
 4.1620455 4.1609821 4.1600766 4.1592498 4.1585016 4.1580291 4.1573601]",0.5,25,2881.9458611454247
258,"[4.178504  4.1735821 4.1703925 4.1681089 4.1661401 4.1646442 4.163187
 4.1621637 4.1611004 4.1601553 4.1594071 4.1588168 4.1581078 4.1575565]",0.5,25,2881.158891099311
259,"[4.1784253 4.1736608 4.1703925 4.1678333 4.1660614 4.1645656 4.1630692
 4.1620455 4.1610217 4.1600766 4.1593285 4.158659  4.1579504 4.1572809]",0.5,25,2879.727035590958
260,"[4.1783857 4.1737003 4.1704321 4.1680303 4.1659436 4.1643686 4.1631083
 4.1619272 4.1610608 4.1601162 4.1592102 4.1585016 4.1579113 4.1573205]",0.5,25,2878.462283093804
261,"[4.1783462 4.1735821 4.1702747 4.1678333 4.1660223 4.1642504 4.1629906
 4.161809  4.1610217 4.1599979 4.1592498 4.1584229 4.1579504 4.1572418]",0.5,25,2877.010813095295
262,"[4.1783857 4.1735034 4.1702747 4.1679907 4.1661401 4.1643686 4.163187
 4.1619668 4.1610217 4.1599979 4.1591711 4.1585016 4.1578717 4.1572809]",0.5,25,2876.054181907417
263,"[4.1786613 4.1734638 4.1703534 4.1678729 4.1660223 4.1644864 4.1630297
 4.1619272 4.1608248 4.1599584 4.1592102 4.1583834 4.1577535 4.1571631]",0.5,25,2874.831012021621
264,"[4.1781888 4.1734638 4.1702352 4.167912  4.165904  4.1644473 4.162951
 4.1618881 4.160943  4.1598797 4.1591711 4.1584625 4.1577535 4.1570845]",0.5,25,2873.650097412246
265,"[4.1783462 4.1735034 4.1702747 4.1678333 4.1658645 4.1642504 4.1629906
 4.1618881 4.1605887 4.1598406 4.1590137 4.1582656 4.1576748 4.1570845]",0.5,25,2872.382477205539
266,"[4.1781492 4.1734638 4.1701565 4.167676  4.1657858 4.1642504 4.1628723
 4.1616516 4.1608248 4.1598406 4.1590924 4.1583443 4.1577144 4.1572418]",0.5,25,2870.918569297691
267,"[4.1781492 4.1735821 4.1702747 4.1678729 4.1658645 4.1643291 4.162951
 4.1618485 4.1607852 4.1599193 4.1590528 4.1585016 4.1575961 4.1571236]",0.5,25,2869.922036638864
268,"[4.1782284 4.1734638 4.1700778 4.1676364 4.1657467 4.1643686 4.1628327
 4.1616912 4.1606674 4.1598406 4.1589742 4.1584625 4.1575961 4.1570845]",0.5,25,2868.58866351427
269,"[4.1781888 4.1733456 4.1700382 4.1676364 4.1656284 4.1640534 4.1628327
 4.161612  4.1606674 4.1597223 4.1589346 4.1581869 4.1575961 4.1570449]",0.5,25,2867.395326889919
270,"[4.1782284 4.1733851 4.1700778 4.1677151 4.1658254 4.1642108 4.162715
 4.1615729 4.1607065 4.1597223 4.1589346 4.1581078 4.1576357 4.1570053]",0.5,25,2866.31432268121
271,"[4.1783462 4.1735821 4.1702747 4.1678333 4.166101  4.1645656 4.1631479
 4.1620059 4.1610608 4.1600375 4.1592498 4.1585412 4.1578321 4.1572809]",0.5,25,2866.211033338353
272,"[4.1782284 4.1734247 4.1701961 4.1676364 4.1658645 4.1642504 4.1627936
 4.1617303 4.1605887 4.1597223 4.1590137 4.1583047 4.1575961 4.1570053]",0.5,25,2864.101314090712
273,"[4.1781492 4.1734247 4.1701565 4.167676  4.1657858 4.1641321 4.1627936
 4.1616516 4.1606674 4.1597223 4.1589346 4.1581078 4.1576357 4.1569266]",0.5,25,2862.840094616698
274,"[4.1780705 4.1733456 4.1700778 4.1675577 4.1657467 4.1641321 4.1627936
 4.1616516 4.1606278 4.1596437 4.1586986 4.1581473 4.1574388 4.156848 ]",0.5,25,2861.5268496781405
275,"[4.1780705 4.1733065 4.1699991 4.1675973 4.1655889 4.1640143 4.1625967
 4.1614156 4.1606278 4.1596437 4.1587772 4.1579113 4.1573992 4.1568084]",0.5,25,2860.566400769178
276,"[4.1781101 4.1732669 4.1699991 4.1675577 4.1656284 4.1640534 4.1626358
 4.1615729 4.1603918 4.1597223 4.1587772 4.1580291 4.1574779 4.156848 ]",0.5,25,2859.356762915851
277,"[4.1780314 4.1733456 4.1699595 4.1675186 4.1657071 4.1639748 4.162715
 4.1614943 4.1603522 4.1596041 4.158659  4.1580291 4.1573205 4.1566906]",0.5,25,2857.7076074141414
278,"[4.1779132 4.1731491 4.1699595 4.167676  4.1655498 4.1639748 4.1625967
 4.161376  4.1605492 4.1594071 4.1586986 4.1579113 4.1571631 4.1566906]",0.5,25,2856.3748737942155
279,"[4.1779132 4.1733065 4.1699991 4.1674395 4.1655102 4.1639352 4.1626754
 4.161376  4.1603918 4.1596041 4.1587772 4.1579504 4.1573992 4.1567693]",0.5,25,2855.420718245851
280,"[4.1779919 4.1730309 4.1698022 4.167479  4.1654711 4.1639352 4.162715
 4.1614547 4.1603522 4.159565  4.1587772 4.1580291 4.1573601 4.1567693]",0.5,25,2854.1675296038147
281,"[4.1781101 4.1731882 4.1699595 4.1675577 4.165668  4.164093  4.1626754
 4.1614547 4.1605096 4.159565  4.1587381 4.1580687 4.1573992 4.156848 ]",0.5,25,2853.278201009519
282,"[4.1779528 4.1731882 4.1698809 4.1674004 4.1654315 4.1637778 4.162518
 4.161376  4.160234  4.159368  4.1586199 4.1578717 4.1572022 4.156651 ]",0.5,25,2851.7834279692934
283,"[4.1783462 4.1735425 4.1705108 4.1680303 4.1662192 4.1645656 4.163187
 4.1621242 4.16114   4.1603131 4.1593285 4.1586986 4.15799   4.1575961]",0.5,25,2852.758012009141
284,"[4.1779132 4.1728735 4.1698022 4.167243  4.1653132 4.1638174 4.1623602
 4.1612973 4.1600766 4.1592894 4.1585016 4.1577144 4.1570845 4.1564937]",0.5,25,2849.066147855088
285,"[4.1777558 4.1730309 4.1697235 4.1673608 4.1653924 4.1636596 4.1623998
 4.1611791 4.1600375 4.1591711 4.1584229 4.1577144 4.1570449 4.1563754]",0.5,25,2847.844075491943
286,"[4.1777949 4.1729522 4.1697235 4.1673608 4.1653132 4.1638174 4.1623998
 4.1611791 4.1600766 4.1591315 4.1583047 4.1576748 4.1570053 4.1563363]",0.5,25,2846.635151541747
287,"[4.1778736 4.1729126 4.1696053 4.1672034 4.1652346 4.1636992 4.1622815
 4.1610608 4.1601162 4.1590924 4.1583047 4.1576357 4.1568875 4.1562181]",0.5,25,2845.419881848008
288,"[4.1777558 4.1729522 4.1696839 4.1671638 4.1652346 4.1636205 4.1622424
 4.1609821 4.1599979 4.1590924 4.1581869 4.1575961 4.1568875 4.1562572]",0.5,25,2843.980041781954
289,"[4.1777163 4.1729126 4.1695657 4.1672034 4.1651559 4.1635418 4.1622815
 4.1610217 4.1599979 4.1590924 4.1583047 4.1576357 4.1567297 4.1562572]",0.5,25,2842.7238258028137
290,"[4.1777558 4.1728735 4.1696053 4.1670852 4.1650772 4.1635809 4.1622028
 4.160943  4.1598797 4.1590924 4.1580687 4.1574388 4.1568875 4.1561394]",0.5,25,2841.4880304466437
291,"[4.1777163 4.1730309 4.1696053 4.1670461 4.1651168 4.1635418 4.1621637
 4.1610217 4.1599979 4.1590924 4.1581869 4.1575174 4.1568084 4.1561394]",0.5,25,2840.662657691244
292,"[4.1777558 4.1727552 4.1694083 4.1670065 4.1650772 4.1635418 4.1620455
 4.1609035 4.159801  4.1589742 4.1581078 4.1573601 4.1566119 4.1560211]",0.5,25,2839.516395324978
293,"[4.1777163 4.1727552 4.1696448 4.1670852 4.1650772 4.1635022 4.1620455
 4.160943  4.1599584 4.1591315 4.1581869 4.1574388 4.156848  4.1561785]",0.5,25,2838.619111001386
294,"[4.1776376 4.1727552 4.1694083 4.1669674 4.1649985 4.163384  4.1620455
 4.1608644 4.1597619 4.1589346 4.1580291 4.1573205 4.1566119 4.1560211]",0.5,25,2837.536922405327
295,"[4.1777558 4.1728735 4.1695657 4.1671247 4.1651955 4.1635418 4.1621242
 4.1608644 4.1599193 4.1589742 4.1581473 4.1573601 4.1567693 4.1561785]",0.5,25,2836.8347243876174
296,"[4.177598  4.1728339 4.1694479 4.1669278 4.1650376 4.1634235 4.1621242
 4.160943  4.1598797 4.1588955 4.1581869 4.1573601 4.1567693 4.1560607]",0.5,25,2835.620310398493
297,"[4.1777163 4.1728339 4.1695266 4.1669674 4.1651168 4.1634235 4.1622028
 4.1609035 4.1599979 4.1589742 4.1580687 4.1573992 4.156848  4.1560998]",0.5,25,2834.764087666016
298,"[4.1775589 4.1726766 4.1695266 4.1670065 4.164959  4.1633449 4.1619272
 4.1607461 4.1597223 4.1589346 4.15799   4.1572809 4.1566906 4.1559815]",0.5,25,2833.8823427734387
299,"[4.177598  4.1727157 4.1693296 4.1668096 4.1649199 4.1634626 4.1618881
 4.1605887 4.1596828 4.1587772 4.15799   4.1572418 4.1565723 4.1560211]",0.5,25,2832.9203599233647
300,"[4.177598  4.1728735 4.1696053 4.1669674 4.164959  4.163384  4.1620455
 4.1608644 4.1599193 4.1588559 4.1581078 4.1572418 4.1567693 4.1560607]",0.5,25,2832.417549767929
301,"[4.1776376 4.172637  4.1693296 4.1667705 4.1649199 4.1633449 4.1619272
 4.1606674 4.1596437 4.1587772 4.1579504 4.1572418 4.1565723 4.1559424]",0.5,25,2831.237573336723
302,"[4.1775193 4.1724796 4.1692901 4.1667309 4.1648412 4.1632266 4.1619272
 4.1605887 4.1596437 4.158659  4.1578717 4.1572022 4.156415  4.1559029]",0.5,25,2830.508270633815
303,"[4.1775193 4.1727157 4.1694479 4.1670461 4.1648412 4.1633449 4.1617699
 4.1606674 4.1596437 4.1587381 4.1580687 4.1573601 4.1564541 4.1557851]",0.5,25,2829.504845201416
304,"[4.1775193 4.1726766 4.1694083 4.1668096 4.1648803 4.163384  4.1618485
 4.1606674 4.159565  4.1586986 4.1578717 4.1570845 4.156415  4.1559424]",0.5,25,2828.186303859051
305,"[4.1774406 4.1724796 4.1690936 4.1666522 4.1646442 4.1629906 4.1615729
 4.1605096 4.1594071 4.1585412 4.1576748 4.156848  4.1561785 4.1557059]",0.5,25,2826.547298385553
306,"[4.1774406 4.1725583 4.1691723 4.1666522 4.1646442 4.1630297 4.1617303
 4.1604705 4.159368  4.1585803 4.157793  4.1569266 4.1563363 4.1555882]",0.5,25,2826.046152044135
307,"[4.1774406 4.1725979 4.169251  4.1666918 4.1648016 4.1631479 4.161809
 4.1605492 4.1594467 4.1585412 4.1576357 4.1568875 4.1562967 4.1556668]",0.5,25,2825.05995596571
308,"[4.1774802 4.1724796 4.1690936 4.1667309 4.164762  4.1630297 4.1618485
 4.1605096 4.1594071 4.1585803 4.1576357 4.1568875 4.1562572 4.1556668]",0.5,25,2824.3752610606543
309,"[4.177362  4.1725583 4.1691723 4.1667309 4.164762  4.1630297 4.1616516
 4.1605887 4.1594071 4.1585016 4.1576357 4.1570449 4.1561785 4.1555486]",0.5,25,2823.3470278936047
310,"[4.1774802 4.1725979 4.1693296 4.1667309 4.1648016 4.1630692 4.1619272
 4.1605492 4.1595254 4.1586199 4.1576748 4.1570449 4.1564541 4.1556668]",0.5,25,2822.6265342658144
311,"[4.177362  4.1724796 4.1690936 4.1667309 4.1646442 4.1631479 4.1615729
 4.1605492 4.1594863 4.1584625 4.1575961 4.1569266 4.1562181 4.1555882]",0.5,25,2821.560026206599
312,"[4.1774015 4.1725187 4.1691327 4.1666522 4.1646833 4.1631083 4.1617303
 4.1604705 4.159368  4.1585016 4.1575961 4.1569266 4.1562181 4.1556273]",0.5,25,2820.291733286674
313,"[4.1772833 4.1723614 4.1691327 4.1664553 4.164526  4.1628723 4.1614943
 4.160234  4.1593285 4.158226  4.1574388 4.1568084 4.1560607 4.1553912]",0.5,25,2818.759076406252
314,"[4.1773224 4.1723614 4.1690936 4.1665339 4.1646047 4.1629114 4.1615729
 4.1603918 4.1592498 4.1583443 4.1573992 4.156651  4.1559029 4.1554303]",0.5,25,2817.6763586256234
315,"[4.1774015 4.1725583 4.169054  4.1665339 4.1645656 4.1629906 4.1615729
 4.160234  4.1592894 4.1583443 4.1574779 4.1568084 4.1561785 4.1553125]",0.5,25,2816.594843349881
316,"[4.1774406 4.1722827 4.1689358 4.1665339 4.1644473 4.1628723 4.1614943
 4.160234  4.1590924 4.1582656 4.1573601 4.1567693 4.1559029 4.155273 ]",0.5,25,2815.104537850749
317,"[4.1772437 4.1723614 4.1691723 4.1665339 4.1646047 4.1628327 4.1614943
 4.1603522 4.1592102 4.158226  4.1574388 4.156651  4.1559029 4.1553516]",0.5,25,2813.7402674534774
318,"[4.1772437 4.172401  4.1689754 4.1664553 4.1644864 4.1628327 4.1614156
 4.1602736 4.1591711 4.158226  4.1573601 4.1565723 4.1558638 4.1552339]",0.5,25,2812.359511450059
319,"[4.1773224 4.1723223 4.1689754 4.1667309 4.1644473 4.1628723 4.161376
 4.1603522 4.1589742 4.1581473 4.1574388 4.1565723 4.1560211 4.1553125]",0.5,25,2811.16888507758
320,"[4.1774015 4.1723223 4.1689754 4.1664948 4.1644473 4.1628327 4.161376
 4.1601949 4.1591315 4.1582656 4.1573992 4.1565328 4.1559029 4.1553516]",0.5,25,2809.750715741236
321,"[4.1770864 4.1722431 4.1688967 4.1662979 4.1643686 4.1625571 4.1612186
 4.1601162 4.1588955 4.1579113 4.1571236 4.1562572 4.1557455 4.1549973]",0.5,25,2808.241673183324
322,"[4.1770864 4.1721644 4.1688967 4.1663766 4.16429   4.1627541 4.1614156
 4.1599584 4.1589742 4.1580291 4.1571631 4.1562967 4.1556668 4.1549973]",0.5,25,2807.438966168074
323,"[4.177165  4.1721253 4.1687784 4.1662583 4.1643686 4.1626754 4.1612577
 4.1599584 4.1588955 4.15799   4.1571631 4.1562572 4.1556668 4.1550369]",0.5,25,2806.443377781984
324,"[4.1770864 4.172204  4.1688571 4.1663766 4.1642108 4.1625571 4.1611791
 4.1600375 4.1588168 4.1578321 4.1570449 4.1562967 4.1556273 4.1550369]",0.5,25,2805.21869315511
325,"[4.177165  4.1722827 4.1687784 4.1663766 4.1643686 4.162518  4.16114
 4.1598406 4.1589742 4.1578717 4.1570449 4.1562967 4.1555095 4.1551156]",0.5,25,2806.333305785589
326,"[4.1772046 4.172204  4.1688571 4.166337  4.1642504 4.1625571 4.1611791
 4.1600375 4.1588168 4.1579113 4.1571631 4.1563363 4.1555882 4.1549973]",0.5,25,2802.712863958606
327,"[4.1771259 4.1720858 4.168818  4.1662583 4.16429   4.1625967 4.1611791
 4.1598406 4.1587772 4.157793  4.1569266 4.1562572 4.1556668 4.1548004]",0.5,25,2801.101025676947
328,"[4.1770864 4.1722431 4.1686997 4.166337  4.1643291 4.1626358 4.1611791
 4.1600375 4.1587772 4.1577144 4.1570053 4.1562181 4.1554303 4.15484  ]",0.5,25,2800.13847892836
329,"[4.1769681 4.172204  4.1686602 4.1661797 4.1642504 4.1624784 4.1611004
 4.1599193 4.1588168 4.1577144 4.1569266 4.1561394 4.1554699 4.1548004]",0.5,25,2799.090203472359
330,"[4.1770468 4.1720858 4.1687388 4.1662583 4.1642108 4.1625967 4.1611004
 4.1600766 4.1588168 4.15799   4.1570449 4.1562967 4.1555882 4.1547613]",0.5,25,2798.1980943063704
331,"[4.1772046 4.1722431 4.168818  4.1663766 4.1644077 4.1626754 4.1611791
 4.1600766 4.1588559 4.1579113 4.1569266 4.1562967 4.1555095 4.1549187]",0.5,25,2797.428785528832
332,"[4.1771259 4.1721253 4.1686602 4.1662583 4.1642504 4.162715  4.1611004
 4.1599193 4.1588559 4.1579504 4.1570053 4.1562572 4.1554699 4.15484  ]",0.5,25,2795.978674529892
333,"[4.176929  4.1719284 4.1685815 4.1659436 4.1641321 4.1622815 4.1609035
 4.1597223 4.1585412 4.1574779 4.1567297 4.1558638 4.1551547 4.1545644]",0.5,25,2794.518215691327
334,"[4.1770468 4.1721253 4.1686211 4.166101  4.1641717 4.1623998 4.1611004
 4.1597223 4.1587772 4.1577144 4.156848  4.1560607 4.1553516 4.1545644]",0.5,25,2793.647120655516
335,"[4.1770077 4.1720467 4.1686602 4.166101  4.164093  4.1623602 4.1611791
 4.159801  4.158659  4.1576357 4.1567297 4.1560607 4.1553516 4.1545248]",0.5,25,2792.596809624839
336,"[4.1769681 4.1719284 4.1687388 4.1661401 4.1641321 4.1624784 4.1610217
 4.1598797 4.1586986 4.1576357 4.1568084 4.1560998 4.155273  4.1546826]",0.5,25,2791.307806713462
1,"[4.1822248 4.1777754 4.1749401 4.172853  4.1709628 4.1696634 4.168561
 4.1673794 4.1666708 4.1658831 4.1652532 4.1645441 4.1641111 4.1634812]",0.5,25,3236.493422547201
2,"[4.1822248 4.1777754 4.1749005 4.1726956 4.1710415 4.1695452 4.1684427
 4.1674976 4.1667099 4.1659617 4.1652923 4.1646624 4.1641111 4.163599 ]",0.5,25,3235.514346625299
3,"[4.1822643 4.1777358 4.1749005 4.1726956 4.1710811 4.1695452 4.1684427
 4.1674976 4.1666312 4.1657648 4.1651745 4.1646233 4.1640716 4.163599 ]",0.5,25,3233.385893155113
4,"[4.1823039 4.1776967 4.1748219 4.1728134 4.1710811 4.1697421 4.1684427
 4.1675372 4.1666312 4.165844  4.1653318 4.1646233 4.1640716 4.1636782]",0.5,25,3231.1587998277428
5,"[4.182107  4.1777754 4.1748614 4.1727347 4.1710415 4.169703  4.1686001
 4.1674581 4.1666312 4.1658044 4.1653318 4.1646233 4.1641507 4.1637959]",0.5,25,3228.867553417158
6,"[4.1820674 4.1777754 4.1748614 4.1726561 4.1710415 4.169703  4.168364
 4.167419  4.1667099 4.1658831 4.1652923 4.1645837 4.1642685 4.1636386]",0.5,25,3226.1467189091027
7,"[4.1820674 4.1777358 4.1748219 4.172853  4.1710811 4.1696239 4.1686001
 4.1675372 4.1666312 4.1658044 4.1651745 4.1646624 4.1641507 4.1636386]",0.5,25,3223.2856026573354
8,"[4.1819491 4.1776967 4.1747432 4.1725774 4.1708446 4.1695452 4.168364
 4.167419  4.166513  4.1658831 4.1652532 4.1645837 4.1640325 4.1636782]",0.5,25,3220.564028941109
9,"[4.1819887 4.1775784 4.1747828 4.172617  4.1708841 4.1696239 4.1684031
 4.1673403 4.1665525 4.165844  4.1651349 4.1645837 4.1640716 4.1636782]",0.5,25,3217.5867222433803
10,"[4.1819491 4.1774998 4.1747432 4.1725378 4.1708841 4.1694269 4.1683245
 4.1673794 4.166513  4.165647  4.1650953 4.1645441 4.1641507 4.163599 ]",0.5,25,3215.221148822975
11,"[4.182107  4.1774602 4.1747432 4.1725774 4.1707268 4.1694665 4.1682458
 4.1673794 4.1663556 4.1657257 4.1650562 4.164505  4.1639538 4.1635599]",0.5,25,3212.241941713326
12,"[4.182107  4.1776571 4.1748219 4.1725774 4.1709237 4.1696239 4.1683245
 4.1673007 4.166513  4.1656861 4.1652136 4.1645837 4.1639929 4.1635599]",0.5,25,3209.523109125028
13,"[4.1819491 4.1774998 4.1747036 4.1725378 4.1707659 4.1694665 4.1681275
 4.1671824 4.1663556 4.1656861 4.1651349 4.1645837 4.1639142 4.1634021]",0.5,25,3206.572299377577
14,"[4.1819491 4.1776967 4.1745858 4.1723804 4.1707268 4.1693482 4.1682458
 4.1671824 4.1664343 4.165647  4.1650953 4.164505  4.1639929 4.1635203]",0.5,25,3203.7561584224463
15,"[4.18191   4.1775389 4.1746645 4.1725774 4.1707268 4.1693878 4.1682062
 4.1672611 4.1665525 4.1656075 4.1650167 4.1644654 4.1640325 4.1636386]",0.5,25,3200.1046733710414
16,"[4.1818705 4.1775784 4.1745067 4.1723804 4.1705689 4.1692305 4.1680884
 4.1671433 4.1662769 4.165647  4.1648989 4.1642294 4.1637568 4.1632843]",0.5,25,3196.966907291124
17,"[4.1819491 4.1775784 4.1745858 4.1724987 4.1707659 4.1693878 4.1682458
 4.1674581 4.1664343 4.1657648 4.1650953 4.1644654 4.1637959 4.1635203]",0.5,25,3194.366051217179
18,"[4.18191   4.1774602 4.1745462 4.172617  4.1707268 4.1693482 4.1681671
 4.1671824 4.1663165 4.1656075 4.1648593 4.1644654 4.1638746 4.1634417]",0.5,25,3191.600895958796
19,"[4.1819491 4.1775784 4.1746249 4.1725774 4.1707659 4.1694665 4.1682062
 4.1672611 4.166513  4.1657648 4.1650953 4.1644654 4.1639142 4.1634021]",0.5,25,3188.857056598576
20,"[4.1819491 4.1775784 4.1744676 4.1723018 4.1707268 4.1692696 4.1681671
 4.1671433 4.1663165 4.1654501 4.164938  4.1643472 4.1638746 4.1634417]",0.5,25,3186.3030643851725
21,"[4.1818314 4.1773815 4.1743889 4.1723804 4.1706476 4.1693482 4.1680489
 4.1671038 4.1662769 4.1654892 4.1648197 4.1642294 4.1637568 4.1634021]",0.5,25,3183.540734959173
22,"[4.1817131 4.1773419 4.1745462 4.1723018 4.1706085 4.1693482 4.1680884
 4.1670647 4.1661983 4.1654892 4.1648197 4.1643081 4.1637173 4.1632447]",0.5,25,3180.786636676025
23,"[4.1817522 4.1774602 4.1745067 4.1723804 4.1705298 4.1692305 4.1679702
 4.1669464 4.1663952 4.1654892 4.164741  4.1642685 4.1637173 4.163363 ]",0.5,25,3178.282379428843
24,"[4.1817131 4.1773419 4.1743889 4.1721835 4.1705298 4.1690335 4.1678519
 4.1669464 4.1661983 4.1653714 4.1648197 4.1641507 4.163599  4.1631265]",0.5,25,3175.63493336507
25,"[4.1818314 4.1772633 4.1742706 4.1721048 4.1705689 4.1690335 4.1678915
 4.1669855 4.1662374 4.1653714 4.1648989 4.1641507 4.1637173 4.163166 ]",0.5,25,3173.151005803224
26,"[4.1817522 4.1774206 4.1742706 4.1721835 4.1704903 4.1691122 4.1681275
 4.1671824 4.1661983 4.1653318 4.1647019 4.1641111 4.1636782 4.1632447]",0.5,25,3170.76554856459
27,"[4.1817131 4.1772242 4.1743102 4.1721835 4.1705298 4.1691513 4.1678915
 4.1669464 4.16608   4.1653318 4.1647806 4.1642294 4.1637173 4.1632056]",0.5,25,3168.234272942708
28,"[4.1815948 4.1772633 4.1743889 4.1722231 4.170372  4.1691909 4.1679306
 4.1669068 4.16608   4.1651349 4.1646233 4.1640325 4.1636386 4.163166 ]",0.5,25,3165.866765505235
29,"[4.1816344 4.1773419 4.1742311 4.1721444 4.170372  4.1689939 4.1677337
 4.1667495 4.1660404 4.1651745 4.164741  4.1640325 4.1634417 4.1631265]",0.5,25,3163.516828259956
30,"[4.1816344 4.1773028 4.174428  4.1721835 4.1705689 4.1691122 4.1679306
 4.1669855 4.16608   4.1655288 4.1648197 4.1641898 4.163599  4.1631265]",0.5,25,3161.7828722863787
31,"[4.1816344 4.1773028 4.1743102 4.1722231 4.1704903 4.1690335 4.1678519
 4.1669068 4.1659617 4.1652923 4.1646624 4.1640325 4.1636782 4.1630874]",0.5,25,3159.245945859645
32,"[4.1815557 4.1771059 4.1743102 4.1721048 4.1704903 4.1691513 4.1678128
 4.1667495 4.1659617 4.1652923 4.1645441 4.1641507 4.1635203 4.1630478]",0.5,25,3156.9855630799707
33,"[4.1815557 4.177145  4.1743102 4.1721048 4.1702933 4.1690335 4.1678915
 4.1668282 4.1658831 4.1652923 4.1645441 4.1639929 4.163599  4.1629691]",0.5,25,3154.7590426848687
34,"[4.1815162 4.1772242 4.1742311 4.1720653 4.170372  4.1690726 4.1678519
 4.1667886 4.1659226 4.1652532 4.1647019 4.1639929 4.1635599 4.1629691]",0.5,25,3152.576797147488
35,"[4.1815557 4.177145  4.1740737 4.1720653 4.1703329 4.168797  4.1677732
 4.1668282 4.1658831 4.1651349 4.1644654 4.1639929 4.1635599 4.1628509]",0.5,25,3150.311039935166
36,"[4.1815162 4.1769876 4.1741524 4.1719866 4.1702147 4.1688366 4.1677732
 4.1667099 4.1658831 4.1650953 4.1644654 4.1638746 4.1634021 4.1630087]",0.5,25,3148.1047340577534
37,"[4.1814766 4.1771059 4.1743102 4.1721048 4.1704116 4.1690335 4.1678519
 4.1666708 4.1659617 4.1651745 4.164505  4.1640325 4.1634812 4.1629691]",0.5,25,3146.24823639011
38,"[4.1815557 4.177145  4.1742706 4.1718683 4.1702542 4.1688757 4.1676946
 4.1668677 4.1657648 4.1650562 4.1644654 4.1638355 4.1634021 4.1629691]",0.5,25,3144.976900994194
39,"[4.1814375 4.1770272 4.1742311 4.1719475 4.1704512 4.168797  4.1675763
 4.1667495 4.1658044 4.1652136 4.1643472 4.1639929 4.163363  4.1628118]",0.5,25,3141.9183925275343
40,"[4.1815557 4.1769481 4.1740341 4.1718683 4.1702147 4.1687579 4.167655
 4.1666312 4.1657648 4.1650562 4.1643472 4.1637959 4.1633234 4.1627331]",0.5,25,3139.852228732233
41,"[4.1813979 4.1769481 4.1740341 4.1717896 4.170372  4.1688757 4.1677337
 4.1669464 4.165844  4.1651745 4.164505  4.1638746 4.1632056 4.1628118]",0.5,25,3138.097136868895
42,"[4.1813979 4.1770663 4.173995  4.1719079 4.1702147 4.168797  4.1675763
 4.1667495 4.165844  4.1651745 4.164505  4.1638355 4.163363  4.1628118]",0.5,25,3136.124267222632
43,"[4.1815162 4.177145  4.1740341 4.1719475 4.1700964 4.1688757 4.1675372
 4.1666708 4.1657648 4.1650167 4.1644263 4.1637959 4.1632843 4.1627722]",0.5,25,3134.037084783799
44,"[4.1814375 4.1769481 4.1740737 4.1718292 4.1702147 4.1686788 4.1674976
 4.1666708 4.165844  4.1649776 4.1643867 4.1637568 4.1632843 4.16293  ]",0.5,25,3132.133087685277
45,"[4.1814766 4.1770272 4.1740341 4.171711  4.170136  4.1686788 4.1676159
 4.166513  4.1657257 4.1650167 4.1643081 4.1637568 4.1632843 4.1628118]",0.5,25,3130.232210862358
46,"[4.1813979 4.176909  4.1739554 4.1717505 4.1699786 4.1686001 4.167419
 4.1664739 4.165647  4.1649776 4.1642294 4.1638355 4.1632056 4.1626539]",0.5,25,3128.3070487779414
47,"[4.1813588 4.1770663 4.1740341 4.1719079 4.170136  4.1687579 4.1676946
 4.1666708 4.165647  4.1650953 4.1643081 4.1637959 4.1632447 4.1627331]",0.5,25,3126.824526215824
48,"[4.1814375 4.1770272 4.1740341 4.1718683 4.1702542 4.1687183 4.1674976
 4.1666312 4.1658044 4.1650167 4.1643867 4.1638355 4.1632843 4.1628118]",0.5,25,3125.026153775903
49,"[4.1812797 4.1768303 4.1738377 4.1716719 4.1700177 4.168561  4.1674581
 4.1664739 4.1656861 4.1648593 4.1641111 4.1636782 4.163166  4.1626148]",0.5,25,3123.104319383409
50,"[4.1813588 4.1768694 4.173995  4.1717505 4.1700573 4.1686397 4.1674976
 4.1664739 4.1655288 4.1648989 4.1642294 4.163599  4.1630478 4.1627331]",0.5,25,3121.384761052384
51,"[4.1813979 4.1767907 4.173995  4.1718292 4.169939  4.1686001 4.1674581
 4.166513  4.1656861 4.1648989 4.1641898 4.163599  4.1630874 4.1626935]",0.5,25,3119.7002254919407
52,"[4.1813192 4.1768303 4.1738768 4.171711  4.1700573 4.1686397 4.1674581
 4.1663556 4.1655679 4.164938  4.1643472 4.1638746 4.163166  4.1626935]",0.5,25,3118.019033154972
53,"[4.1812797 4.1769481 4.1738377 4.1715927 4.1700177 4.1686397 4.1673794
 4.1664343 4.1654892 4.164938  4.1642294 4.1637568 4.1630874 4.1626539]",0.5,25,3116.3521603427444
54,"[4.1811223 4.1769481 4.1739554 4.1716719 4.169939  4.1686397 4.167419
 4.1663556 4.165647  4.1649776 4.1641111 4.1636386 4.163166  4.1626539]",0.5,25,3114.771807364364
55,"[4.181201  4.1767907 4.1739554 4.1716719 4.1698208 4.1686001 4.1675372
 4.1664343 4.1655288 4.1648593 4.1641507 4.163599  4.1630087 4.1626935]",0.5,25,3113.0849755194786
56,"[4.1813192 4.1767907 4.1740737 4.171711  4.169939  4.168561  4.167419
 4.1663952 4.1655679 4.1648989 4.1643081 4.1636782 4.1630478 4.1625361]",0.5,25,3111.404191357694
57,"[4.1813192 4.1767907 4.1739554 4.1716719 4.1698995 4.1686788 4.167419
 4.1664739 4.1656861 4.1648593 4.1641898 4.1637173 4.163166  4.1626539]",0.5,25,3109.999789168969
58,"[4.181201  4.176712  4.1738768 4.1715536 4.1698995 4.1685214 4.167419
 4.1663556 4.1656075 4.1647806 4.1641507 4.163599  4.1630087 4.1626935]",0.5,25,3108.3184435069397
59,"[4.1811619 4.176712  4.1737194 4.1715536 4.1698995 4.1684031 4.1671824
 4.1661983 4.1653318 4.164741  4.1639538 4.1634021 4.1629691 4.1624575]",0.5,25,3106.617771900359
60,"[4.1813192 4.1768303 4.1737585 4.1716323 4.1698995 4.1685214 4.1673007
 4.1662769 4.1654501 4.1648197 4.1641898 4.1635599 4.1630478 4.1625361]",0.5,25,3105.1553401024044
61,"[4.1811619 4.176712  4.1738768 4.1717896 4.1698208 4.1684427 4.1673007
 4.1663952 4.1653714 4.1648197 4.1640716 4.1635599 4.1629691 4.1626539]",0.5,25,3103.6721914884474
62,"[4.1813588 4.1766725 4.1737585 4.1715927 4.1698604 4.1684031 4.1673403
 4.1663165 4.1654892 4.1646233 4.1641111 4.1635203 4.1629691 4.1625361]",0.5,25,3101.9273571337926
63,"[4.1811619 4.1766725 4.1737981 4.1715927 4.1698208 4.1684818 4.1673794
 4.1661196 4.1654501 4.1646233 4.1641111 4.1635599 4.1628904 4.1625361]",0.5,25,3100.5126667724608
64,"[4.1812406 4.1767907 4.1738768 4.1717505 4.169939  4.1684427 4.1672611
 4.1663556 4.1655679 4.1648593 4.1642294 4.163599  4.1629691 4.1626539]",0.5,25,3099.2937884189173
65,"[4.1812797 4.176712  4.1738377 4.1716719 4.1698208 4.1684818 4.1674976
 4.1663556 4.1654501 4.1647806 4.1640325 4.1635599 4.1630478 4.1624966]",0.5,25,3097.909456646863
66,"[4.1811223 4.1765938 4.1736407 4.171514  4.1697421 4.1684031 4.1672611
 4.1661587 4.1653714 4.1645837 4.1639142 4.1633234 4.1627722 4.1622996]",0.5,25,3096.0079308656154
67,"[4.1811619 4.1768303 4.1737981 4.171514  4.169703  4.168364  4.167222
 4.1662769 4.1653714 4.1645837 4.1639538 4.1634021 4.16293   4.1623392]",0.5,25,3094.819155077584
68,"[4.1813192 4.1766725 4.1737981 4.1716323 4.1697421 4.1684031 4.1672611
 4.1663952 4.1655288 4.1647019 4.1639929 4.1634812 4.1630087 4.1625361]",0.5,25,3093.5588073292406
69,"[4.1811223 4.1767516 4.1737585 4.1716323 4.1698208 4.1684427 4.1673794
 4.1663165 4.1654105 4.1646624 4.1640716 4.1634417 4.1629691 4.1624966]",0.5,25,3092.221244730089
70,"[4.1810832 4.176712  4.1737585 4.1715536 4.1697421 4.168364  4.1671433
 4.1661587 4.1652532 4.1645441 4.1638746 4.1633234 4.1628118 4.1623392]",0.5,25,3090.605188599312
71,"[4.1810436 4.1766334 4.1736012 4.1714749 4.1697421 4.1684427 4.1671433
 4.1662374 4.1653714 4.1646624 4.1640716 4.163363  4.1630087 4.1622996]",0.5,25,3089.3058627468517
72,"[4.1810436 4.1766334 4.1736407 4.1713963 4.169703  4.1682854 4.1671038
 4.1661196 4.1652136 4.1644263 4.1638746 4.1632056 4.1627331 4.1621814]",0.5,25,3087.706163134764
73,"[4.1810832 4.1765547 4.1734829 4.1713567 4.1697421 4.1682458 4.1670647
 4.1660404 4.1652136 4.1644654 4.1638355 4.1633234 4.1626148 4.1623392]",0.5,25,3086.25532184977
74,"[4.1811619 4.1766334 4.1737194 4.171514  4.1698604 4.1684031 4.1673007
 4.1662374 4.1654105 4.1645837 4.1639929 4.1634417 4.1628118 4.1622996]",0.5,25,3085.365575791831
75,"[4.181004  4.1765938 4.1736407 4.1715536 4.1697817 4.1682458 4.1670647
 4.1660404 4.1652532 4.1645441 4.1639538 4.1632056 4.1627722 4.1622605]",0.5,25,3083.814351156275
76,"[4.1810436 4.1763968 4.1734829 4.1713171 4.1695061 4.1680884 4.1669068
 4.1659226 4.1652532 4.1643081 4.1636386 4.163166  4.1626148 4.1621027]",0.5,25,3082.24292493842
77,"[4.181004  4.1765938 4.1736012 4.1713171 4.1696239 4.1681671 4.1668677
 4.1659226 4.1650167 4.1643867 4.1636386 4.163166  4.1625752 4.1621814]",0.5,25,3081.2534998303227
78,"[4.1809649 4.176476  4.1734042 4.1712384 4.1693091 4.1680098 4.1669464
 4.1659226 4.1650953 4.1642294 4.1636386 4.16293   4.1625361 4.1621423]",0.5,25,3080.1945507560217
79,"[4.1808863 4.1763182 4.1733651 4.1711993 4.1693878 4.1680098 4.1667495
 4.1657648 4.1648989 4.1641898 4.1634021 4.1628509 4.1623392 4.1619058]",0.5,25,3078.498500040555
80,"[4.1808071 4.1762791 4.1734042 4.1710024 4.1692696 4.1679702 4.1668282
 4.1658044 4.1649776 4.1641507 4.1634021 4.16293   4.1623783 4.1619453]",0.5,25,3077.0978373978683
81,"[4.180768  4.1762791 4.1731682 4.1710811 4.1693091 4.1678915 4.1667099
 4.1656861 4.1648593 4.1640325 4.1634812 4.1627722 4.1621814 4.1618271]",0.5,25,3075.764367470027
82,"[4.1809649 4.1762791 4.1733255 4.1711597 4.1693482 4.1678128 4.1667099
 4.1656861 4.1648989 4.1640325 4.1634021 4.1629691 4.1623783 4.1618667]",0.5,25,3074.712072602946
83,"[4.1808467 4.1763577 4.1733255 4.1710415 4.1692696 4.1677732 4.1667099
 4.165647  4.1647806 4.1641507 4.1633234 4.1627722 4.1621814 4.161788 ]",0.5,25,3073.364134183621
84,"[4.180768  4.1762395 4.1732469 4.1711202 4.1693878 4.1678519 4.1666708
 4.1657257 4.1648197 4.1642294 4.1634417 4.1628904 4.1622605 4.1618271]",0.5,25,3072.244099321015
85,"[4.1808467 4.1761608 4.1733255 4.1710415 4.1694269 4.1678519 4.1667099
 4.1656861 4.1648593 4.1640716 4.1634417 4.1628118 4.162221  4.1618271]",0.5,25,3070.835161360541
86,"[4.1807284 4.1761212 4.173286  4.1708841 4.1692696 4.1678128 4.1665525
 4.1654892 4.164741  4.1638355 4.1632056 4.1625361 4.1620636 4.1616302]",0.5,25,3069.3924092005736
87,"[4.1808071 4.1760426 4.1731682 4.1711202 4.1693091 4.1677732 4.1665921
 4.165647  4.1648197 4.1639538 4.1632843 4.1626935 4.1621027 4.1617088]",0.5,25,3068.384725009627
88,"[4.1807284 4.1762395 4.1731682 4.1708446 4.1691122 4.1677732 4.1665921
 4.1655679 4.1646624 4.1637959 4.1632056 4.1626148 4.1622605 4.1616697]",0.5,25,3067.049991659884
89,"[4.1806893 4.1760426 4.1730103 4.1708446 4.1690726 4.1676946 4.1665525
 4.1655288 4.1646233 4.1636782 4.163166  4.1624575 4.1619849 4.1615124]",0.5,25,3065.819132077229
90,"[4.1806498 4.1761608 4.1730499 4.1711597 4.1692305 4.167655  4.1663952
 4.1655679 4.1647019 4.1639142 4.1632447 4.1624966 4.1621423 4.1615515]",0.5,25,3064.763597894422
91,"[4.1806498 4.1760821 4.1731286 4.1707659 4.1690726 4.1675763 4.1663952
 4.1653714 4.1644654 4.163599  4.1631265 4.1626539 4.1619453 4.1614332]",0.5,25,3063.354322773846
92,"[4.1806893 4.1760035 4.1729317 4.1706476 4.1690335 4.1674976 4.1662374
 4.1652923 4.1644263 4.1635599 4.1629691 4.1624575 4.161788  4.1614332]",0.5,25,3061.949478216008
93,"[4.1806893 4.1760035 4.1729712 4.1709237 4.1689939 4.1674976 4.1663556
 4.1652136 4.1643472 4.1636386 4.1628904 4.1624966 4.1618667 4.1614728]",0.5,25,3060.720755223524
94,"[4.1805315 4.1760426 4.1728926 4.1707659 4.1691122 4.1674976 4.1663556
 4.1653714 4.1643867 4.1636782 4.1628904 4.1623783 4.161788  4.1612759]",0.5,25,3059.7102692548297
95,"[4.1806107 4.1758852 4.1730103 4.1707268 4.1689153 4.1674976 4.1662374
 4.1653714 4.1645441 4.1637568 4.16293   4.1623392 4.161788  4.1612759]",0.5,25,3058.4484088115773
96,"[4.1805315 4.1761212 4.1729317 4.1707268 4.1690726 4.1674976 4.1663165
 4.1653318 4.1643472 4.1636782 4.16293   4.1623783 4.1618667 4.1612368]",0.5,25,3057.188179045277
97,"[4.1805315 4.1758852 4.1728134 4.1706085 4.1689544 4.1673794 4.1662769
 4.1651745 4.1642294 4.163599  4.1628118 4.162221  4.161788  4.1611972]",0.5,25,3055.833145177813
98,"[4.1805315 4.1759639 4.1729317 4.1706476 4.1689153 4.1675763 4.1662769
 4.1652136 4.1644654 4.1635599 4.1630478 4.1622996 4.1617088 4.1613154]",0.5,25,3054.797696090768
99,"[4.1806107 4.1760821 4.1729317 4.1706872 4.168797  4.1673794 4.1661196
 4.1652923 4.1643081 4.1635599 4.1628509 4.1621423 4.1617088 4.1611972]",0.5,25,3053.711655277235
100,"[4.1805315 4.1759243 4.1728134 4.1704512 4.1689939 4.1674581 4.1661196
 4.1650953 4.1642294 4.1634417 4.1626935 4.1622605 4.1618667 4.1612368]",0.5,25,3052.374945933704
101,"[4.1806107 4.1758852 4.172853  4.1705689 4.1689153 4.1673007 4.1661196
 4.1650953 4.1642294 4.163363  4.1627722 4.1621814 4.161788  4.1611576]",0.5,25,3051.158299107666
102,"[4.1805711 4.1759243 4.1729712 4.1706476 4.1687579 4.1673403 4.1661196
 4.1650562 4.1643472 4.1635203 4.1627722 4.1622996 4.1616697 4.1611185]",0.5,25,3050.0880161899127
103,"[4.1805711 4.1759243 4.1727347 4.1704512 4.1688366 4.1673794 4.1661587
 4.1651349 4.1642685 4.163363  4.1626935 4.162221  4.1615911 4.1612759]",0.5,25,3048.840366566162
104,"[4.1805315 4.1758456 4.1727347 4.1704903 4.1688366 4.1672611 4.1662769
 4.1650953 4.1640716 4.163363  4.1627331 4.162221  4.1615911 4.1612368]",0.5,25,3047.8628991144487
105,"[4.1805711 4.1758852 4.172853  4.1704903 4.1688366 4.1673007 4.1660404
 4.1652136 4.1641507 4.1634812 4.1626935 4.1620636 4.1615911 4.1611972]",0.5,25,3046.722735207519
106,"[4.1804924 4.1758456 4.172853  4.1705298 4.1688757 4.1673007 4.1659226
 4.1650953 4.1641507 4.163363  4.1625752 4.1621027 4.1615124 4.1609607]",0.5,25,3045.585397232124
107,"[4.1804924 4.1758852 4.1728926 4.1705298 4.1687183 4.1673007 4.1661196
 4.1650167 4.1640716 4.163363  4.1627722 4.1619849 4.1615124 4.1609607]",0.5,25,3044.376912913277
108,"[4.1804137 4.1759243 4.1726956 4.1705298 4.1686397 4.167222  4.16608
 4.1650953 4.1640716 4.1632843 4.1626539 4.162024  4.1614332 4.1609607]",0.5,25,3043.059248682456
109,"[4.1804137 4.1760035 4.1728134 4.1705689 4.168561  4.1673007 4.1659617
 4.1649776 4.1639929 4.1632056 4.1624179 4.1619453 4.1613941 4.1609607]",0.5,25,3041.903544409994
110,"[4.1804137 4.1758852 4.172853  4.1705689 4.1686397 4.1673403 4.16608
 4.1649776 4.1640325 4.1632843 4.1626935 4.1619453 4.1614332 4.1609216]",0.5,25,3040.8362836725537
111,"[4.1804137 4.1758065 4.172853  4.1705298 4.1687183 4.1671824 4.1661196
 4.1649776 4.1640716 4.1633234 4.1625361 4.1619058 4.1612759 4.160882 ]",0.5,25,3039.782434577364
112,"[4.1805315 4.1757669 4.1727743 4.1705689 4.1687183 4.1673403 4.1660404
 4.1648989 4.1640325 4.1632056 4.1626539 4.1619453 4.1612759 4.160882 ]",0.5,25,3038.50707784356
113,"[4.1803741 4.1757669 4.1729317 4.1706872 4.168561  4.1671433 4.1660013
 4.1648593 4.1640325 4.163166  4.1626148 4.1618667 4.1612759 4.1609216]",0.5,25,3037.288019007027
114,"[4.1804137 4.1758456 4.1728134 4.1704903 4.1686001 4.167222  4.1659617
 4.1648989 4.1639538 4.1632056 4.1624575 4.1619058 4.1611972 4.1608429]",0.5,25,3036.1590605292417
115,"[4.1804528 4.1757274 4.1726561 4.1704903 4.1686001 4.1670647 4.1659226
 4.1648989 4.1639929 4.163166  4.1624179 4.1617484 4.1612759 4.1607642]",0.5,25,3034.929733469915
116,"[4.1802955 4.1758065 4.172617  4.1704116 4.1686397 4.1671433 4.165844
 4.1647806 4.1637959 4.1630874 4.1624179 4.1616697 4.1611576 4.160646 ]",0.5,25,3033.7155075335
117,"[4.1802559 4.1756487 4.1727347 4.1704512 4.168561  4.1671433 4.1657648
 4.1648989 4.1639538 4.1631265 4.1623783 4.1619058 4.1610398 4.1606851]",0.5,25,3032.561554852975
118,"[4.1803346 4.1756096 4.1726561 4.1702933 4.1684818 4.1671038 4.165844
 4.1647806 4.1638355 4.163166  4.1624179 4.1616697 4.1612368 4.160646 ]",0.5,25,3031.2834389165587
119,"[4.1804528 4.1757669 4.1726956 4.1704512 4.1685214 4.1671433 4.165844
 4.1648197 4.1637959 4.1630478 4.1623783 4.1618271 4.1611185 4.1607642]",0.5,25,3030.104994654269
120,"[4.1802955 4.1756883 4.172617  4.1704116 4.168561  4.1671433 4.1657648
 4.1648593 4.1639929 4.1630874 4.1623783 4.1617088 4.1610003 4.1606064]",0.5,25,3028.6947889208977
121,"[4.1802955 4.1757669 4.1726956 4.1704116 4.1686001 4.1671824 4.1658831
 4.164741  4.1639142 4.1630874 4.1623392 4.161788  4.1611972 4.1606064]",0.5,25,3027.683387278239
122,"[4.1802955 4.1756487 4.172617  4.1702147 4.1686001 4.1670251 4.1659226
 4.1648593 4.1638746 4.16293   4.1622605 4.1615911 4.1611185 4.1605277]",0.5,25,3026.150695239256
123,"[4.1802559 4.1756883 4.172617  4.1704116 4.1685214 4.1671433 4.1658831
 4.1648197 4.1639538 4.1630874 4.1622996 4.1616302 4.1609216 4.160449 ]",0.5,25,3024.985724152017
124,"[4.1802168 4.1756487 4.1725378 4.1702147 4.1684818 4.1670647 4.165844
 4.164741  4.1637959 4.1630087 4.1621423 4.1616302 4.160882  4.1605277]",0.5,25,3023.421500070121
125,"[4.1803741 4.1757274 4.1725378 4.170372  4.1684818 4.1670647 4.1659617
 4.1648197 4.1639538 4.1631265 4.1623392 4.1616302 4.1611185 4.160449 ]",0.5,25,3022.1854855088973
126,"[4.180059  4.1754913 4.1725774 4.1702933 4.1684427 4.1670251 4.165844
 4.1647806 4.1638746 4.1630478 4.1622605 4.1615515 4.1611185 4.160449 ]",0.5,25,3020.865144843616
127,"[4.1801772 4.1756883 4.1724987 4.1702933 4.1686397 4.1670647 4.1659226
 4.164741  4.1638355 4.1630478 4.1622605 4.1617088 4.1610789 4.1604881]",0.5,25,3019.610391448972
128,"[4.1802559 4.17557   4.172617  4.170372  4.1684031 4.1670647 4.1658044
 4.164741  4.1638355 4.1629691 4.1623783 4.1616697 4.1611185 4.1604881]",0.5,25,3018.211622341307
129,"[4.1802168 4.1754127 4.1724987 4.1703329 4.1684031 4.1669464 4.1657257
 4.164741  4.1638355 4.16293   4.1624575 4.1615911 4.1610003 4.160449 ]",0.5,25,3016.851681508791
130,"[4.1800985 4.1756096 4.1725378 4.1702933 4.168364  4.1670251 4.1656861
 4.164741  4.1638746 4.1630087 4.1622996 4.1616697 4.1611576 4.1605673]",0.5,25,3015.5908574820974
131,"[4.180059  4.1754127 4.1723804 4.1700573 4.168364  4.1668282 4.1654892
 4.1646233 4.1635599 4.1628118 4.1621027 4.1614728 4.1608429 4.1603703]",0.5,25,3013.791412330866
132,"[4.1802168 4.1755309 4.1724987 4.1702542 4.1685214 4.1671038 4.1657257
 4.1647806 4.1637959 4.1630478 4.1623783 4.1616302 4.1610789 4.160449 ]",0.5,25,3012.795799079046
133,"[4.1800985 4.17557   4.17242   4.1702147 4.1684031 4.1669855 4.1658044
 4.1646624 4.1638355 4.1628509 4.1623392 4.1616302 4.1610789 4.1605277]",0.5,25,3011.374751121962
134,"[4.180059  4.1754913 4.1724591 4.1701751 4.168561  4.1669464 4.1656861
 4.1646624 4.1638746 4.16293   4.1622996 4.1614728 4.1609607 4.1604881]",0.5,25,3009.929572157798
135,"[4.1801381 4.1755309 4.1723804 4.1702147 4.1683245 4.1667886 4.1656075
 4.1645837 4.1637173 4.1628904 4.1622605 4.1615124 4.160882  4.1603703]",0.5,25,3008.522350784643
136,"[4.1799412 4.1753731 4.1723409 4.1700177 4.1682062 4.1667886 4.1656861
 4.1645837 4.163599  4.1626935 4.1620636 4.1613941 4.1609216 4.1602521]",0.5,25,3007.023284391955
137,"[4.1800985 4.17557   4.1724987 4.170136  4.168364  4.1668677 4.1656075
 4.1645837 4.1637173 4.1628118 4.1621027 4.1614728 4.1609216 4.1603703]",0.5,25,3005.805336454809
138,"[4.1800985 4.1754518 4.17242   4.170136  4.1682854 4.1667886 4.1656075
 4.1645837 4.163599  4.1628509 4.1620636 4.1615515 4.160882  4.1603703]",0.5,25,3004.501330609812
139,"[4.1800199 4.1754127 4.1723804 4.1700177 4.1682854 4.1667099 4.1655288
 4.1645441 4.1634812 4.1627722 4.1621423 4.1614332 4.1607246 4.1603703]",0.5,25,3002.946203401288
140,"[4.1800199 4.175334  4.1723018 4.1700573 4.1682458 4.1667495 4.1655679
 4.1644263 4.1635599 4.1627331 4.1620636 4.1613941 4.160882  4.1602125]",0.5,25,3001.526504931777
141,"[4.1800985 4.1754127 4.1723409 4.1700964 4.1682458 4.1667495 4.1655679
 4.1645837 4.1635599 4.1628509 4.1619849 4.1614332 4.1608429 4.1603308]",0.5,25,3000.375431792807
142,"[4.1799412 4.1753731 4.1723018 4.169939  4.1681671 4.1667099 4.1654892
 4.1643472 4.1634812 4.1626935 4.1619058 4.1614332 4.1607642 4.1603308]",0.5,25,2998.7561836101618
143,"[4.1798625 4.175334  4.1722622 4.1698995 4.1682062 4.1667886 4.1654105
 4.1643867 4.163599  4.1626935 4.162024  4.1612368 4.1607642 4.1603308]",0.5,25,2997.262899382324
144,"[4.1798625 4.1753731 4.1722231 4.1698208 4.1679702 4.1665525 4.1654892
 4.1643867 4.1634812 4.1626539 4.1619453 4.1612759 4.1607246 4.1601734]",0.5,25,2995.8236934004717
145,"[4.1799412 4.1752944 4.1720262 4.1700573 4.1680098 4.1665921 4.1654501
 4.1642294 4.163363  4.1625752 4.1619058 4.1611972 4.160646  4.1600552]",0.5,25,2994.392380257302
146,"[4.1798625 4.1750975 4.1720653 4.1697421 4.1679306 4.1663952 4.1651745
 4.1642294 4.163166  4.1624575 4.1616302 4.1611185 4.160449  4.1600156]",0.5,25,2992.777281451687
147,"[4.1797442 4.1751761 4.1720262 4.169703  4.1679702 4.166513  4.1651349
 4.1642294 4.1632447 4.1623392 4.1617484 4.1611576 4.1604095 4.1599765]",0.5,25,2991.2840588715253
148,"[4.1797442 4.1750584 4.1721048 4.1698208 4.1679306 4.1664739 4.1652532
 4.1641898 4.1632447 4.1624179 4.1616697 4.1610789 4.1605277 4.1599369]",0.5,25,2989.64664779446
149,"[4.1798625 4.1751761 4.1720653 4.1696239 4.1678915 4.1663952 4.1652136
 4.1642294 4.1633234 4.1624966 4.1616302 4.1610398 4.160449  4.1600552]",0.5,25,2988.0604241324904
150,"[4.1795864 4.1748219 4.1718683 4.1693878 4.1675763 4.1662769 4.1648989
 4.1637959 4.1629691 4.1621027 4.1613545 4.160646  4.1601734 4.1596222]",0.5,25,2985.870488081192
151,"[4.1797047 4.1750975 4.1720262 4.1695848 4.1678519 4.1663165 4.1650953
 4.1640325 4.163166  4.1623392 4.1616302 4.1609607 4.1603703 4.1597795]",0.5,25,2984.675585436876
152,"[4.1797047 4.1750188 4.1719866 4.1696634 4.1678519 4.1663952 4.1650953
 4.1640325 4.1632056 4.1624575 4.1617088 4.1610398 4.1604095 4.1598191]",0.5,25,2983.102179183484
153,"[4.1797047 4.1750975 4.1718292 4.1695848 4.1677732 4.1662374 4.1650953
 4.1639142 4.1630874 4.162221  4.1614728 4.160882  4.1602917 4.1597009]",0.5,25,2981.4728475797524
154,"[4.1796656 4.1750584 4.1718683 4.1695452 4.1677732 4.1663165 4.1650562
 4.1641111 4.1630874 4.1621423 4.1614728 4.1608429 4.1602917 4.1596613]",0.5,25,2979.8133318212904
155,"[4.1795864 4.1748614 4.1717896 4.1695061 4.1678128 4.1661196 4.1649776
 4.1639142 4.16293   4.1621814 4.1613941 4.1607642 4.1603308 4.1595435]",0.5,25,2978.272863274468
156,"[4.1796656 4.1749792 4.1718292 4.1694269 4.1677732 4.1662374 4.1651745
 4.1639929 4.1630087 4.162221  4.1615515 4.1607642 4.1602917 4.1598191]",0.5,25,2976.888335025501
157,"[4.1797047 4.1748614 4.171711  4.1693091 4.1674976 4.1659617 4.1648989
 4.1637173 4.1628118 4.1619453 4.1612368 4.160646  4.1599765 4.1594644]",0.5,25,2975.0443654589867
158,"[4.1797047 4.1748219 4.171711  4.1694665 4.1675372 4.1661587 4.164741
 4.1638355 4.1629691 4.1620636 4.1612759 4.160646  4.1600156 4.1593857]",0.5,25,2973.821589939372
159,"[4.1797442 4.175137  4.1718683 4.1694665 4.1678519 4.1662374 4.1650167
 4.1638746 4.1630478 4.162221  4.1615124 4.1608033 4.1602125 4.1598582]",0.5,25,2972.834455735001
160,"[4.1796656 4.1749401 4.1717896 4.1695848 4.167655  4.1661196 4.1649776
 4.1637568 4.1630478 4.162024  4.1612759 4.160646  4.1601734 4.1594644]",0.5,25,2971.0344804231763
161,"[4.1796656 4.1749401 4.1716719 4.1694665 4.1676946 4.1661587 4.1650167
 4.1640325 4.1628904 4.1621423 4.1615124 4.1608033 4.1601338 4.1596222]",0.5,25,2969.738347735457
162,"[4.1795473 4.1748614 4.1718683 4.1695061 4.1675763 4.16608   4.1648197
 4.1638355 4.1628509 4.1621814 4.1613154 4.1605673 4.1600947 4.1594253]",0.5,25,2968.14624464125
163,"[4.1795473 4.1749401 4.1718292 4.1695452 4.167655  4.1661983 4.1648593
 4.1637959 4.1628904 4.1621814 4.1614332 4.1606064 4.1601338 4.1595826]",0.5,25,2966.825456136338
164,"[4.1794291 4.1749005 4.171711  4.1694269 4.1675763 4.1659226 4.1648593
 4.1637959 4.1628509 4.1621027 4.1611185 4.1606064 4.1599765 4.1594253]",0.5,25,2965.4960203898104
165,"[4.17939   4.1748614 4.1716323 4.1695061 4.1674581 4.1660013 4.1647806
 4.1635599 4.1626539 4.1619453 4.1612368 4.1604881 4.1599369 4.1594644]",0.5,25,2964.022793300104
166,"[4.1793108 4.1747036 4.1715927 4.1692305 4.1673403 4.1659617 4.1646233
 4.1634417 4.1625752 4.1618271 4.1609607 4.1602521 4.15974   4.1592674]",0.5,25,2962.2208463175457
167,"[4.1794686 4.1748614 4.1717896 4.1694269 4.1675372 4.1659226 4.1647019
 4.1636386 4.1626935 4.1618271 4.1611576 4.160449  4.1598582 4.1592674]",0.5,25,2961.290985679253
168,"[4.17939   4.1749005 4.1715536 4.1692305 4.1673403 4.1660013 4.1645837
 4.163599  4.1625752 4.1617088 4.1611576 4.1603308 4.1598191 4.1593466]",0.5,25,2959.820383992784
169,"[4.1794291 4.1747432 4.1714749 4.1693878 4.1675372 4.165844  4.1646233
 4.1634812 4.1626148 4.1617484 4.1610789 4.1605673 4.1598191 4.1591101]",0.5,25,2958.455555510389
170,"[4.1794686 4.1746645 4.1715927 4.1691122 4.1674581 4.165844  4.1645837
 4.1636386 4.1625361 4.1616697 4.1610003 4.1602917 4.1596613 4.1591887]",0.5,25,2957.18958800049
171,"[4.1793504 4.1747432 4.171514  4.1691122 4.1673403 4.1658044 4.1645441
 4.1634417 4.1625752 4.1617484 4.1610003 4.1603308 4.1596222 4.1592283]",0.5,25,2955.873623041587
172,"[4.1792321 4.1745858 4.1713963 4.1690335 4.1671433 4.1656861 4.1644654
 4.163363  4.1623392 4.1615911 4.1608429 4.1600156 4.1595039 4.1590314]",0.5,25,2954.060242590333
173,"[4.1793108 4.1746249 4.1715927 4.1691122 4.1671824 4.1657257 4.1644654
 4.163363  4.1623392 4.1616697 4.1608429 4.1602917 4.1595826 4.159071 ]",0.5,25,2953.0234419105373
174,"[4.1794291 4.1745858 4.1714749 4.1689153 4.167222  4.165647  4.1645837
 4.1634417 4.1623783 4.1615515 4.1607246 4.1603308 4.1596222 4.1591887]",0.5,25,2951.6392057946773
175,"[4.1792717 4.1745462 4.1713963 4.1689939 4.1671433 4.1656075 4.1643081
 4.1632843 4.1623783 4.1614728 4.1607246 4.1600156 4.1594253 4.1589527]",0.5,25,2950.261555032958
176,"[4.1792717 4.1745067 4.1714354 4.1689939 4.1671824 4.1656861 4.1644654
 4.1632843 4.1621814 4.1615124 4.160882  4.1601338 4.1595435 4.1588345]",0.5,25,2948.941858265785
177,"[4.1792717 4.1745462 4.1714354 4.1689939 4.1671433 4.1655288 4.1644654
 4.1634812 4.1624179 4.1614728 4.1608033 4.1601338 4.1595826 4.1589131]",0.5,25,2947.643423878446
178,"[4.1792321 4.1745462 4.1714354 4.1689939 4.1671433 4.1655679 4.1643472
 4.1633234 4.1622996 4.1614728 4.1606851 4.1601338 4.1593857 4.1589131]",0.5,25,2946.140732959255
179,"[4.1791534 4.1743889 4.1712384 4.1688366 4.1670251 4.1653318 4.1642685
 4.163166  4.1622605 4.1614332 4.1605673 4.1597795 4.1593466 4.1587949]",0.5,25,2944.4549686692985
180,"[4.1792717 4.174428  4.1711597 4.1688757 4.1669855 4.1655288 4.1642685
 4.1630087 4.1620636 4.1612368 4.1605277 4.1598978 4.1593466 4.1587162]",0.5,25,2943.024735019667
181,"[4.1792321 4.1744676 4.171278  4.1689544 4.1670251 4.1656075 4.1642294
 4.1630874 4.1621423 4.1613545 4.1605673 4.1599369 4.1592283 4.1587162]",0.5,25,2941.913240684541
182,"[4.179193  4.1743493 4.1713567 4.1689153 4.1671433 4.1653318 4.1642685
 4.163166  4.1619849 4.1612759 4.1605673 4.1598191 4.1592283 4.1586771]",0.5,25,2940.245354924995
183,"[4.1791534 4.1743889 4.1711597 4.1689153 4.1670647 4.1654501 4.1641898
 4.163166  4.1621027 4.1612759 4.1602917 4.1596613 4.1592674 4.1585588]",0.5,25,2938.806708335232
184,"[4.179193  4.1745858 4.171278  4.168797  4.1671433 4.1654892 4.1641507
 4.163166  4.1621814 4.1612759 4.1605277 4.1598978 4.1592283 4.1587558]",0.5,25,2937.772653441569
185,"[4.1790352 4.1743493 4.1711993 4.1688366 4.1669068 4.1652923 4.1640325
 4.1629691 4.1619849 4.1610398 4.1603308 4.1595826 4.1591496 4.1585588]",0.5,25,2936.035736621366
186,"[4.1791139 4.1745858 4.1712384 4.1688366 4.1670251 4.1654105 4.1641898
 4.1631265 4.1621423 4.1611185 4.1604881 4.1598582 4.1591496 4.1585984]",0.5,25,2935.426679660777
187,"[4.1789961 4.174192  4.1710415 4.1686788 4.1669464 4.1653318 4.1640325
 4.1628509 4.1620636 4.1610398 4.1603703 4.1596222 4.1591496 4.1584015]",0.5,25,2933.7660262559666
188,"[4.1790352 4.1742311 4.1712384 4.1686788 4.1668282 4.1652923 4.1639538
 4.1628118 4.1618271 4.1610789 4.1603308 4.1596613 4.1589918 4.1584802]",0.5,25,2932.3686582690416
189,"[4.1790748 4.1741524 4.1710024 4.1686397 4.1667886 4.1651349 4.1639538
 4.16293   4.1618271 4.1610398 4.1603308 4.1596222 4.1589918 4.1583619]",0.5,25,2930.881546466201
190,"[4.1790352 4.1742706 4.1712384 4.1686788 4.1669068 4.1652923 4.1638746
 4.1628118 4.1619453 4.1610789 4.1602521 4.1595039 4.1589527 4.1584802]",0.5,25,2929.554544543189
191,"[4.1789961 4.1741133 4.1710024 4.1686001 4.1668282 4.1651745 4.1639538
 4.1626935 4.161788  4.1609607 4.1602125 4.1595039 4.1589527 4.1582832]",0.5,25,2928.004150487876
192,"[4.1790352 4.174192  4.1710024 4.1686788 4.1667099 4.1652532 4.1639929
 4.1626935 4.1618667 4.1609216 4.1602125 4.1595039 4.1591496 4.1584015]",0.5,25,2927.034452855362
193,"[4.1789565 4.1742706 4.1709628 4.168797  4.1667495 4.1651349 4.1639538
 4.1627331 4.161788  4.1609607 4.1601734 4.1595039 4.158874  4.1583619]",0.5,25,2925.760093403456
194,"[4.1788778 4.1740737 4.1710415 4.168561  4.1665921 4.1650562 4.1637568
 4.1626935 4.1616697 4.1609607 4.1600156 4.1593857 4.1587558 4.158165 ]",0.5,25,2924.101382461748
1,"[4.1817269 4.1771989 4.1743636 4.1721191 4.1704655 4.1689692 4.167788
 4.1668034 4.1659765 4.1652284 4.1645985 4.1638899 4.1634173 4.1629839]",0.5,25,3234.605909271647
2,"[4.1818061 4.1772776 4.1742849 4.1722374 4.1704655 4.1690087 4.1678667
 4.1668825 4.1660948 4.165307  4.1645985 4.1640863 4.1635351 4.1629839]",0.5,25,3233.80965094618
3,"[4.1816092 4.1771989 4.1742458 4.1720405 4.1703868 4.1690087 4.1677094
 4.1667643 4.1658192 4.1651893 4.1644411 4.163929  4.163496  4.1629839]",0.5,25,3233.361969864094
4,"[4.1816092 4.1772385 4.1742063 4.1721983 4.1704264 4.1689692 4.167788
 4.1668429 4.1659374 4.1651497 4.164638  4.1639686 4.1634564 4.1630235]",0.5,25,3232.310886317277
5,"[4.18153   4.1771593 4.1742063 4.17208   4.1703868 4.1689692 4.1678271
 4.1668429 4.1661344 4.1651893 4.1645985 4.1639686 4.163496  4.1631021]",0.5,25,3230.765132786864
6,"[4.1815696 4.1770415 4.1742849 4.1719222 4.1702294 4.1688509 4.1677094
 4.1666856 4.1659765 4.1651893 4.1645198 4.163929  4.1634173 4.1629448]",0.5,25,3228.5729319198967
7,"[4.1814513 4.1772776 4.1742063 4.17208   4.1703472 4.1689692 4.167788
 4.1666856 4.1659374 4.1651893 4.1645985 4.163929  4.1635747 4.1630235]",0.5,25,3226.442929061818
8,"[4.1814909 4.1770806 4.1740093 4.17208   4.1702294 4.1688905 4.1677094
 4.1666856 4.1658978 4.1651893 4.1644411 4.1640077 4.1633387 4.1628661]",0.5,25,3223.771011629094
9,"[4.18153   4.1770806 4.1742063 4.17208   4.1703472 4.1689301 4.167788
 4.1668429 4.1660161 4.1651893 4.1645198 4.1640863 4.1635747 4.1628661]",0.5,25,3221.341071632351
10,"[4.1813726 4.1770806 4.1742063 4.1719618 4.1703868 4.1688905 4.167788
 4.1667247 4.1658192 4.1651893 4.1645198 4.1638503 4.1633778 4.1629052]",0.5,25,3218.969685674234
11,"[4.18153   4.1770415 4.1741667 4.1720014 4.1703472 4.1689301 4.1677094
 4.1666856 4.1659765 4.1651893 4.1645198 4.1640863 4.1634173 4.1629839]",0.5,25,3216.228887496471
12,"[4.1814513 4.1769624 4.174088  4.1718435 4.1702294 4.1688118 4.1677485
 4.1666856 4.1658978 4.1651893 4.1643624 4.1638899 4.1633778 4.1628661]",0.5,25,3213.417036901988
13,"[4.1814513 4.1769624 4.1741276 4.1719222 4.1702294 4.1687331 4.1676698
 4.1666856 4.1658978 4.1651106 4.1644802 4.1638107 4.1632595 4.1629052]",0.5,25,3210.764074056804
14,"[4.1814122 4.1769624 4.1740093 4.1718435 4.1701503 4.1687331 4.1675515
 4.1666064 4.1658978 4.165071  4.1643229 4.1638503 4.1633387 4.1627479]",0.5,25,3207.75509314982
15,"[4.1814122 4.1769624 4.1740093 4.1717649 4.1700716 4.1686544 4.1675515
 4.166646  4.1657796 4.165071  4.1643624 4.1638107 4.1632204 4.162787 ]",0.5,25,3204.743831148414
16,"[4.1813335 4.1769233 4.1740093 4.1718044 4.1701112 4.1686544 4.1676307
 4.1666064 4.1657009 4.1649923 4.1642833 4.1637716 4.1632595 4.162787 ]",0.5,25,3202.33259082492
17,"[4.1812544 4.176805  4.1739306 4.1717257 4.1699929 4.1686149 4.1673155
 4.1664491 4.1656222 4.1649137 4.1642442 4.1636534 4.1631021 4.1626692]",0.5,25,3199.926418371992
18,"[4.181294  4.1768446 4.173852  4.1718435 4.1701112 4.1686149 4.1674728
 4.1664491 4.1657009 4.1650314 4.1642833 4.163693  4.1631021 4.1627479]",0.5,25,3197.436052927384
19,"[4.1813335 4.1768837 4.1739306 4.1718435 4.1700325 4.1688118 4.1675515
 4.1665673 4.1658192 4.1650314 4.1643229 4.1637321 4.1632595 4.1628661]",0.5,25,3195.245986740859
20,"[4.1811757 4.1768446 4.1739306 4.1718044 4.1700716 4.1686935 4.1675124
 4.1664886 4.1657009 4.1649528 4.1643229 4.1638107 4.1632204 4.162787 ]",0.5,25,3192.5365780973275
21,"[4.1812153 4.1767263 4.1737733 4.1717257 4.1699538 4.1684575 4.1674337
 4.1663308 4.1655436 4.1647167 4.1641655 4.163496  4.1631417 4.1625905]",0.5,25,3189.8388737053774
22,"[4.1812153 4.1767659 4.1739306 4.1717649 4.1699929 4.1687331 4.1675124
 4.1664491 4.1657009 4.1649137 4.1642046 4.1636534 4.1630626 4.1627083]",0.5,25,3187.5528236543764
23,"[4.1811757 4.1768446 4.1740093 4.1718044 4.1700325 4.1684966 4.1674728
 4.16641   4.1656222 4.1649137 4.1642046 4.1636534 4.1631808 4.162787 ]",0.5,25,3185.3770454310447
24,"[4.1812544 4.176805  4.1738124 4.1716466 4.1699929 4.1686149 4.1674728
 4.16641   4.1657009 4.1647954 4.1642442 4.163693  4.1631417 4.1625905]",0.5,25,3182.865697676056
25,"[4.1811757 4.1767659 4.1737733 4.1716075 4.1699142 4.1686149 4.1673546
 4.1664491 4.1655827 4.1648741 4.1641655 4.1636534 4.1631808 4.1625509]",0.5,25,3180.378805061713
26,"[4.181097  4.1766868 4.1737733 4.1716466 4.1699538 4.1686149 4.1672759
 4.1664886 4.1656222 4.1648345 4.1641655 4.1635747 4.1631021 4.1625905]",0.5,25,3178.096372975942
27,"[4.1811366 4.1766477 4.1737733 4.1715288 4.1699538 4.1685753 4.1672759
 4.1663704 4.165504  4.1647558 4.1641259 4.163496  4.1629839 4.1626296]",0.5,25,3175.682328040231
28,"[4.1810579 4.1766868 4.1737337 4.1714892 4.1698747 4.1686149 4.1673155
 4.1662917 4.1655827 4.1647954 4.1642046 4.163496  4.1630626 4.1625905]",0.5,25,3173.4895180877006
29,"[4.1810184 4.176569  4.1736155 4.1715288 4.1696782 4.1684575 4.1671581
 4.1663308 4.1654253 4.1645985 4.1639686 4.1634564 4.1629839 4.1625113]",0.5,25,3171.188966425103
30,"[4.1810579 4.1767263 4.1738124 4.1715679 4.1698356 4.1684179 4.1673155
 4.1663308 4.1654253 4.1646771 4.1641655 4.163496  4.1629839 4.1625509]",0.5,25,3169.300492812497
31,"[4.1811757 4.1767659 4.1737733 4.1717257 4.1699538 4.1684966 4.1673942
 4.1663308 4.1655827 4.164638  4.1640077 4.1635747 4.1631021 4.1625905]",0.5,25,3167.0234304598
32,"[4.1809001 4.1765294 4.1736155 4.1713319 4.1697173 4.1683393 4.1671185
 4.1661735 4.1652679 4.1644802 4.1638503 4.1633387 4.1628265 4.1623144]",0.5,25,3164.5179796877724
33,"[4.181097  4.1764903 4.1737337 4.1714106 4.1697173 4.1682997 4.1671185
 4.166213  4.1654253 4.164638  4.1640472 4.1634173 4.1628265 4.162354 ]",0.5,25,3162.476567374538
34,"[4.1810184 4.176569  4.173655  4.1715288 4.1698356 4.1682997 4.1671581
 4.1662521 4.1653862 4.1645985 4.1639686 4.1633387 4.1629052 4.162354 ]",0.5,25,3160.5327693515383
35,"[4.1810579 4.1766081 4.1736155 4.1715679 4.1697569 4.1683393 4.1671581
 4.166213  4.165307  4.1646771 4.1640863 4.1634173 4.1629052 4.1625113]",0.5,25,3158.521196676027
36,"[4.1810184 4.1764903 4.1734581 4.1714106 4.1696386 4.1681819 4.1670399
 4.1660161 4.1652679 4.1644802 4.1638107 4.1632204 4.1626296 4.162354 ]",0.5,25,3156.3177579671224
37,"[4.1811366 4.1765294 4.1735368 4.171371  4.1696782 4.1682997 4.1672368
 4.1660552 4.165307  4.1645589 4.1638899 4.1633387 4.1628661 4.1623936]",0.5,25,3154.374904835885
38,"[4.1810579 4.1766868 4.1735368 4.1714106 4.1696782 4.1683784 4.1671581
 4.1660948 4.165307  4.164638  4.1638503 4.1633387 4.1628661 4.1623936]",0.5,25,3152.530276325142
39,"[4.1809788 4.1764903 4.1734581 4.1713319 4.1697569 4.1683784 4.167079
 4.1661735 4.1653466 4.1645589 4.1638503 4.1633387 4.162787  4.162354 ]",0.5,25,3150.43789825141
40,"[4.1809397 4.1764507 4.1734581 4.1714106 4.1694417 4.1681819 4.167079
 4.1659765 4.1651497 4.1644802 4.1638107 4.1632991 4.1627083 4.1621966]",0.5,25,3148.4309228154857
41,"[4.1810184 4.1764112 4.1735368 4.1713319 4.1696782 4.1683393 4.1670003
 4.1660948 4.165307  4.1645198 4.1638107 4.1633387 4.1627083 4.1623144]",0.5,25,3146.668008261989
42,"[4.1809001 4.1764112 4.1735368 4.1713319 4.1697173 4.1681819 4.1670399
 4.1660161 4.1652284 4.1645985 4.1638503 4.1632595 4.1626692 4.1622753]",0.5,25,3144.715549450818
43,"[4.1809397 4.1762538 4.1733398 4.1711349 4.1695204 4.1681027 4.1668034
 4.1658978 4.1651893 4.1643624 4.1637321 4.1630626 4.1625113 4.1621571]",0.5,25,3142.517558829345
44,"[4.1809397 4.1764112 4.1735368 4.1712532 4.1695204 4.168221  4.1669612
 4.1660552 4.1651893 4.1644802 4.1637716 4.1631808 4.1626296 4.1622357]",0.5,25,3141.0424940178746
45,"[4.1808214 4.1763325 4.1735368 4.1711745 4.1695991 4.1681027 4.1670003
 4.1660161 4.165071  4.1644015 4.1637716 4.1631808 4.1627479 4.1620784]",0.5,25,3139.045460754532
46,"[4.1809788 4.1764112 4.1733794 4.1712136 4.1695991 4.168221  4.1669612
 4.1660161 4.1651497 4.1644802 4.1637716 4.1632204 4.1626296 4.1621571]",0.5,25,3137.655307171905
47,"[4.1807427 4.1763325 4.1734977 4.1713319 4.1695991 4.1681423 4.1670399
 4.1659765 4.1651497 4.1644015 4.1638899 4.1631808 4.1625905 4.1622357]",0.5,25,3135.980118196886
48,"[4.1808214 4.1762538 4.1733398 4.1711745 4.1695204 4.1680241 4.1668825
 4.1659765 4.165071  4.1642833 4.163693  4.1631021 4.1625509 4.1620388]",0.5,25,3134.103974706758
49,"[4.1807823 4.1764507 4.1734185 4.1712532 4.1696782 4.1681027 4.1668825
 4.1660161 4.1651497 4.1644015 4.1638107 4.1630235 4.1625113 4.1620784]",0.5,25,3132.4740125349904
50,"[4.1807427 4.1763721 4.1733007 4.1710954 4.1694026 4.1681819 4.1669216
 4.1659374 4.1650314 4.1643624 4.163693  4.1630235 4.1624722 4.1620388]",0.5,25,3130.7795173178474
51,"[4.1807823 4.1763721 4.1733007 4.1712136 4.1694813 4.1681027 4.1668429
 4.1658583 4.1651106 4.1643624 4.1636143 4.1629839 4.1625113 4.1619997]",0.5,25,3129.001275116374
52,"[4.1807823 4.1763325 4.1733398 4.1711349 4.1695204 4.1680241 4.1668034
 4.1658583 4.1649923 4.1642442 4.1635747 4.1630626 4.1625113 4.1621571]",0.5,25,3127.300799590796
53,"[4.1807823 4.1763721 4.1733398 4.1711349 4.169363  4.167985  4.1667643
 4.1658192 4.1649923 4.1642046 4.1636143 4.1629448 4.1624722 4.1619601]",0.5,25,3125.866227493896
54,"[4.1807032 4.1762142 4.1732612 4.1712136 4.169363  4.167985  4.1668034
 4.1657796 4.1649137 4.1642046 4.1635747 4.1629839 4.1624722 4.161921 ]",0.5,25,3124.039182633324
55,"[4.1807032 4.1761751 4.1734185 4.1712136 4.1692843 4.167985  4.1667247
 4.1658978 4.1648741 4.1642442 4.1635747 4.1629052 4.1624327 4.1619997]",0.5,25,3122.4424130737293
56,"[4.1807427 4.1763325 4.1732221 4.1710954 4.1693234 4.167985  4.1668429
 4.1658192 4.1649137 4.1642442 4.1635351 4.1629448 4.1624722 4.1620784]",0.5,25,3121.086854484458
57,"[4.1806641 4.1762538 4.1732221 4.1711349 4.1692843 4.1680636 4.1668429
 4.1657796 4.1649528 4.1641655 4.1634173 4.1628661 4.1623144 4.1619997]",0.5,25,3119.414037636715
58,"[4.1805458 4.1760569 4.1731429 4.170938  4.1692057 4.167788  4.1666064
 4.1655827 4.1649137 4.1640077 4.1633387 4.1628661 4.1621966 4.1617241]",0.5,25,3117.6520187972
59,"[4.1805062 4.1760964 4.1732221 4.1709776 4.1693234 4.1678271 4.1667643
 4.1657796 4.1648345 4.1639686 4.1634173 4.1628661 4.162354  4.1618814]",0.5,25,3116.250432747394
60,"[4.1806245 4.1762538 4.1733007 4.1710563 4.169363  4.1679063 4.1667643
 4.1657009 4.1649137 4.1642442 4.1633778 4.1628661 4.1623144 4.1619601]",0.5,25,3114.8524883650703
61,"[4.1805854 4.1761355 4.1731825 4.170938  4.1692843 4.167788  4.1666064
 4.1656618 4.1648345 4.1641259 4.1633778 4.1628661 4.1622753 4.1618028]",0.5,25,3113.0704773725065
62,"[4.1805854 4.1761355 4.1731429 4.1710167 4.1692448 4.167788  4.166646
 4.1657405 4.1647167 4.1640472 4.1634173 4.1628661 4.1623144 4.1618814]",0.5,25,3111.727973508846
63,"[4.1807427 4.1761355 4.1732221 4.1710167 4.1692448 4.1678667 4.1667643
 4.1657009 4.1648345 4.1641655 4.1634564 4.1627083 4.1622357 4.1619997]",0.5,25,3110.223286872965
64,"[4.1805854 4.1761751 4.1731825 4.1710563 4.1692448 4.167985  4.1665673
 4.1656222 4.1648741 4.1639686 4.1634564 4.162787  4.1622357 4.1617632]",0.5,25,3108.89176822686
65,"[4.1805458 4.1760964 4.1730642 4.1708593 4.1691265 4.1677094 4.1664886
 4.1656222 4.1647167 4.163929  4.1634173 4.1627479 4.1622357 4.1617632]",0.5,25,3107.394767376709
66,"[4.1805854 4.1760178 4.1730642 4.1708198 4.1690874 4.1677485 4.1664886
 4.1655436 4.164638  4.1638899 4.1633778 4.1627083 4.162118  4.1617632]",0.5,25,3106.0103568725567
67,"[4.1806245 4.1760964 4.1731429 4.1708593 4.1691661 4.167788  4.166646
 4.1656222 4.1647167 4.1642046 4.1633387 4.162787  4.1621571 4.1618423]",0.5,25,3104.6660577870007
68,"[4.1807032 4.1760964 4.1731429 4.170938  4.1692448 4.1678271 4.166646
 4.1656618 4.1647954 4.1641259 4.1634564 4.1628265 4.162354  4.1618028]",0.5,25,3103.5768844037543
69,"[4.1805854 4.1762142 4.1731825 4.1710167 4.1692057 4.167788  4.1666856
 4.1656222 4.1648345 4.1640863 4.1633778 4.1628661 4.1622753 4.1618814]",0.5,25,3102.157647405327
70,"[4.1805854 4.1761355 4.1731825 4.1709776 4.1692057 4.1678667 4.1666064
 4.1657009 4.1649137 4.1640472 4.1633778 4.1629448 4.1623936 4.1618423]",0.5,25,3101.079198842364
71,"[4.1805458 4.1759782 4.1728673 4.1707411 4.1690478 4.1676698 4.16641
 4.1654253 4.1645589 4.163929  4.1631021 4.1625905 4.1620388 4.1615667]",0.5,25,3099.086615769585
72,"[4.1804276 4.1759782 4.1730642 4.1708198 4.1690874 4.1676698 4.166646
 4.165504  4.1647167 4.1638107 4.1631417 4.1625905 4.1620784 4.1617241]",0.5,25,3098.021672497828
73,"[4.1805854 4.1760178 4.1731038 4.1708198 4.1690874 4.167788  4.1665673
 4.1656222 4.1649137 4.1640472 4.1632595 4.1628661 4.1622357 4.1618028]",0.5,25,3096.73813724148
74,"[4.1805458 4.1760569 4.1731429 4.1708198 4.1690874 4.167788  4.1666064
 4.1655436 4.1647167 4.1638899 4.1632595 4.1627083 4.1621966 4.1618423]",0.5,25,3095.716799970843
75,"[4.1806245 4.1760178 4.1729856 4.1708198 4.1690087 4.1675911 4.1664886
 4.1655827 4.164638  4.1638899 4.1632595 4.1627083 4.1621571 4.1616058]",0.5,25,3094.2086511173543
76,"[4.1805458 4.1760964 4.1730642 4.1707807 4.1692057 4.1676698 4.1664886
 4.165504  4.164638  4.163929  4.1631808 4.1626296 4.1621966 4.1615667]",0.5,25,3093.0000715790493
77,"[4.1803885 4.1758995 4.1729069 4.1707411 4.1688905 4.1674728 4.1664491
 4.1653466 4.1645589 4.1636534 4.1630626 4.1625509 4.1619997 4.1614089]",0.5,25,3091.5665639695894
78,"[4.1803489 4.1758599 4.1728282 4.1706624 4.1689692 4.1675515 4.1663308
 4.165307  4.1644015 4.1637716 4.1630626 4.1624722 4.161921  4.1614876]",0.5,25,3090.296653301189
79,"[4.1803489 4.1757026 4.1728673 4.1705441 4.1688509 4.1673155 4.1661735
 4.165307  4.1643624 4.1635747 4.1629052 4.1623936 4.1617632 4.1612906]",0.5,25,3088.6934770845564
80,"[4.1802702 4.1757813 4.1727886 4.1705837 4.1688509 4.1674728 4.16641
 4.1653862 4.1643624 4.1635351 4.1630235 4.1624327 4.1618028 4.1613698]",0.5,25,3087.712332527264
81,"[4.1803885 4.1758599 4.1727099 4.1706624 4.1688905 4.1674728 4.1662917
 4.1653466 4.1644015 4.163693  4.1629448 4.162354  4.1618028 4.1613698]",0.5,25,3086.549151852348
82,"[4.1803098 4.1758995 4.1729856 4.1705837 4.1687722 4.1673546 4.1661735
 4.1652679 4.1643229 4.1636143 4.1628661 4.1624327 4.1618028 4.1613302]",0.5,25,3085.269646828884
83,"[4.1801915 4.175663  4.1727886 4.1704655 4.1687722 4.1673546 4.1661344
 4.1651497 4.1641259 4.1634564 4.1627479 4.1621571 4.1617241 4.161212 ]",0.5,25,3083.859423995493
84,"[4.1802702 4.1758208 4.1726313 4.1704655 4.1688118 4.1673546 4.1661344
 4.1651497 4.1642442 4.163496  4.1629448 4.162354  4.1616454 4.1612515]",0.5,25,3082.799810203181
85,"[4.1801915 4.1757026 4.1727495 4.170505  4.1687331 4.1673155 4.1661344
 4.1650314 4.1643229 4.1635351 4.162787  4.162354  4.1616845 4.1612515]",0.5,25,3081.716483582766
86,"[4.1803098 4.1757026 4.1727495 4.1703868 4.1686935 4.1672368 4.1660161
 4.1650314 4.1642442 4.163496  4.1627479 4.162118  4.1616454 4.1612906]",0.5,25,3080.558345941026
87,"[4.1801519 4.1755056 4.1726704 4.1703868 4.1686149 4.1671581 4.1658978
 4.1649923 4.1641259 4.1633778 4.1627083 4.1619997 4.1615667 4.1611333]",0.5,25,3079.253939335395
88,"[4.1801128 4.1757421 4.1725917 4.1703081 4.1685753 4.1671972 4.1658978
 4.1649923 4.1640863 4.1634173 4.1627083 4.1620784 4.1614876 4.1611333]",0.5,25,3078.1764630894672
89,"[4.1801915 4.1755452 4.1726313 4.1703472 4.1685753 4.1671581 4.1660161
 4.1649923 4.1641259 4.1632991 4.1628265 4.1620388 4.1615272 4.1610942]",0.5,25,3076.969203638645
90,"[4.1801128 4.175663  4.1727495 4.1703472 4.1686935 4.1671581 4.1660161
 4.1650314 4.1641259 4.1633778 4.1627479 4.1621571 4.1615667 4.1610942]",0.5,25,3076.0163092496755
91,"[4.1801915 4.1755452 4.1725917 4.1703081 4.1686149 4.1672368 4.1659765
 4.1648345 4.1640863 4.1632991 4.1625905 4.1619601 4.1613698 4.1609759]",0.5,25,3074.636432146675
92,"[4.1801128 4.1755056 4.1724343 4.1702685 4.1684179 4.1670399 4.1657405
 4.1646771 4.1639686 4.1631808 4.1625509 4.161921  4.1614089 4.1608973]",0.5,25,3073.315087426485
93,"[4.1800342 4.1755056 4.1724739 4.1702294 4.1684966 4.1670399 4.1657796
 4.1647954 4.1639686 4.1631808 4.1625509 4.1617632 4.1613302 4.1608577]",0.5,25,3072.290363486872
94,"[4.1801128 4.1755056 4.1723948 4.1702294 4.1684966 4.1670399 4.1658583
 4.1649137 4.1640472 4.1632991 4.1625905 4.1619601 4.1613302 4.1609364]",0.5,25,3071.253019301897
95,"[4.1798763 4.1754661 4.1723161 4.1700716 4.1683393 4.1669612 4.1657796
 4.1647954 4.1637716 4.1630626 4.1623936 4.1617632 4.161212  4.160779 ]",0.5,25,3069.9493982465287
96,"[4.1801128 4.1754661 4.1724343 4.1702685 4.1683393 4.1670399 4.1657796
 4.1647558 4.1638107 4.1630626 4.1624327 4.1618814 4.1612906 4.1608577]",0.5,25,3069.042673421225
97,"[4.1800733 4.1754661 4.1723948 4.1702685 4.1684575 4.1670003 4.1658583
 4.1648741 4.1638107 4.1631808 4.1624722 4.1618423 4.1614089 4.1608186]",0.5,25,3067.8008395278584
98,"[4.1800733 4.175427  4.1721587 4.1701112 4.168221  4.1668034 4.1657009
 4.1646771 4.1638503 4.1629448 4.1625509 4.1617632 4.1611729 4.1605821]",0.5,25,3066.5962521860083
99,"[4.1800342 4.1753874 4.1723948 4.1701112 4.1684179 4.1668825 4.1657009
 4.164638  4.1637716 4.1631808 4.1623144 4.1616845 4.161212  4.1606216]",0.5,25,3065.599868303765
100,"[4.1799946 4.1753874 4.1723161 4.1701112 4.1682606 4.1668429 4.1657796
 4.164638  4.1638107 4.1631021 4.1624722 4.1617241 4.1611333 4.1606607]",0.5,25,3064.7053654638657
101,"[4.1799159 4.1754661 4.1723161 4.1700325 4.1682606 4.1668034 4.1655827
 4.1645589 4.1637321 4.1629448 4.162354  4.1616845 4.1610942 4.1606607]",0.5,25,3063.4964851194927
102,"[4.179955  4.1753087 4.1723161 4.1701503 4.168221  4.1669216 4.1656222
 4.1645985 4.1637716 4.1629839 4.1624722 4.1616454 4.1610942 4.1606216]",0.5,25,3062.6067808999296
103,"[4.1799159 4.1754661 4.1723948 4.1701503 4.1683393 4.1668034 4.1656222
 4.1646771 4.1637716 4.1630235 4.1622357 4.1617241 4.1610942 4.1606607]",0.5,25,3061.495774581709
104,"[4.1797976 4.1751904 4.1722374 4.1699142 4.1681027 4.1667247 4.165504
 4.1644802 4.1635747 4.1628661 4.162118  4.1614876 4.1610942 4.1603851]",0.5,25,3060.4048964874937
105,"[4.1798372 4.1752696 4.172277  4.1699929 4.168221  4.1668429 4.1655436
 4.1645198 4.1635747 4.1629052 4.1621966 4.1614485 4.1608973 4.1605425]",0.5,25,3059.4170281221523
106,"[4.1798372 4.1750727 4.1721191 4.1699142 4.1680241 4.1666064 4.165504
 4.1642833 4.1635747 4.162787  4.1620388 4.1614089 4.1608973 4.1603065]",0.5,25,3058.261911308868
107,"[4.1798372 4.1751904 4.1722374 4.1699538 4.1682997 4.1666856 4.1655827
 4.1644015 4.1634564 4.1627479 4.1621966 4.1616058 4.1610546 4.1604247]",0.5,25,3057.28724715183
108,"[4.1799946 4.1753483 4.1722374 4.1699929 4.168221  4.1668825 4.165504
 4.1645589 4.1635747 4.1628265 4.162118  4.1616058 4.1611333 4.1604247]",0.5,25,3056.477845388728
109,"[4.1797581 4.1752696 4.1722374 4.1698356 4.1681027 4.1667247 4.1656222
 4.1643624 4.1635747 4.162787  4.1619997 4.1613698 4.1608973 4.1605821]",0.5,25,3055.284942116296
110,"[4.1797581 4.1750727 4.1720405 4.1698356 4.1679454 4.1665673 4.1653466
 4.1642833 4.1634564 4.1626296 4.1620388 4.1612906 4.1608973 4.1603851]",0.5,25,3054.133446218399
111,"[4.179719  4.17523   4.1720405 4.1698356 4.1681027 4.166646  4.165504
 4.1643229 4.1635747 4.1626692 4.1619997 4.1615667 4.1609759 4.1604247]",0.5,25,3053.405668424482
112,"[4.1797581 4.1751513 4.17208   4.1698356 4.1680636 4.1667247 4.165307
 4.1643624 4.163496  4.1627479 4.1619997 4.1615272 4.1608577 4.1604638]",0.5,25,3052.318592945285
113,"[4.1796403 4.1750727 4.1720405 4.1697569 4.1679454 4.1665673 4.1653862
 4.1643229 4.1634564 4.1625905 4.1618423 4.1612515 4.1607394 4.1601491]",0.5,25,3051.209063900147
114,"[4.1797581 4.1750727 4.1721191 4.1698356 4.167985  4.1665673 4.1653466
 4.1643229 4.1635351 4.1625905 4.161921  4.1612906 4.1608186 4.1603065]",0.5,25,3050.240300685492
115,"[4.1797581 4.1751904 4.1720405 4.169796  4.1678667 4.1665673 4.1653466
 4.1643229 4.1634564 4.1626692 4.1618814 4.1613698 4.1607394 4.1602669]",0.5,25,3049.1857795301644
116,"[4.1797581 4.1751904 4.1719618 4.1698747 4.1679454 4.1664886 4.165307
 4.1642833 4.1632991 4.1625905 4.1619997 4.1613302 4.160779  4.1602669]",0.5,25,3048.247546951496
117,"[4.1796007 4.1750727 4.1720014 4.16956   4.1680636 4.1664886 4.1653466
 4.1642833 4.1634173 4.1624722 4.1619997 4.1613302 4.1606607 4.1603065]",0.5,25,3047.145890523277
118,"[4.1796794 4.1750331 4.1719618 4.1696782 4.167985  4.1663308 4.1652679
 4.1642046 4.1632595 4.1624722 4.1618028 4.161212  4.1606216 4.1602278]",0.5,25,3046.119717855225
119,"[4.1796007 4.174994  4.1719618 4.1695991 4.1678667 4.1662917 4.1652679
 4.1640863 4.1632991 4.1624327 4.1617632 4.1611333 4.1605034 4.1601491]",0.5,25,3045.018014818251
120,"[4.1796007 4.1750331 4.1718044 4.1696386 4.1678271 4.1663704 4.1650314
 4.1640077 4.1631021 4.1624327 4.1617241 4.1613302 4.1605821 4.1600308]",0.5,25,3044.1083092668987
121,"[4.1795616 4.1750727 4.1719618 4.1696386 4.1679454 4.1664886 4.165307
 4.1640863 4.1631808 4.1624327 4.1617241 4.1610546 4.1606607 4.1601491]",0.5,25,3043.330738995633
122,"[4.1795616 4.1749544 4.1718044 4.1695991 4.1677485 4.1663308 4.1651893
 4.1640863 4.1632204 4.1623936 4.1617632 4.1610546 4.1605821 4.1599913]",0.5,25,3042.197145045168
123,"[4.1794825 4.1749544 4.1717649 4.1696782 4.1677485 4.166213  4.1651893
 4.1639686 4.1631417 4.1625509 4.1618028 4.1610546 4.1606607 4.1599522]",0.5,25,3041.1547881971583
124,"[4.1794038 4.1748757 4.1717257 4.1695204 4.1675911 4.1660552 4.1649137
 4.1640077 4.1629839 4.1622357 4.1617241 4.1608973 4.1603065 4.1599522]",0.5,25,3039.952784536541
125,"[4.1795616 4.1748757 4.1718831 4.1694813 4.167788  4.1661735 4.1648741
 4.163929  4.1631021 4.1625113 4.1616058 4.1608973 4.1603851 4.1599522]",0.5,25,3039.128350199514
126,"[4.1794825 4.1749544 4.1717257 4.1695204 4.1677485 4.1662521 4.1650314
 4.1638899 4.1630626 4.1623144 4.1615667 4.1610546 4.1603851 4.1599126]",0.5,25,3038.187868531765
127,"[4.1794434 4.1748757 4.1718044 4.1694417 4.1677485 4.1662521 4.1649137
 4.1640472 4.1630626 4.1622357 4.1616845 4.1608577 4.1603851 4.1598735]",0.5,25,3037.095232568498
128,"[4.1794038 4.1749148 4.1719222 4.1694813 4.1677094 4.166213  4.1649528
 4.1638899 4.1629448 4.1621966 4.1615272 4.1609364 4.1603065 4.1598339]",0.5,25,3036.248356835531
129,"[4.1794038 4.1747575 4.1717649 4.1694026 4.1676307 4.1661344 4.1649137
 4.163929  4.1629448 4.1621571 4.1614876 4.1608577 4.1603065 4.1598735]",0.5,25,3035.275166802436
130,"[4.1794038 4.1749148 4.1716862 4.1694026 4.1676698 4.166213  4.1649923
 4.1638899 4.1629839 4.1621571 4.1615667 4.1609759 4.1602669 4.1598735]",0.5,25,3034.431915361464
131,"[4.1794038 4.1747971 4.1716862 4.1694417 4.1675515 4.1660552 4.1648741
 4.1638503 4.1628661 4.1620388 4.1614485 4.160779  4.1603065 4.1597157]",0.5,25,3033.230271830648
132,"[4.1796403 4.1748362 4.1717649 4.169363  4.1677094 4.166213  4.1649528
 4.1638899 4.1629448 4.1622753 4.1614485 4.1608973 4.160346  4.1598339]",0.5,25,3032.582015709092
133,"[4.1794434 4.1748362 4.1716862 4.1694417 4.1675515 4.1661344 4.1649137
 4.1638107 4.1630235 4.1621966 4.1614876 4.1609759 4.1602669 4.1598339]",0.5,25,3031.604029241535
134,"[4.1794038 4.1747971 4.1716075 4.1692843 4.1674728 4.1660552 4.1648345
 4.1638899 4.1628661 4.1621966 4.1614089 4.160779  4.1601882 4.1596766]",0.5,25,3030.7031684611025
135,"[4.1796007 4.1748362 4.1716862 4.169363  4.1675515 4.1660948 4.1648345
 4.163929  4.1628661 4.1619997 4.1614485 4.1607394 4.1602669 4.1596766]",0.5,25,3029.638680154895
136,"[4.179286  4.1747184 4.1715679 4.1694026 4.1674728 4.1660948 4.1647167
 4.163693  4.1629052 4.1620388 4.1612906 4.1605821 4.1601491 4.1595979]",0.5,25,3028.386656860893
137,"[4.1793647 4.1746788 4.1717649 4.1693234 4.1674728 4.1660161 4.1647954
 4.1636534 4.1628661 4.1619997 4.1613698 4.1607394 4.1600308 4.1596766]",0.5,25,3027.661780930174
138,"[4.1794038 4.1747184 4.1716466 4.169363  4.1674337 4.1660161 4.1648345
 4.1636534 4.1628265 4.1620388 4.1612906 4.160779  4.1600704 4.159637 ]",0.5,25,3026.818031563586
139,"[4.1793647 4.1746788 4.1715679 4.169363  4.1675124 4.1659765 4.1647954
 4.1637716 4.162787  4.1620388 4.1612906 4.1607003 4.1600704 4.159637 ]",0.5,25,3025.9528174590387
140,"[4.1792464 4.1746001 4.1715679 4.1692448 4.1673942 4.1658978 4.1646771
 4.1636534 4.1626692 4.1619601 4.161212  4.1606607 4.1599913 4.1595187]",0.5,25,3024.8809063777708
141,"[4.1793647 4.1747575 4.1715288 4.169363  4.1674728 4.1660161 4.1647954
 4.1637321 4.162787  4.1620784 4.1612906 4.1607003 4.1600308 4.1596766]",0.5,25,3024.1980748380497
142,"[4.1792464 4.1747184 4.1715679 4.1691661 4.1675124 4.1659374 4.1647558
 4.1636534 4.1626296 4.1619997 4.1612515 4.1605821 4.1600308 4.159637 ]",0.5,25,3023.050894786785
143,"[4.1793647 4.1747184 4.1716075 4.1692843 4.1673942 4.1659765 4.1648345
 4.1636143 4.162787  4.1618814 4.1610546 4.1606607 4.1599913 4.1595979]",0.5,25,3022.283963305393
144,"[4.1793251 4.1745605 4.1715288 4.1692448 4.1673942 4.1657405 4.1647167
 4.1635351 4.1627083 4.1618814 4.1610942 4.1606607 4.1599522 4.1595187]",0.5,25,3021.467677834879
145,"[4.1790891 4.1745214 4.1713319 4.1690478 4.1672759 4.1657796 4.1644802
 4.163496  4.1625113 4.161921  4.1610546 4.1604247 4.1599126 4.1594009]",0.5,25,3020.424250251871
146,"[4.1792068 4.1744819 4.1714501 4.1690874 4.1673155 4.1658192 4.1645589
 4.1634564 4.1624722 4.1617632 4.161212  4.1604247 4.1599522 4.15944  ]",0.5,25,3019.527456259494
147,"[4.1791677 4.1746392 4.1715679 4.1692448 4.1673942 4.1658978 4.1647167
 4.1636534 4.1626296 4.161921  4.1610546 4.1604638 4.1599522 4.1595187]",0.5,25,3018.677395344917
148,"[4.179286  4.1746001 4.1714501 4.1692057 4.1673942 4.1658192 4.1645198
 4.1635351 4.1627083 4.1618423 4.1611333 4.1605425 4.1599913 4.1594009]",0.5,25,3017.921215675999
149,"[4.1792464 4.1745605 4.1715288 4.1691265 4.1672759 4.1658583 4.1645589
 4.1634173 4.1623936 4.1618028 4.1611333 4.1604638 4.1598735 4.1594796]",0.5,25,3016.9792749774847
150,"[4.1794038 4.1744819 4.1713319 4.1690478 4.1671972 4.1657009 4.1645198
 4.1635747 4.1625113 4.1617241 4.1609364 4.1605425 4.1597948 4.1594009]",0.5,25,3016.126245865886
151,"[4.1789708 4.1744423 4.171371  4.1689692 4.1671185 4.1657009 4.1644015
 4.1633778 4.1623936 4.1616454 4.1610546 4.1603065 4.1597948 4.1593614]",0.5,25,3014.9398837874355
152,"[4.1789708 4.1744819 4.1713319 4.1690478 4.1671972 4.1657796 4.1645589
 4.163496  4.1625905 4.1616454 4.1610942 4.1605034 4.1597948 4.1592431]",0.5,25,3014.402054223225
153,"[4.1790104 4.1743636 4.1712136 4.1688905 4.167079  4.1655436 4.1642833
 4.1632204 4.1622357 4.1615667 4.1608577 4.1601882 4.1595979 4.1591644]",0.5,25,3012.916351439073
154,"[4.1790891 4.1744032 4.1712532 4.1690478 4.1671185 4.1655436 4.1644411
 4.1634564 4.162354  4.1615667 4.1608973 4.1601882 4.1597948 4.1592431]",0.5,25,3012.346485223659
155,"[4.1790891 4.1744819 4.1712532 4.1688509 4.1671185 4.1657009 4.1644015
 4.1632991 4.1624722 4.1615667 4.161015  4.1601882 4.1595583 4.1592827]",0.5,25,3011.581632700196
156,"[4.1792068 4.1743636 4.1713319 4.1689692 4.1671972 4.1657009 4.1644411
 4.1632991 4.1624722 4.1616845 4.1609759 4.1602669 4.1596766 4.159204 ]",0.5,25,3010.9270976047114
157,"[4.1790891 4.1744423 4.1713319 4.1688905 4.1671581 4.1656222 4.1644411
 4.1632991 4.1624722 4.1616845 4.1609364 4.1602278 4.1595979 4.1591253]",0.5,25,3010.0547814291717
158,"[4.1791282 4.1743636 4.1713319 4.1688905 4.1672759 4.1656222 4.1644411
 4.1632991 4.1623936 4.1615667 4.1608186 4.1602278 4.1597157 4.1592431]",0.5,25,3009.201285714112
159,"[4.1790495 4.1743245 4.1712136 4.1688509 4.167079  4.1655827 4.1642833
 4.1632595 4.1621966 4.1615272 4.160779  4.1599913 4.159637  4.1590466]",0.5,25,3008.032661472441
160,"[4.1789312 4.1743636 4.1711349 4.1688118 4.1670399 4.1655827 4.1641655
 4.1631417 4.1622357 4.1615272 4.1607394 4.1601095 4.1595187 4.1590858]",0.5,25,3007.140902345104
161,"[4.1790891 4.1741667 4.1711349 4.1687722 4.1669216 4.1654649 4.1641655
 4.1631021 4.1622357 4.1614089 4.1607003 4.1601095 4.1594796 4.1589675]",0.5,25,3006.3172038145613
162,"[4.1788526 4.1742458 4.1711349 4.1686935 4.1668034 4.1652679 4.1641655
 4.1631021 4.1622357 4.1612906 4.1605821 4.1599522 4.1594009 4.1590071]",0.5,25,3005.290678094348
163,"[4.1790104 4.1742458 4.1710954 4.1688509 4.1669612 4.165504  4.1642442
 4.1631021 4.1621966 4.1614485 4.160779  4.1599913 4.1595583 4.1589284]",0.5,25,3004.716436534695
164,"[4.1790104 4.1742458 4.1710563 4.1688905 4.1670003 4.1653862 4.1641259
 4.1631021 4.1622357 4.1612906 4.1607394 4.1600308 4.1594796 4.1588888]",0.5,25,3003.7952742778857
165,"[4.1788921 4.1742063 4.1710167 4.1688118 4.1668429 4.1653862 4.1640863
 4.1630235 4.162118  4.1612906 4.1606607 4.1600308 4.1592827 4.1588101]",0.5,25,3002.687454125976
166,"[4.1790495 4.1743636 4.1709776 4.1686149 4.1668429 4.1653466 4.1640472
 4.1629052 4.1620784 4.1612906 4.1605034 4.1597948 4.15944   4.1588101]",0.5,25,3001.959477730169
167,"[4.1788526 4.1742063 4.1710167 4.1687722 4.1668034 4.1651893 4.1640472
 4.1630235 4.1619997 4.161212  4.1605425 4.1597157 4.1592431 4.1586919]",0.5,25,3001.1255984650347
168,"[4.1788526 4.1741276 4.1709776 4.1686544 4.1668034 4.1652679 4.1640077
 4.1629448 4.1619997 4.1611729 4.1604638 4.1597948 4.1592827 4.1587706]",0.5,25,3000.31723613064
169,"[4.1788526 4.1742063 4.1710563 4.1687331 4.1668034 4.1653862 4.1640472
 4.1629448 4.1619997 4.161212  4.1605425 4.1599126 4.1593223 4.1588497]",0.5,25,2999.684018938398
170,"[4.1790104 4.1742063 4.1709776 4.1686149 4.1668825 4.1653466 4.1641259
 4.1629839 4.1620388 4.1612515 4.1605034 4.1597948 4.1593614 4.1588497]",0.5,25,2998.8356402743843
171,"[4.1788135 4.174088  4.1708984 4.1685362 4.1666856 4.1651893 4.1638899
 4.1629052 4.1618028 4.161015  4.1603065 4.1596766 4.1591644 4.1586528]",0.5,25,2997.659552898361
172,"[4.1788135 4.1741667 4.170938  4.1685753 4.1666064 4.1651893 4.1638503
 4.1627479 4.1618814 4.1610546 4.1604247 4.1597948 4.1590466 4.1586528]",0.5,25,2996.764747337508
173,"[4.1789312 4.1741276 4.1711349 4.1685753 4.1666856 4.1652284 4.1640077
 4.1627083 4.1618423 4.1611333 4.1603851 4.1597552 4.1591253 4.1586132]",0.5,25,2995.926765763752
174,"[4.1787739 4.1740489 4.1708984 4.1685362 4.1666856 4.1651106 4.1638503
 4.1627479 4.1617632 4.161015  4.1602278 4.1596766 4.1590466 4.1584163]",0.5,25,2994.874544299724
175,"[4.1787739 4.1741276 4.1709776 4.1685753 4.1666856 4.1652284 4.1640077
 4.1630626 4.1618814 4.1610942 4.1603851 4.1597157 4.1591644 4.1586132]",0.5,25,2994.272013063556
176,"[4.1788135 4.1739702 4.1708198 4.1685753 4.1664886 4.1651497 4.1638107
 4.1626296 4.1618028 4.1609759 4.1601882 4.1595583 4.1590858 4.1584558]",0.5,25,2992.982141841092
177,"[4.1787739 4.1739702 4.170938  4.1686149 4.166646  4.1651497 4.1638107
 4.1627479 4.1616845 4.1608577 4.1601882 4.1595187 4.1589675 4.1584558]",0.5,25,2992.1344636943904
178,"[4.1788135 4.1741667 4.1709776 4.1684966 4.1666856 4.1651106 4.1637716
 4.1627083 4.1616845 4.1609759 4.1600704 4.1594796 4.1588888 4.1584163]",0.5,25,2991.234970841333
179,"[4.1786556 4.1740489 4.1708984 4.1684966 4.1664886 4.1652284 4.1638899
 4.1625905 4.1617241 4.1609364 4.1601095 4.1595583 4.1590071 4.1582589]",0.5,25,2990.199748542348
180,"[4.1788135 4.174088  4.1709776 4.1685362 4.1668034 4.1651106 4.163929
 4.1627479 4.1617632 4.1608973 4.1602669 4.1595583 4.1588101 4.1584163]",0.5,25,2989.2363622639978
181,"[4.1786952 4.1740093 4.1708198 4.1685362 4.1664886 4.1649923 4.163693
 4.1626296 4.1616058 4.1608577 4.1601882 4.15944   4.1588101 4.1582985]",0.5,25,2988.148107854413
182,"[4.1787739 4.174088  4.170938  4.1686149 4.1667643 4.1651106 4.163929
 4.1627083 4.1617632 4.1608577 4.1601095 4.1595979 4.1588497 4.1583376]",0.5,25,2987.2922013263624
183,"[4.1787739 4.1741667 4.1709776 4.1684966 4.1667643 4.165071  4.1638107
 4.1627479 4.1616845 4.1609364 4.1601491 4.1595979 4.1589675 4.1584163]",0.5,25,2986.070877710097
184,"[4.1787343 4.1741667 4.1710563 4.1685362 4.1667643 4.1651893 4.1638899
 4.1628265 4.1618814 4.1610546 4.1602278 4.159637  4.1589675 4.1584949]",0.5,25,2984.974418965248
185,"[4.1787343 4.1741667 4.1709776 4.1684966 4.1667247 4.1652284 4.1639686
 4.1629052 4.1618028 4.1609759 4.1602669 4.1595187 4.1587706 4.1583376]",0.5,25,2983.5639842423493
186,"[4.1787343 4.1740093 4.170938  4.1685753 4.1668034 4.1651893 4.1638503
 4.162787  4.1617632 4.1609759 4.1602278 4.15944   4.1589284 4.1582985]",0.5,25,2981.834839190265
187,"[4.1787343 4.1740093 4.1709776 4.1684966 4.1664886 4.165071  4.1636534
 4.1627479 4.1618814 4.1609759 4.1602278 4.1595583 4.1588888 4.1582985]",0.5,25,2980.14359979248
188,"[4.1787739 4.1739306 4.1708984 4.1684575 4.1666064 4.1651497 4.1638503
 4.1627083 4.1617632 4.1609364 4.1602278 4.1595583 4.1588888 4.1584163]",0.5,25,2978.699705584988
189,"[4.1786952 4.1739306 4.1708593 4.1685753 4.1665277 4.165307  4.1638503
 4.1628265 4.1617632 4.1609759 4.1601882 4.1594796 4.1589284 4.1584163]",0.5,25,2977.23839900621
190,"[4.1786952 4.1740093 4.1710167 4.1685753 4.1667247 4.1651893 4.1638899
 4.1628265 4.1617632 4.1609364 4.1602278 4.1595979 4.1590071 4.1584163]",0.5,25,2975.822077379828
191,"[4.1786556 4.1740489 4.1710167 4.1684575 4.1666856 4.1651893 4.163929
 4.1626692 4.1618423 4.1609759 4.1603065 4.1596766 4.1589675 4.1584163]",0.5,25,2974.260376101888
192,"[4.1786952 4.1740093 4.1708198 4.1686544 4.1666856 4.1651893 4.1639686
 4.1628265 4.1618423 4.1610942 4.1602278 4.1595979 4.1590071 4.1584163]",0.5,25,2972.524999423558
1,"[4.1814842 4.1769166 4.1738458 4.1714044 4.1694751 4.1680183 4.1667976
 4.1656165 4.1647501 4.1639628 4.163136  4.1624665 4.1619153 4.1614428]",0.5,25,3229.766710208876
2,"[4.1815233 4.1767988 4.1738062 4.1714439 4.169672  4.1682153 4.1667976
 4.1657739 4.1648288 4.1640019 4.1633329 4.1626635 4.161994  4.1615214]",0.5,25,3230.9240349183474
3,"[4.1815233 4.1767988 4.1738458 4.1714439 4.1696324 4.1680574 4.1668763
 4.1657739 4.164947  4.1641989 4.1634507 4.1628208 4.1622696 4.1617579]",0.5,25,3231.000723708225
4,"[4.1813264 4.1766806 4.1736488 4.1713257 4.1695933 4.1679788 4.1667976
 4.1656952 4.1649079 4.1640811 4.1633329 4.1625452 4.1621122 4.1616397]",0.5,25,3229.902180582411
5,"[4.1813264 4.1767988 4.1737275 4.171483  4.1697903 4.1681366 4.166955
 4.1658921 4.1650257 4.1641989 4.1634116 4.1628208 4.1624274 4.1617579]",0.5,25,3230.751413795982
6,"[4.1814055 4.1768379 4.1738458 4.1714439 4.1697507 4.1682153 4.166955
 4.1658921 4.1650257 4.1642385 4.1635299 4.1629786 4.1623878 4.1617579]",0.5,25,3227.740680406224
7,"[4.181366  4.1767988 4.1736879 4.1715226 4.1697507 4.1681366 4.1669159
 4.1659708 4.165144  4.1641598 4.1634903 4.1629786 4.1623483 4.1618762]",0.5,25,3225.516408377143
8,"[4.1812086 4.1769166 4.1737275 4.1714439 4.1697507 4.1681366 4.1670341
 4.1659317 4.1650653 4.1642776 4.163569  4.1629786 4.1623483 4.1617579]",0.5,25,3223.246479640299
9,"[4.181366  4.1767592 4.1736488 4.1713257 4.1696324 4.1681757 4.1669159
 4.1658921 4.1649866 4.1641989 4.1635299 4.1629391 4.1623878 4.1618366]",0.5,25,3220.984233532035
10,"[4.181366  4.1767592 4.1737671 4.1714044 4.1696324 4.1681366 4.1669159
 4.1660104 4.1650653 4.1641598 4.1636086 4.1629391 4.1622696 4.1618762]",0.5,25,3218.75566617296
11,"[4.1813264 4.1767197 4.1736879 4.1714439 4.1697507 4.1681757 4.1668763
 4.1658921 4.1650653 4.1641989 4.163569  4.1629391 4.1623878 4.1619153]",0.5,25,3216.312500998941
12,"[4.1812873 4.1767988 4.1736879 4.1714044 4.169672  4.1682153 4.1669946
 4.1659317 4.1651044 4.1643958 4.1636477 4.1630177 4.1624274 4.1618762]",0.5,25,3214.24149792874
13,"[4.1812873 4.1766806 4.1736093 4.1713653 4.169672  4.168097  4.1669159
 4.1658921 4.1650653 4.1641202 4.163372  4.1628604 4.1622696 4.1618366]",0.5,25,3211.5895543394627
14,"[4.1812086 4.176641  4.1736093 4.1714439 4.1695933 4.1681366 4.1668372
 4.1657739 4.1649079 4.1641989 4.163569  4.1628208 4.1623092 4.1616793]",0.5,25,3208.820703079699
15,"[4.1812477 4.1767197 4.1735702 4.1713257 4.1693568 4.1679788 4.1667585
 4.1657739 4.1648684 4.1641598 4.163372  4.1626239 4.1621909 4.1616793]",0.5,25,3205.811381465797
16,"[4.1812086 4.1766019 4.1736488 4.1714439 4.1695933 4.1680574 4.1668763
 4.1657739 4.164947  4.1640811 4.163372  4.1629391 4.1622696 4.1616793]",0.5,25,3203.4959856797936
17,"[4.1812086 4.1766019 4.173491  4.1712861 4.1695538 4.1680574 4.166955
 4.1658134 4.1647897 4.1640415 4.1633329 4.1627421 4.1621909 4.1617184]",0.5,25,3201.1230874850817
18,"[4.1810904 4.1765232 4.1735306 4.1712861 4.1694751 4.1680574 4.166719
 4.1656952 4.1647897 4.1640415 4.1634116 4.162703  4.1620727 4.1617579]",0.5,25,3198.332149461398
19,"[4.1810508 4.1766019 4.1735702 4.171247  4.1695933 4.1680183 4.1667976
 4.1657739 4.1648684 4.1641989 4.1634116 4.1628208 4.1621909 4.1618366]",0.5,25,3196.0390663085964
20,"[4.1811299 4.1765232 4.1735702 4.1712861 4.1695147 4.1679788 4.1667976
 4.1656561 4.164947  4.1640811 4.1634116 4.1626635 4.1621909 4.1616793]",0.5,25,3193.694088357884
21,"[4.1810508 4.1765623 4.1733732 4.1711683 4.1693568 4.1679001 4.1666794
 4.1654983 4.164711  4.1640811 4.1633329 4.162703  4.1621122 4.161561 ]",0.5,25,3191.420576403128
22,"[4.1810508 4.1764441 4.1733732 4.1710501 4.1695147 4.1679397 4.166719
 4.1657739 4.1647897 4.1640415 4.1632147 4.162703  4.1621122 4.161561 ]",0.5,25,3188.5820248408977
23,"[4.1809721 4.176405  4.1733336 4.1711287 4.1693964 4.167861  4.1666794
 4.1656952 4.1645927 4.1639233 4.1632543 4.1626239 4.1621518 4.1614823]",0.5,25,3186.3442185396334
24,"[4.1810117 4.1763654 4.1733336 4.1709714 4.1693568 4.167861  4.1666007
 4.1655769 4.1646323 4.1639233 4.1632543 4.1627421 4.1620727 4.161561 ]",0.5,25,3183.982416506886
25,"[4.1810508 4.1764441 4.1734519 4.1712074 4.1693964 4.1679397 4.1667976
 4.1656561 4.1648288 4.1640811 4.1633329 4.1627421 4.1621122 4.1617184]",0.5,25,3181.8392313544373
26,"[4.1811299 4.176405  4.1733336 4.1710501 4.1692781 4.1677818 4.1666794
 4.1655378 4.1646714 4.1640415 4.1632934 4.162703  4.1620727 4.1616793]",0.5,25,3179.517587410616
27,"[4.1810508 4.1764441 4.1733336 4.1710501 4.169239  4.167861  4.1666403
 4.1656561 4.1646714 4.1638842 4.1631751 4.1626239 4.1620727 4.1615214]",0.5,25,3177.2479286577723
28,"[4.1810508 4.1765232 4.1734519 4.1710896 4.1693177 4.167861  4.1666794
 4.1656561 4.164711  4.1640019 4.1632147 4.1626635 4.161994  4.1616006]",0.5,25,3175.0629642845347
29,"[4.180933  4.1764441 4.1733732 4.1710105 4.1693568 4.167861  4.1666794
 4.1656952 4.1648288 4.1639628 4.1631751 4.1625848 4.1621122 4.1615214]",0.5,25,3173.014898382027
30,"[4.1808934 4.1762476 4.173255  4.1710501 4.1691995 4.1677818 4.1666007
 4.1654983 4.1646323 4.1638446 4.1630964 4.1625452 4.161994  4.1616006]",0.5,25,3170.66513988105
31,"[4.1810117 4.1763654 4.1733336 4.171247  4.1692781 4.1678214 4.1666403
 4.1655769 4.164711  4.1639233 4.1631751 4.1626239 4.1620727 4.161561 ]",0.5,25,3168.424643331028
32,"[4.1809721 4.1762867 4.1733336 4.1710105 4.1692781 4.1677032 4.1665616
 4.1656561 4.164711  4.1638446 4.1632543 4.1626635 4.161994  4.1615214]",0.5,25,3166.448181556125
33,"[4.1808543 4.1763263 4.1732945 4.1710896 4.1691599 4.1677427 4.1666794
 4.1654983 4.164711  4.1638055 4.1631751 4.1626239 4.161994  4.1614823]",0.5,25,3164.3494394950344
34,"[4.1808543 4.1762867 4.1733336 4.1711683 4.1692781 4.1677818 4.1664829
 4.1654983 4.1645927 4.1637659 4.163136  4.1625061 4.161994  4.1614823]",0.5,25,3162.6343719824217
35,"[4.1810117 4.1762867 4.1732154 4.1709714 4.1691599 4.1677032 4.1664038
 4.1654983 4.1645141 4.1638842 4.1630964 4.1624665 4.1618762 4.1614428]",0.5,25,3160.333571902669
36,"[4.1807752 4.176208  4.1733336 4.1708531 4.1690421 4.1677032 4.1664433
 4.1654983 4.1645141 4.1638446 4.1630573 4.1623878 4.161994  4.1614037]",0.5,25,3158.37079122816
37,"[4.1808543 4.176208  4.1731763 4.1708927 4.1690421 4.1676641 4.1664038
 4.1654592 4.1645927 4.1638446 4.1630964 4.1625061 4.1617579 4.1614037]",0.5,25,3156.16867937744
38,"[4.1807752 4.176208  4.173058  4.1707349 4.1690812 4.1675062 4.1663647
 4.1653013 4.1643171 4.163569  4.1628604 4.1623483 4.1618762 4.1612854]",0.5,25,3154.058944962022
39,"[4.1807752 4.1761684 4.1731367 4.170814  4.1690421 4.1675854 4.166286
 4.1653409 4.1643567 4.1636477 4.1628604 4.1622696 4.1617579 4.1612458]",0.5,25,3152.134157672662
40,"[4.1807752 4.1761293 4.1731367 4.1707745 4.1690812 4.1676245 4.1663251
 4.1653409 4.1644354 4.1636086 4.1629786 4.1623878 4.1618762 4.1612458]",0.5,25,3150.409014042698
41,"[4.1806965 4.1761684 4.1730976 4.1708531 4.1690025 4.1675854 4.166286
 4.1653013 4.1644354 4.1634903 4.1629391 4.1622696 4.1617184 4.1612458]",0.5,25,3148.501084052463
42,"[4.1808543 4.1762476 4.1730976 4.170814  4.1691208 4.1677032 4.1663647
 4.1653013 4.1645141 4.1637263 4.1629391 4.1623878 4.1619549 4.1613641]",0.5,25,3146.735759940592
43,"[4.1806574 4.1760898 4.1729794 4.1707745 4.1690025 4.1675062 4.1663251
 4.1653409 4.1643567 4.1634903 4.1630177 4.1622696 4.161797  4.1612458]",0.5,25,3144.64258033271
44,"[4.1806965 4.1760111 4.1729794 4.1707745 4.1689634 4.1675062 4.1662073
 4.16538   4.1642385 4.1634507 4.1626635 4.1621909 4.1617579 4.1612854]",0.5,25,3142.842781368544
45,"[4.1806178 4.1758928 4.1728611 4.1706958 4.1690025 4.1674275 4.1661282
 4.165144  4.1641989 4.1634903 4.1627817 4.1622305 4.161561  4.161128 ]",0.5,25,3140.842575727268
46,"[4.1806965 4.1761293 4.1730189 4.1706171 4.1690421 4.1675854 4.1663647
 4.1651835 4.1642776 4.1635299 4.1628604 4.1623483 4.1617579 4.1612854]",0.5,25,3139.417624946831
47,"[4.1806574 4.1761293 4.1730189 4.1708531 4.1689634 4.1674671 4.166286
 4.1652226 4.1643567 4.1634507 4.1628995 4.1622305 4.1617579 4.1612854]",0.5,25,3137.601455248752
48,"[4.1807752 4.176208  4.1730189 4.1708531 4.1689239 4.1675458 4.1662464
 4.1652622 4.1643567 4.1634903 4.1628995 4.1622696 4.1617579 4.1612458]",0.5,25,3135.986304676785
49,"[4.1806965 4.1760111 4.1729007 4.1707349 4.1688843 4.1674671 4.1661677
 4.1651835 4.1643171 4.1634116 4.1629391 4.1622696 4.1616397 4.161128 ]",0.5,25,3134.192163020561
50,"[4.1807361 4.1760507 4.1729007 4.1704988 4.1687665 4.1672702 4.1660891
 4.165144  4.1642385 4.1634903 4.1628208 4.1621122 4.161561  4.1609702]",0.5,25,3132.284356233182
51,"[4.1806965 4.175972  4.1729398 4.1706562 4.1688452 4.1672306 4.1660495
 4.1651044 4.1640811 4.1634116 4.1626635 4.1621909 4.1615214 4.1611671]",0.5,25,3130.629855965848
52,"[4.1806178 4.1758928 4.1728611 4.1705775 4.1687665 4.1673098 4.1660891
 4.1651835 4.1641202 4.1634116 4.1627421 4.1621518 4.1615214 4.1609702]",0.5,25,3128.870926819389
53,"[4.1806178 4.1760111 4.1728611 4.1707349 4.1687269 4.1674275 4.1661282
 4.1651044 4.1641989 4.1634116 4.162703  4.1622305 4.1615214 4.1611671]",0.5,25,3127.420931164688
54,"[4.1805787 4.1758928 4.1728611 4.1704593 4.1688452 4.1672702 4.1660104
 4.1650653 4.1640415 4.1632147 4.1626635 4.1619153 4.1614823 4.1610098]",0.5,25,3125.4987792472352
55,"[4.1804996 4.175972  4.1727824 4.1705775 4.1688056 4.1673489 4.1660104
 4.1650257 4.1641989 4.1633329 4.1627817 4.1620336 4.1614823 4.1609702]",0.5,25,3123.8915588661025
56,"[4.1805391 4.1758928 4.172822  4.1705775 4.1687269 4.1671915 4.1659708
 4.1650257 4.1640415 4.1633329 4.1625452 4.1619549 4.1613245 4.1608915]",0.5,25,3122.2242030440257
57,"[4.1804996 4.1758537 4.1727824 4.1704202 4.1686482 4.1672702 4.1660495
 4.1648288 4.1640415 4.1631751 4.1626239 4.1618762 4.1613245 4.1608915]",0.5,25,3120.762794873182
58,"[4.1804996 4.1758928 4.172822  4.1704593 4.1686878 4.1671915 4.1661282
 4.1649079 4.1639233 4.1632543 4.1625452 4.161797  4.1613641 4.1609311]",0.5,25,3119.227376402047
59,"[4.1804996 4.1758142 4.1727037 4.1703415 4.1685696 4.166955  4.1659317
 4.1647897 4.1639233 4.163136  4.1624665 4.1618762 4.1613245 4.1607733]",0.5,25,3117.804464683296
60,"[4.1805391 4.1758142 4.1727433 4.1704202 4.1686087 4.1672306 4.1659708
 4.1647897 4.1640019 4.163136  4.1623483 4.1618762 4.1612854 4.1608915]",0.5,25,3116.132075976836
61,"[4.1803818 4.1759324 4.1726642 4.1703019 4.1686482 4.1670732 4.1658525
 4.1648288 4.1638842 4.1632147 4.1624665 4.1617579 4.1613641 4.1608129]",0.5,25,3114.221192481823
62,"[4.1804996 4.1758142 4.1727037 4.1704202 4.1686482 4.1671915 4.1658921
 4.1649079 4.1640019 4.1631751 4.1624665 4.1620336 4.1612458 4.1608524]",0.5,25,3113.043175262723
63,"[4.1804209 4.1757751 4.1727433 4.1704593 4.1686482 4.1671519 4.1659317
 4.1648684 4.1640019 4.1631751 4.1624665 4.1618366 4.1612854 4.1608524]",0.5,25,3111.63615801405
64,"[4.1803422 4.1757751 4.1727037 4.1703415 4.16853   4.1671519 4.1659317
 4.1648684 4.1639628 4.1630964 4.1625452 4.161797  4.1612067 4.1607733]",0.5,25,3110.2986183456765
65,"[4.1804209 4.1758142 4.1727433 4.1702628 4.16853   4.1671519 4.1659708
 4.1648288 4.1639233 4.1631751 4.1624274 4.1617184 4.1612854 4.1607733]",0.5,25,3108.709153477784
66,"[4.1803422 4.1756568 4.1725464 4.1703415 4.16853   4.1669159 4.1657739
 4.1647897 4.1637659 4.1630573 4.1624274 4.1616793 4.161128  4.1607342]",0.5,25,3107.394142714843
67,"[4.1804209 4.1758142 4.1727433 4.1703019 4.1686087 4.1671128 4.1658921
 4.1648288 4.1640415 4.1630964 4.1624665 4.1617579 4.1612458 4.1607342]",0.5,25,3106.2288461060903
68,"[4.1803818 4.1758142 4.1727037 4.1704593 4.1684513 4.1672306 4.1659708
 4.1648288 4.1640019 4.1630964 4.1625061 4.1619549 4.1612458 4.1608524]",0.5,25,3105.0132898605702
69,"[4.1803031 4.1760111 4.1727824 4.1703806 4.1685696 4.1672306 4.1658525
 4.1647897 4.1640019 4.1631751 4.1625061 4.1618366 4.1613245 4.1608524]",0.5,25,3103.751043611518
70,"[4.1803031 4.1756964 4.1726642 4.1704202 4.16853   4.1671128 4.1657739
 4.1649079 4.1638055 4.163136  4.1624665 4.1617579 4.1613245 4.1607733]",0.5,25,3102.140893760036
71,"[4.1802635 4.1756568 4.1725464 4.1701837 4.1683726 4.1669946 4.1657348
 4.164711  4.1637659 4.1629391 4.1623878 4.1615214 4.161128  4.1606555]",0.5,25,3100.291837826065
72,"[4.1802635 4.1755385 4.1725068 4.1701837 4.168294  4.166955  4.1656561
 4.1645532 4.1637263 4.1628995 4.1622696 4.161561  4.1610489 4.1605372]",0.5,25,3098.97750221449
73,"[4.1803818 4.1757355 4.1727037 4.1702628 4.1686087 4.1670732 4.1657739
 4.164711  4.1638446 4.1631751 4.1624665 4.1618366 4.1612854 4.1606555]",0.5,25,3098.531162663167
74,"[4.1803818 4.1758537 4.1726642 4.1702628 4.1686087 4.1671915 4.1658921
 4.164711  4.1640019 4.1630573 4.1625061 4.161797  4.1613245 4.1607733]",0.5,25,3097.295219048804
75,"[4.1803818 4.1756172 4.1725464 4.1703415 4.1683726 4.1669946 4.1658921
 4.1647501 4.1638446 4.163136  4.1623092 4.1618762 4.1612067 4.1608524]",0.5,25,3095.8928672290053
76,"[4.1802635 4.1756568 4.1724281 4.1702628 4.1683331 4.1669159 4.1657739
 4.1646714 4.1637263 4.1629786 4.1623092 4.1616006 4.161128  4.1606555]",0.5,25,3094.0561603754304
77,"[4.1801848 4.1754208 4.1725464 4.1701837 4.1682153 4.1668763 4.1655769
 4.1645141 4.1636086 4.1627817 4.1622305 4.1614428 4.1609702 4.1604586]",0.5,25,3093.614874022488
78,"[4.1801453 4.1753812 4.1723099 4.1699872 4.1682153 4.166719  4.1655378
 4.1643171 4.163569  4.1627421 4.1620336 4.1613641 4.1608129 4.160419 ]",0.5,25,3090.586151601698
79,"[4.1802239 4.1753812 4.1722312 4.169908  4.1680574 4.1666403 4.1655769
 4.1642776 4.1634507 4.1626239 4.1619153 4.1612458 4.1607733 4.1603012]",0.5,25,3089.410898028158
80,"[4.1801453 4.1754994 4.1722708 4.170105  4.1681757 4.1666794 4.1654196
 4.1645141 4.1636086 4.1627421 4.1621122 4.1614823 4.1608129 4.1603799]",0.5,25,3088.2341229421663
81,"[4.1801062 4.1754599 4.1723495 4.1699476 4.1681757 4.1666403 4.16538
 4.1643567 4.1634507 4.1626635 4.161994  4.1613641 4.1608129 4.1603403]",0.5,25,3086.9800388685417
82,"[4.1801453 4.1754994 4.1724281 4.1700263 4.1681757 4.1666403 4.1654196
 4.1644354 4.1635299 4.162703  4.1621122 4.1614428 4.1607733 4.1603012]",0.5,25,3085.844082434356
83,"[4.1800666 4.1753812 4.1722312 4.1699476 4.1680574 4.1666007 4.1654196
 4.1642776 4.1634507 4.1625061 4.1619549 4.1612067 4.1606946 4.1602616]",0.5,25,3084.316762075739
84,"[4.1800275 4.1753812 4.1722312 4.1698689 4.1681366 4.166522  4.1653013
 4.1643171 4.1634903 4.1626635 4.1619549 4.1612067 4.1608524 4.1602221]",0.5,25,3083.025285577937
85,"[4.1800275 4.1754208 4.1722708 4.169908  4.168097  4.1666403 4.16538
 4.1643171 4.1635299 4.1625452 4.161994  4.1612854 4.1608129 4.160183 ]",0.5,25,3082.061178717178
86,"[4.1799483 4.1754208 4.1722312 4.1700263 4.1681757 4.1666007 4.1653409
 4.1642776 4.163372  4.1626239 4.1618762 4.1613245 4.1606159 4.1602221]",0.5,25,3080.740807027993
87,"[4.1799879 4.1752238 4.1721525 4.169672  4.1679788 4.1664433 4.1652622
 4.1641598 4.1633329 4.1625452 4.161797  4.1610885 4.1605768 4.159986 ]",0.5,25,3079.216962657877
88,"[4.1799879 4.1752629 4.1721921 4.169908  4.1680183 4.1666007 4.1653013
 4.1643171 4.1633329 4.1624665 4.1619153 4.1611671 4.1606159 4.160183 ]",0.5,25,3078.334840533178
89,"[4.1799483 4.1751842 4.1721129 4.1697903 4.1680183 4.1665616 4.1652226
 4.1640811 4.1632147 4.1624665 4.1617184 4.1611671 4.1605768 4.1600647]",0.5,25,3076.962616279026
90,"[4.1799879 4.1752629 4.1721921 4.1697903 4.1679397 4.1665616 4.1653013
 4.1642385 4.1632934 4.1624665 4.161797  4.1611671 4.1606159 4.1601043]",0.5,25,3075.852345441214
91,"[4.1799483 4.1751842 4.1721129 4.1698294 4.1679788 4.166522  4.1653013
 4.1641202 4.163136  4.1625061 4.161797  4.1610885 4.1604977 4.1600647]",0.5,25,3074.533813831243
92,"[4.1799879 4.1751842 4.1721921 4.1697507 4.1678214 4.1664038 4.1651044
 4.1641598 4.1632543 4.1623878 4.1618366 4.1611671 4.1605768 4.1598678]",0.5,25,3073.178614400497
93,"[4.1798697 4.1751842 4.1720343 4.1697116 4.1680183 4.1663251 4.1651044
 4.1640019 4.1630964 4.1623878 4.161561  4.1610098 4.1604977 4.1599464]",0.5,25,3072.005680968288
94,"[4.1798697 4.1752629 4.1721525 4.1697116 4.167861  4.1664433 4.165144
 4.1640811 4.1631751 4.1623878 4.1616397 4.1610885 4.1604586 4.1599464]",0.5,25,3071.096505911457
95,"[4.179791  4.1751056 4.1719952 4.1697116 4.1678214 4.166286  4.1651044
 4.1640415 4.1630964 4.1622696 4.161561  4.1608915 4.160419  4.1599464]",0.5,25,3069.8055665322527
96,"[4.1798697 4.1751842 4.1720343 4.1695933 4.1677427 4.1664433 4.1649866
 4.1640811 4.1630964 4.1622696 4.1616397 4.1610489 4.1604977 4.1599073]",0.5,25,3068.6774563952663
97,"[4.1797519 4.1751056 4.1719556 4.1695933 4.1677427 4.166286  4.1650257
 4.1638842 4.1630177 4.1622305 4.1614428 4.1609311 4.1603799 4.1597891]",0.5,25,3067.2386015688758
98,"[4.1798697 4.1751451 4.1720738 4.1697116 4.1677818 4.1663647 4.1650653
 4.1640019 4.1631751 4.1622696 4.161561  4.1609702 4.1603799 4.1598287]",0.5,25,3066.217817351211
99,"[4.1798306 4.1749873 4.1719165 4.1695538 4.1677427 4.166286  4.1650653
 4.1639628 4.1630964 4.1622305 4.161561  4.1609311 4.1603012 4.15975  ]",0.5,25,3065.0989560682483
100,"[4.179791  4.1750269 4.1719556 4.1695538 4.1675458 4.1662073 4.164947
 4.1638842 4.1629786 4.1621518 4.1615214 4.1608524 4.1602221 4.1596708]",0.5,25,3063.817461811253
101,"[4.1796727 4.1751451 4.1720343 4.1695933 4.1677818 4.166286  4.1650653
 4.1638842 4.1630964 4.1622305 4.1616006 4.1608524 4.160419  4.15975  ]",0.5,25,3062.956211309134
102,"[4.1797519 4.1749873 4.1719556 4.1695933 4.1678214 4.1662073 4.1650257
 4.1638446 4.1630573 4.1621518 4.1614428 4.1608129 4.1603012 4.15975  ]",0.5,25,3061.5630424766687
103,"[4.179791  4.175066  4.1718373 4.1695147 4.1676641 4.1662073 4.164947
 4.1639233 4.1629786 4.1621122 4.1615214 4.1608915 4.1603012 4.1597104]",0.5,25,3060.49993299398
104,"[4.1797123 4.1750269 4.1719165 4.1695147 4.1675854 4.1661282 4.1648684
 4.1638842 4.1629391 4.1621122 4.1614428 4.1608129 4.1601043 4.1598287]",0.5,25,3059.37255520413
105,"[4.1796336 4.1748695 4.17168   4.1693964 4.1675062 4.1659708 4.1647501
 4.1637659 4.1627421 4.1618762 4.1612458 4.1605768 4.1601043 4.1595531]",0.5,25,3057.934690493164
106,"[4.1796336 4.1748695 4.1718373 4.1693964 4.1675854 4.1660891 4.1648684
 4.1637659 4.1629391 4.1620727 4.1612854 4.1606555 4.1601043 4.1595922]",0.5,25,3057.004883153617
107,"[4.1796336 4.1749086 4.1718769 4.1694751 4.1675854 4.1660891 4.1649079
 4.1637263 4.1628604 4.1620336 4.1614037 4.1606946 4.1601434 4.1595531]",0.5,25,3056.056832560898
108,"[4.1797123 4.17483   4.1717587 4.1694355 4.1674671 4.1660891 4.1648684
 4.1637263 4.1627421 4.1618762 4.1612458 4.1606159 4.159986  4.1595531]",0.5,25,3054.5039438787157
109,"[4.1796336 4.1748695 4.1717587 4.1693177 4.1675854 4.1660104 4.1648684
 4.1636872 4.1628208 4.1620336 4.1613245 4.1606555 4.1600647 4.1595922]",0.5,25,3053.6761066228587
110,"[4.1796727 4.1748695 4.17168   4.1694355 4.1675854 4.1660104 4.1647501
 4.1636872 4.1628208 4.1619153 4.1612854 4.1606946 4.1601434 4.1595531]",0.5,25,3052.537475117869
111,"[4.179594  4.17483   4.1716013 4.1692781 4.1673489 4.1657739 4.1645927
 4.1634903 4.1625452 4.1617579 4.1611671 4.1604977 4.1599073 4.1593561]",0.5,25,3051.108835151635
112,"[4.1795549 4.17483   4.1717196 4.1693964 4.1675062 4.1659708 4.1648684
 4.1636086 4.1627421 4.161994  4.1612458 4.1607342 4.1600647 4.1596708]",0.5,25,3050.312822981636
113,"[4.1797123 4.1749873 4.1717982 4.1694751 4.1675458 4.1659708 4.164711
 4.1637659 4.1627421 4.1619153 4.1612067 4.1606946 4.1601043 4.1594744]",0.5,25,3049.182828555094
114,"[4.1794763 4.17483   4.1716409 4.169239  4.1673884 4.1659317 4.1645927
 4.1636477 4.1626239 4.1618762 4.1610489 4.1604977 4.1599464 4.1593561]",0.5,25,3047.7466731070976
115,"[4.179594  4.17483   4.17168   4.1693568 4.1674671 4.1659708 4.1647501
 4.1636086 4.1626239 4.1619153 4.1612458 4.1604977 4.159986  4.1594348]",0.5,25,3046.80147296373
116,"[4.1795549 4.1747513 4.1716409 4.1692781 4.1674275 4.1658525 4.1646323
 4.163569  4.1626635 4.1618366 4.1611671 4.1604586 4.1598678 4.1593165]",0.5,25,3045.703023563642
117,"[4.1794367 4.1747904 4.1716409 4.1691995 4.1673884 4.1659317 4.1645927
 4.1634507 4.1625452 4.161797  4.1610098 4.1604586 4.1597891 4.1593165]",0.5,25,3044.433054198946
118,"[4.1794367 4.1747904 4.1716013 4.1691995 4.1673489 4.1658525 4.1645532
 4.1636086 4.1625452 4.1617579 4.1610885 4.1603799 4.1598287 4.1593165]",0.5,25,3043.183690755072
119,"[4.1794367 4.1747904 4.1716013 4.1693177 4.1673489 4.1657739 4.1645532
 4.1634507 4.1625452 4.1617579 4.1610098 4.1603012 4.1598287 4.1593165]",0.5,25,3042.227652033961
120,"[4.1795549 4.1747513 4.171483  4.1690421 4.1673098 4.1657739 4.1645927
 4.1634507 4.1624665 4.161797  4.1609702 4.1603403 4.15975   4.1593165]",0.5,25,3041.242646199134
121,"[4.1795154 4.1747513 4.1716013 4.1691208 4.1673098 4.1657739 4.1645141
 4.1634903 4.1624665 4.1616397 4.1608915 4.1603799 4.1598287 4.1592774]",0.5,25,3040.094594745146
122,"[4.1794763 4.1746726 4.1714044 4.1690025 4.1671128 4.1657348 4.1643567
 4.1631751 4.1624274 4.1616793 4.1608129 4.1603012 4.1596317 4.1591196]",0.5,25,3038.7469326695427
123,"[4.1794367 4.1746726 4.1715226 4.1691208 4.1673489 4.1656952 4.1645141
 4.1634116 4.1623878 4.1616793 4.1609702 4.160419  4.1597104 4.1591196]",0.5,25,3037.8840611827254
124,"[4.1793971 4.1745939 4.1713257 4.1690025 4.1672306 4.1655769 4.1643567
 4.1631751 4.1624274 4.161561  4.1606946 4.1600256 4.1595922 4.1590409]",0.5,25,3036.398554391141
125,"[4.179358  4.1745939 4.1714044 4.1690421 4.1671915 4.1655769 4.1644354
 4.1632543 4.1624274 4.1614823 4.1607733 4.1600647 4.1595531 4.1590409]",0.5,25,3035.1984726209857
126,"[4.179358  4.1745939 4.1714439 4.1691599 4.1670732 4.1656165 4.1643567
 4.1632543 4.1623092 4.1614823 4.1607733 4.1601043 4.1595531 4.1590018]",0.5,25,3034.225163354224
127,"[4.1793184 4.174633  4.1714044 4.1690025 4.1671915 4.1655769 4.1643171
 4.1632934 4.1621518 4.1614823 4.1607342 4.1600647 4.1594744 4.1590409]",0.5,25,3033.114394575872
128,"[4.1793184 4.174633  4.1713257 4.1690421 4.1671128 4.1656165 4.1643171
 4.163136  4.1622696 4.1616006 4.1606946 4.1601043 4.1594744 4.1589622]",0.5,25,3032.136679095594
129,"[4.1792793 4.1745543 4.1714044 4.1690025 4.1670341 4.1654983 4.1642385
 4.1631751 4.1622305 4.1614037 4.1607342 4.1601043 4.1595135 4.1588836]",0.5,25,3030.945062656521
130,"[4.1792397 4.1744757 4.1712074 4.1689239 4.1670341 4.16538   4.1641202
 4.1630573 4.1621518 4.1613245 4.1605768 4.159986  4.1594348 4.158844 ]",0.5,25,3029.7438719283064
131,"[4.1792397 4.1745148 4.1712074 4.1689239 4.1669159 4.1654592 4.1641598
 4.1630964 4.1620727 4.1612854 4.1606159 4.1599073 4.1593165 4.1587262]",0.5,25,3028.581643294543
132,"[4.1792397 4.1744757 4.1712861 4.1687665 4.1669159 4.1654592 4.1640811
 4.1630964 4.1621122 4.1612067 4.1604586 4.1598287 4.1592774 4.1587653]",0.5,25,3027.506657884116
133,"[4.1792006 4.1744361 4.1712074 4.1688843 4.166955  4.16538   4.1641598
 4.1630177 4.1621518 4.1611671 4.1604977 4.1597891 4.1592379 4.1588049]",0.5,25,3026.4921887717023
134,"[4.1792793 4.1743574 4.1712074 4.1686878 4.1668763 4.1653409 4.1641598
 4.1629391 4.1620727 4.1612458 4.1605768 4.1598287 4.1591988 4.1588049]",0.5,25,3025.2987803120923
135,"[4.1792397 4.1744757 4.1712074 4.1687269 4.1668763 4.1654196 4.1641202
 4.1629786 4.1621122 4.1614037 4.1603799 4.1598678 4.1591196 4.1587262]",0.5,25,3024.082650956758
136,"[4.1792006 4.1744361 4.1711287 4.1687269 4.166955  4.16538   4.1640811
 4.1629786 4.161994  4.161128  4.1605768 4.1598678 4.1592379 4.1586866]",0.5,25,3023.054838129204
137,"[4.1792006 4.1744361 4.1711287 4.1689239 4.1668372 4.1653013 4.1640415
 4.1629391 4.1620727 4.1612458 4.1603799 4.1597891 4.1591592 4.1586866]",0.5,25,3021.870147399361
138,"[4.1792006 4.1744361 4.1710896 4.1686878 4.1667976 4.1653409 4.1640415
 4.1628604 4.161994  4.161128  4.1603799 4.1597104 4.1591196 4.1586475]",0.5,25,3020.767711451144
139,"[4.179594  4.1748695 4.1717982 4.1693964 4.1682544 4.1682153 4.1680183
 4.1679788 4.1663647 4.1650653 4.1638842 4.1629391 4.1622696 4.1614428]",0.5,25,3022.5872110876458
140,"[4.1791611 4.174397  4.1711287 4.1687665 4.1667976 4.1652622 4.1641202
 4.1629391 4.1619153 4.1610489 4.1603403 4.1596708 4.1590805 4.1585684]",0.5,25,3018.48904780504
141,"[4.1790428 4.1743183 4.1711683 4.16853   4.1667976 4.1653013 4.1638446
 4.1628604 4.1618366 4.1610098 4.160183  4.1596317 4.1590409 4.1584897]",0.5,25,3017.013247877062
142,"[4.1790824 4.174397  4.1710105 4.1686087 4.1666794 4.165144  4.1638842
 4.1627421 4.1617184 4.1610885 4.1603012 4.1594744 4.158844  4.1584897]",0.5,25,3016.098201164008
143,"[4.1791215 4.1742392 4.1710501 4.1686482 4.166719  4.1651044 4.1638446
 4.1627817 4.1618366 4.1609311 4.1601434 4.1595531 4.1590018 4.1582928]",0.5,25,3014.940838655464
144,"[4.1790824 4.1742392 4.1710501 4.1687269 4.1664829 4.1650653 4.1637659
 4.162703  4.161797  4.1608915 4.1601434 4.1595135 4.1589231 4.158411 ]",0.5,25,3013.726367725968
145,"[4.1790037 4.1741605 4.1710896 4.1686482 4.1667976 4.1650653 4.1637263
 4.162703  4.1618762 4.1609702 4.1600647 4.1595135 4.1588836 4.1583719]",0.5,25,3012.512727856038
146,"[4.1789641 4.1742001 4.1708927 4.16853   4.1666794 4.1651044 4.1638055
 4.162703  4.1616793 4.1608524 4.1601434 4.1594348 4.158844  4.1582141]",0.5,25,3011.257457114936
147,"[4.1790428 4.1741605 4.1710501 4.1685696 4.1666794 4.1650257 4.1638446
 4.1626635 4.1617184 4.1607733 4.1601043 4.1594744 4.1587653 4.1582928]",0.5,25,3010.233492201333
148,"[4.1789641 4.1742392 4.1709714 4.1686087 4.1666403 4.1650653 4.1637263
 4.1626635 4.1616397 4.1606946 4.1600647 4.1593165 4.1587653 4.1582537]",0.5,25,3008.819269352215
149,"[4.1789641 4.1741214 4.1708927 4.1685696 4.1666007 4.164947  4.1637659
 4.1625452 4.1616397 4.1607733 4.1598678 4.1593165 4.1586475 4.1580963]",0.5,25,3007.52750553236
150,"[4.1788855 4.1741605 4.1709714 4.16853   4.1666403 4.165144  4.1637659
 4.1626239 4.1615214 4.1608129 4.1600256 4.1594348 4.1588049 4.1582537]",0.5,25,3006.43175659261
151,"[4.1790037 4.1741214 4.1710105 4.1684909 4.166719  4.1652226 4.1638446
 4.162703  4.161561  4.1608129 4.1600256 4.1593561 4.158844  4.1582928]",0.5,25,3004.980500839301
152,"[4.1788855 4.1740818 4.1709714 4.1684513 4.1665616 4.1651044 4.1636872
 4.1626635 4.1617184 4.1607342 4.159986  4.1595135 4.1587653 4.1582141]",0.5,25,3003.352576927759
153,"[4.178925  4.1742392 4.1709318 4.1685696 4.1666794 4.1651835 4.1637659
 4.1626635 4.1616793 4.1608915 4.159986  4.1593165 4.1588049 4.158175 ]",0.5,25,3001.947480290934
154,"[4.178925  4.1741214 4.170814  4.1684513 4.1665616 4.1650257 4.1636872
 4.1626635 4.1614428 4.1607733 4.159986  4.1593165 4.158608  4.1580963]",0.5,25,3000.1145564686403
155,"[4.178925  4.1742392 4.1708927 4.16853   4.1666403 4.1649866 4.1638055
 4.1626239 4.1614823 4.1607342 4.1600256 4.1593165 4.158844  4.158175 ]",0.5,25,2998.593594869114
156,"[4.1789641 4.1741214 4.1709714 4.1684122 4.1666403 4.1651044 4.1637263
 4.162703  4.1616793 4.1607733 4.1600256 4.1592774 4.1587262 4.158175 ]",0.5,25,2996.949482981905
157,"[4.178925  4.1741605 4.1710105 4.1685696 4.1666403 4.1651835 4.1638842
 4.1628604 4.161797  4.1609311 4.1601434 4.1594348 4.158844  4.1582928]",0.5,25,2995.6328041541915
158,"[4.1788068 4.1740031 4.1708927 4.1683331 4.1665616 4.164947  4.1636477
 4.1625061 4.1615214 4.1605768 4.1599073 4.1592774 4.1586475 4.1580963]",0.5,25,2993.010426383873
159,"[4.1788068 4.1740427 4.170814  4.1684513 4.1664829 4.164947  4.1636477
 4.1625452 4.1616397 4.1606555 4.1599073 4.1593165 4.1587653 4.1580963]",0.5,25,2991.25768402127
160,"[4.1787672 4.1740031 4.1707745 4.1684513 4.1665616 4.164947  4.1637263
 4.1624274 4.1615214 4.1607733 4.1599464 4.1591988 4.1585684 4.1580172]",0.5,25,2989.321198554281
161,"[4.1788068 4.1740427 4.1707745 4.1684122 4.1665616 4.1648288 4.1636477
 4.1624665 4.1615214 4.1606946 4.1598678 4.1591988 4.1586475 4.1581354]",0.5,25,2987.494900867378
162,"[4.1787672 4.1740031 4.170814  4.168294  4.1664829 4.1649866 4.1635299
 4.1624274 4.1614823 4.1606555 4.1598678 4.1591196 4.1586475 4.1580172]",0.5,25,2985.37133579427
163,"[4.1787281 4.1739635 4.1707349 4.1684122 4.1663251 4.1648288 4.1635299
 4.1623483 4.1614037 4.1605372 4.1598678 4.1591196 4.1585293 4.1578598]",0.5,25,2983.308057850208
164,"[4.1788068 4.1738849 4.1707745 4.168294  4.1663251 4.1648684 4.1634507
 4.1623483 4.1614823 4.1606159 4.1598678 4.1590018 4.1584897 4.1579385]",0.5,25,2980.964352336563
165,"[4.1788068 4.1738062 4.1706171 4.1682544 4.1663251 4.1646714 4.1634507
 4.1622696 4.1613245 4.1604586 4.1595531 4.1589622 4.158411  4.1579781]",0.5,25,2978.6457862664142
166,"[4.1786494 4.1736879 4.1705775 4.168097  4.1662073 4.1646323 4.1632934
 4.1623092 4.1611671 4.1604586 4.1596317 4.1590018 4.1582928 4.1577811]",0.5,25,2976.404489868568
167,"[4.1786494 4.1739244 4.1706171 4.1682153 4.1661282 4.1646323 4.163372
 4.1622696 4.1612854 4.160419  4.1596317 4.1589231 4.1583719 4.1576238]",0.5,25,2974.043121072727
168,"[4.1786098 4.1738458 4.1705775 4.1681366 4.166286  4.1646714 4.1632543
 4.1622305 4.1612854 4.160419  4.1596317 4.1590018 4.1583719 4.1577811]",0.5,25,2972.067268974339
169,"[4.1786098 4.1738062 4.1704988 4.168097  4.1661677 4.1646323 4.1633329
 4.1621909 4.1611671 4.1603799 4.1595135 4.1589622 4.158175  4.1576629]",0.5,25,2969.566679531252
170,"[4.1786494 4.1736879 4.1706171 4.1680183 4.1660891 4.1645141 4.1632543
 4.1620727 4.1610489 4.1601434 4.1595135 4.1588049 4.158175  4.1575446]",0.5,25,2966.831040087212
171,"[4.1785312 4.1737275 4.1704988 4.1681366 4.1661282 4.1645141 4.1631751
 4.1621518 4.1610885 4.1603799 4.1594744 4.1586866 4.1580172 4.1575055]",0.5,25,2964.745150772571
172,"[4.1785312 4.1736879 4.1704202 4.1679788 4.1661282 4.1645927 4.1631751
 4.1621122 4.1609311 4.1602221 4.1594348 4.1588049 4.1581354 4.1575055]",0.5,25,2962.33876428996
173,"[4.1785312 4.1737671 4.1704593 4.1681366 4.1660891 4.1645532 4.1632934
 4.1620336 4.161128  4.1602616 4.1593561 4.1586866 4.1580172 4.1575842]",0.5,25,2960.1379142403166
174,"[4.1784129 4.1737275 4.1704988 4.168097  4.1661282 4.1645141 4.1630964
 4.1618366 4.1610098 4.1602616 4.1593561 4.1586475 4.1580963 4.1573482]",0.5,25,2957.57911598904
175,"[4.1783738 4.1736093 4.1703806 4.1679788 4.1658921 4.1643171 4.1630573
 4.1618762 4.1608524 4.1599073 4.1593165 4.1584897 4.1578994 4.1574268]",0.5,25,2954.796229568684
176,"[4.1783738 4.1736879 4.1703806 4.167861  4.1659708 4.1645141 4.1630964
 4.1620727 4.1609311 4.1601043 4.1593165 4.1586866 4.1579781 4.1573482]",0.5,25,2952.774980836588
177,"[4.1784129 4.1735702 4.1702232 4.1677427 4.1658921 4.1643567 4.1629391
 4.1618762 4.1608524 4.1598678 4.1591988 4.1584506 4.1578598 4.1573873]",0.5,25,2950.4522770663816
178,"[4.1782947 4.173491  4.1703019 4.167861  4.1658525 4.1643567 4.1629391
 4.161797  4.1609311 4.1600647 4.1592774 4.1584506 4.1579781 4.1573873]",0.5,25,2948.369635051949
179,"[4.1783738 4.1735306 4.1702628 4.167861  4.1658525 4.1642385 4.1629786
 4.1617184 4.1609311 4.159986  4.1591592 4.158411  4.1578598 4.1572299]",0.5,25,2946.1331056019408
180,"[4.1782947 4.1735306 4.1702232 4.1677818 4.1658921 4.1642385 4.1628604
 4.1616397 4.1607733 4.1599073 4.1591988 4.1585684 4.1577415 4.1571512]",0.5,25,2943.607975380316
181,"[4.1783342 4.1733732 4.1701837 4.1677427 4.1658134 4.1643567 4.1630177
 4.1617579 4.1608129 4.1599073 4.1590409 4.1584506 4.1578207 4.1572299]",0.5,25,2941.431904718831
182,"[4.1783342 4.1734123 4.1702232 4.1675854 4.1657739 4.1641598 4.1628995
 4.1617184 4.1606159 4.1598678 4.1591196 4.1581354 4.1577415 4.1570725]",0.5,25,2938.7595762641054
183,"[4.1782947 4.1733336 4.1701446 4.1677427 4.1657348 4.1641598 4.1628208
 4.1616793 4.1606555 4.1598678 4.1589622 4.158175  4.1576629 4.157033 ]",0.5,25,2936.221572963327
184,"[4.178216  4.173255  4.1699872 4.1676245 4.1657348 4.1640019 4.1627421
 4.1614823 4.1604586 4.1596317 4.1588836 4.1582141 4.1575055 4.1568756]",0.5,25,2933.8076548021086
185,"[4.1781769 4.1732154 4.1699476 4.1675854 4.1656165 4.1638842 4.1625848
 4.1614823 4.1604586 4.1596317 4.1588049 4.1580567 4.1573086 4.1569147]",0.5,25,2931.484728363308
186,"[4.1781769 4.1732945 4.1699872 4.1674671 4.1654592 4.1638842 4.1625848
 4.1614037 4.1603403 4.1594744 4.1586475 4.1579781 4.157269  4.1567574]",0.5,25,2928.924753799234
187,"[4.1781769 4.1731367 4.1699476 4.1674671 4.1654196 4.1638446 4.1625061
 4.1612854 4.1602616 4.1594744 4.1586475 4.1580172 4.1573086 4.1566787]",0.5,25,2926.504098094073
188,"[4.1780982 4.1731763 4.1699476 4.1673489 4.16538   4.1636477 4.1623483
 4.1612067 4.1601043 4.1591592 4.158411  4.1577415 4.157033  4.1565213]",0.5,25,2923.799926138372
189,"[4.1780982 4.1731367 4.1698294 4.1673098 4.1654592 4.1638446 4.1624274
 4.1612067 4.160183  4.1593561 4.1585293 4.1577415 4.157033  4.1564422]",0.5,25,2921.3626490159777
190,"[4.178019  4.1729794 4.1697116 4.1672702 4.1653013 4.1636872 4.1621518
 4.1610885 4.1601043 4.1591196 4.1584897 4.1575446 4.156836  4.1562457]",0.5,25,2918.621881386446
191,"[4.178019  4.1732154 4.169908  4.1674275 4.1653409 4.1637263 4.1623092
 4.161128  4.1601043 4.1591196 4.1582537 4.1575842 4.1569147 4.1564031]",0.5,25,2916.163985790611
1,"[4.1818399 4.1773119 4.1744375 4.1721935 4.1704607 4.1690435 4.1679411
 4.1668386 4.1660509 4.1652241 4.1646338 4.1640034 4.1635308 4.1632161]",0.5,25,3220.253900534939
2,"[4.1816826 4.1772723 4.1743984 4.1721935 4.1704216 4.1689649 4.1678624
 4.1668777 4.1660118 4.1651454 4.1645942 4.1639643 4.1634917 4.1630588]",0.5,25,3221.568945201824
3,"[4.181643  4.1771936 4.1743193 4.1721144 4.170382  4.169004  4.1678228
 4.1669564 4.1659327 4.1652241 4.1645546 4.1640034 4.163413  4.1629796]",0.5,25,3220.474811570097
4,"[4.1815643 4.177115  4.1741228 4.1719179 4.1701851 4.1688466 4.1677046
 4.1666417 4.1659327 4.1651058 4.1643581 4.1638064 4.1633735 4.1627436]",0.5,25,3218.161165115557
5,"[4.181643  4.1772723 4.1743193 4.1720753 4.1703429 4.1690435 4.1678228
 4.1667204 4.1660118 4.1651058 4.1645546 4.1639247 4.1634917 4.1629405]",0.5,25,3216.665560883112
6,"[4.1814857 4.1770363 4.1742015 4.1720753 4.1703429 4.1688857 4.1677833
 4.1666417 4.1658936 4.1652241 4.1645155 4.1640825 4.1634917 4.1629009]",0.5,25,3214.311977406278
7,"[4.1817217 4.1772332 4.1742406 4.1721144 4.1703033 4.168807  4.1677442
 4.1666417 4.1658936 4.1651454 4.1644759 4.1639247 4.1633344 4.1629009]",0.5,25,3212.261872269693
8,"[4.1816039 4.1771936 4.1742406 4.171957  4.1702247 4.1689253 4.1677046
 4.1667204 4.1658936 4.1651454 4.1645942 4.1640034 4.1633735 4.1629796]",0.5,25,3209.898187485082
9,"[4.1814857 4.1770759 4.1742015 4.1720357 4.170382  4.1688466 4.1676655
 4.1667204 4.1659327 4.1650667 4.1643972 4.163846  4.1633735 4.1629009]",0.5,25,3207.329063119029
10,"[4.1815643 4.1770759 4.1743193 4.1719966 4.1702638 4.1688466 4.1677442
 4.166563  4.165854  4.1651454 4.1645546 4.1639247 4.1633735 4.1629009]",0.5,25,3205.0803952644847
11,"[4.1816039 4.1769576 4.1741228 4.171957  4.170146  4.1688466 4.1676655
 4.1666021 4.165854  4.164988  4.1644759 4.1638856 4.1633735 4.1628222]",0.5,25,3202.333156381836
12,"[4.1814857 4.1770363 4.173965  4.1717601 4.1701064 4.168807  4.1675868
 4.1664839 4.1656966 4.1649094 4.1642003 4.1638064 4.1632552 4.162704 ]",0.5,25,3199.808866211886
13,"[4.181407  4.1770363 4.1740046 4.1720357 4.1701064 4.1687284 4.1675868
 4.1665235 4.165854  4.1650271 4.164279  4.1637673 4.1632948 4.1627436]",0.5,25,3197.313178410241
14,"[4.1816039 4.1770759 4.1741619 4.1718783 4.1702638 4.1689253 4.1675868
 4.1666021 4.1657753 4.1651454 4.1645155 4.1638064 4.1633735 4.1629405]",0.5,25,3199.0472534775126
15,"[4.181407  4.176918  4.1739259 4.1718388 4.1699882 4.1686893 4.1675472
 4.1664839 4.1655784 4.1648302 4.1642399 4.1636887 4.1632161 4.1627436]",0.5,25,3191.6687748107925
16,"[4.1814461 4.177115  4.1740046 4.171721  4.170146  4.168807  4.1675076
 4.1665235 4.1656966 4.1649485 4.1643186 4.1636491 4.1632161 4.162704 ]",0.5,25,3189.333850989038
17,"[4.1813674 4.1769576 4.1740046 4.1717997 4.1700277 4.1686497 4.1675076
 4.1664839 4.165657  4.1648698 4.1642003 4.1637278 4.1632161 4.1626649]",0.5,25,3186.780866830108
18,"[4.1813674 4.1768394 4.1740046 4.1718783 4.1701064 4.1686101 4.1675076
 4.1666417 4.1657753 4.1650271 4.1641612 4.1637278 4.1632161 4.162704 ]",0.5,25,3184.110892400582
19,"[4.1812887 4.176918  4.1739259 4.1717601 4.170146  4.1686101 4.167429
 4.1664448 4.1655393 4.1648698 4.1642399 4.1637278 4.1630979 4.1626253]",0.5,25,3181.688961240779
20,"[4.1813674 4.1768789 4.1740046 4.1718388 4.1700277 4.1686497 4.1674685
 4.1664052 4.165657  4.1649094 4.1642399 4.1636491 4.1632161 4.1626253]",0.5,25,3179.183229876574
21,"[4.1812887 4.1768394 4.1740046 4.171721  4.1699491 4.168571  4.1673107
 4.1664839 4.1654997 4.1647911 4.1642003 4.1636491 4.1630979 4.1626253]",0.5,25,3176.775729167075
22,"[4.1810522 4.1768003 4.173768  4.1716027 4.1698704 4.1684527 4.1673503
 4.1663265 4.1653423 4.1647515 4.1640429 4.1634917 4.1630192 4.1624284]",0.5,25,3173.957046750215
23,"[4.1813278 4.1766033 4.173768  4.1716423 4.1698704 4.1684136 4.1672716
 4.1664052 4.1653814 4.1646729 4.1640429 4.163413  4.1629796 4.1624284]",0.5,25,3171.736369864638
24,"[4.1811314 4.176682  4.173768  4.1715631 4.1699491 4.168571  4.1672716
 4.1663265 4.1654997 4.1647515 4.1640034 4.1633344 4.1628618 4.1625075]",0.5,25,3169.261002611217
25,"[4.18121   4.1767211 4.1738472 4.1716423 4.1697917 4.1684527 4.167429
 4.1663265 4.1654997 4.1647124 4.1640429 4.1634521 4.1629405 4.1623893]",0.5,25,3166.898276500518
26,"[4.18121   4.1768394 4.1737289 4.1716027 4.1698704 4.1684136 4.1672716
 4.1662083 4.165421  4.1646729 4.1640825 4.1634917 4.1628618 4.1624284]",0.5,25,3164.57950713474
27,"[4.18121   4.176682  4.1736503 4.1714454 4.1697521 4.1684136 4.1671929
 4.1662083 4.1653814 4.1645942 4.1640825 4.163413  4.1629405 4.1624284]",0.5,25,3162.21464219686
28,"[4.1810522 4.1765246 4.1736503 4.1713271 4.1696734 4.1682558 4.1671534
 4.1660905 4.165185  4.1645155 4.1638064 4.1632948 4.162704  4.1623497]",0.5,25,3159.607498252631
29,"[4.1810522 4.1765637 4.1736107 4.1714058 4.1697521 4.1682167 4.1670351
 4.1660509 4.1652637 4.1644368 4.163846  4.1631765 4.162704  4.162271 ]",0.5,25,3157.6322491727697
30,"[4.1810918 4.1766033 4.173532  4.1713667 4.1696734 4.1682167 4.1670351
 4.1659722 4.1651058 4.1644368 4.1636491 4.1631374 4.162704  4.1621137]",0.5,25,3155.3974441700598
31,"[4.1811314 4.1765246 4.173768  4.1714454 4.1696339 4.1682954 4.1671143
 4.1660905 4.1653423 4.1644759 4.1639247 4.1633735 4.1627436 4.162271 ]",0.5,25,3153.402675848116
32,"[4.18121   4.1765637 4.1736503 4.1714058 4.1696734 4.1681771 4.1671929
 4.1661692 4.165185  4.1645546 4.1638064 4.1632552 4.162704  4.162271 ]",0.5,25,3151.100866562635
33,"[4.1809735 4.1764851 4.1736107 4.1713271 4.1696339 4.1682167 4.1670351
 4.1660509 4.165185  4.1643186 4.1637278 4.1631765 4.162704  4.1622319]",0.5,25,3148.916042522785
34,"[4.1809735 4.1764455 4.173532  4.1713271 4.1696734 4.1681771 4.1670351
 4.1660509 4.165185  4.1644368 4.1637278 4.1631765 4.1625862 4.1621528]",0.5,25,3146.788443887805
35,"[4.1810918 4.1764064 4.1736107 4.1714454 4.1696734 4.1682167 4.1669173
 4.1660509 4.1652637 4.1644759 4.1638064 4.1631765 4.162704  4.1621923]",0.5,25,3144.8626203856074
36,"[4.1810522 4.1766033 4.1736503 4.1714058 4.1696734 4.1681771 4.1671143
 4.1660118 4.1650667 4.1644368 4.163846  4.1632552 4.1625862 4.1621923]",0.5,25,3142.990550913495
37,"[4.1809735 4.1766424 4.1735716 4.1713667 4.1696734 4.1680984 4.1670351
 4.1660905 4.1652241 4.164279  4.1638064 4.1631374 4.1625862 4.1620741]",0.5,25,3141.192804204912
38,"[4.1810918 4.1766424 4.1734924 4.1713667 4.1695552 4.168138  4.1670351
 4.1660118 4.1651454 4.1643972 4.1637673 4.1632552 4.1625466 4.1621923]",0.5,25,3139.0085853883197
39,"[4.1809344 4.1763668 4.1734533 4.1712484 4.1694765 4.168138  4.1668777
 4.1659722 4.1651058 4.1643186 4.16361   4.1632161 4.1625466 4.1619563]",0.5,25,3136.856091081814
40,"[4.1810131 4.1765246 4.1734924 4.1711698 4.1695552 4.1681771 4.1668777
 4.165854  4.164988  4.164279  4.1636491 4.1630979 4.1625466 4.162035 ]",0.5,25,3135.199100247533
41,"[4.1808949 4.1763668 4.1734533 4.1712484 4.1695552 4.1681771 4.1668386
 4.1659327 4.1650667 4.1643581 4.1636887 4.1630588 4.1625862 4.1620741]",0.5,25,3133.632749434273
42,"[4.1809735 4.1762881 4.173532  4.1712484 4.1695161 4.1680589 4.1667991
 4.1659327 4.1650667 4.1642399 4.1636491 4.1630588 4.1623893 4.1619954]",0.5,25,3131.5656255018457
43,"[4.1809344 4.1764455 4.1734138 4.1712484 4.1696339 4.1680589 4.1668777
 4.1658936 4.1650667 4.1642399 4.1636491 4.1630588 4.162468  4.162035 ]",0.5,25,3129.753635685084
44,"[4.1809735 4.1764851 4.173532  4.1712089 4.1695161 4.168138  4.1669564
 4.1657362 4.1651454 4.164279  4.1636491 4.1629796 4.162468  4.1620741]",0.5,25,3127.969342397869
45,"[4.1808949 4.1764064 4.1734533 4.1710515 4.1693978 4.1679802 4.1667991
 4.165854  4.1649094 4.164279  4.16361   4.1629796 4.162468  4.1618381]",0.5,25,3126.062585124783
46,"[4.1809344 4.1762881 4.1733747 4.1713271 4.1694369 4.1679802 4.1668386
 4.1658149 4.1650271 4.1643581 4.1635704 4.1629796 4.1624284 4.1619954]",0.5,25,3124.4259793259
47,"[4.1808949 4.1763277 4.1733351 4.1711698 4.1694369 4.1679802 4.1668386
 4.1656966 4.1648698 4.1642399 4.1636491 4.1629796 4.1623893 4.1618772]",0.5,25,3122.681681267497
48,"[4.1806979 4.1763277 4.1732564 4.1710119 4.1693192 4.1679411 4.1667991
 4.1658149 4.1648302 4.1640825 4.163413  4.1629009 4.162271  4.1618772]",0.5,25,3120.6252936737737
49,"[4.1808162 4.1762094 4.1734138 4.1711698 4.1693583 4.1679015 4.1668386
 4.1657362 4.1649094 4.1642003 4.1634521 4.1629405 4.1623106 4.1618381]",0.5,25,3119.0327886626505
50,"[4.1808949 4.1762094 4.173296  4.1710911 4.1693583 4.1679411 4.1667991
 4.1656966 4.164988  4.1640825 4.163413  4.1628618 4.1624284 4.1617594]",0.5,25,3117.292004225667
51,"[4.1808162 4.176249  4.173296  4.1711302 4.1693978 4.1679015 4.1667991
 4.1657362 4.1650271 4.164279  4.1634521 4.1628618 4.1624284 4.1618381]",0.5,25,3115.617063871121
52,"[4.1806979 4.1763668 4.1733351 4.1710119 4.1692009 4.1678624 4.1667991
 4.1657362 4.1648302 4.1640825 4.1632948 4.1628618 4.1623106 4.1617594]",0.5,25,3113.800038577205
53,"[4.1807766 4.1762881 4.173296  4.1710119 4.1693583 4.1679015 4.1667204
 4.1656966 4.1648302 4.1640429 4.1634521 4.1627436 4.1623106 4.1617594]",0.5,25,3112.2224672319862
54,"[4.1808162 4.1761308 4.1732168 4.1708546 4.1692009 4.1677442 4.1667204
 4.1656179 4.1647911 4.1640034 4.163413  4.1626253 4.1621923 4.1618772]",0.5,25,3110.454513549264
55,"[4.1807375 4.1761308 4.1731777 4.1710911 4.1692405 4.1678228 4.1666021
 4.165657  4.1648698 4.1640429 4.1633735 4.1628222 4.1622319 4.1617594]",0.5,25,3108.944720550266
56,"[4.1805801 4.1760912 4.1731777 4.1709332 4.1692796 4.1677046 4.1664448
 4.1656179 4.1647124 4.1639247 4.1631765 4.1626649 4.1621528 4.1616411]",0.5,25,3107.1443401085103
57,"[4.1805801 4.176249  4.1731381 4.1710119 4.1692009 4.1677442 4.1667595
 4.1656966 4.1648302 4.1640825 4.1633344 4.1627436 4.1622319 4.1617594]",0.5,25,3105.811048345945
58,"[4.1807375 4.1761308 4.1732168 4.1709728 4.1691613 4.1677833 4.1666021
 4.165657  4.1645942 4.1639643 4.1632948 4.1626649 4.1621923 4.1616411]",0.5,25,3104.142551734214
59,"[4.1806979 4.1761699 4.173099  4.1708941 4.1691613 4.1677442 4.166563
 4.1655784 4.1646338 4.1640034 4.1633344 4.1626253 4.1621923 4.1617198]",0.5,25,3102.707059632974
60,"[4.1806192 4.1761699 4.1731381 4.170815  4.1690826 4.1677046 4.1664839
 4.1654606 4.1646338 4.1639247 4.1632161 4.1626649 4.1620741 4.1615624]",0.5,25,3100.979951202119
61,"[4.1806588 4.1760521 4.1732168 4.1707759 4.1692009 4.1677442 4.1666021
 4.1656179 4.1646729 4.1640034 4.1632552 4.1626253 4.1622319 4.1616411]",0.5,25,3099.399172320556
62,"[4.1807375 4.1762094 4.1731777 4.1710515 4.1692009 4.1677442 4.1666021
 4.1656179 4.1646729 4.1640034 4.1633735 4.1628222 4.1623106 4.1618381]",0.5,25,3098.140440198702
63,"[4.1807766 4.1760521 4.1733351 4.1710119 4.1692405 4.1677833 4.1666417
 4.165657  4.1648302 4.1640429 4.1632948 4.162704  4.1622319 4.1618381]",0.5,25,3096.689081622857
64,"[4.1807766 4.1762881 4.173296  4.1710119 4.1693192 4.1678624 4.1666808
 4.1658149 4.1647515 4.1640825 4.1634521 4.1628618 4.162271  4.1617594]",0.5,25,3095.420125645209
65,"[4.1807766 4.1760521 4.1731777 4.1708546 4.1691222 4.1676655 4.1665235
 4.1655393 4.1646338 4.163846  4.1632552 4.1626253 4.1621923 4.1616411]",0.5,25,3093.680629885796
66,"[4.1806588 4.1761308 4.1730204 4.1708546 4.1691613 4.1677442 4.1665235
 4.1654997 4.1645942 4.1639643 4.1632552 4.1625862 4.1621137 4.1617198]",0.5,25,3092.334961733941
67,"[4.1807375 4.1761699 4.1730595 4.1709728 4.1692009 4.1677046 4.1665235
 4.1656179 4.1647124 4.1639247 4.1632948 4.1626253 4.1621528 4.1616807]",0.5,25,3090.99023048774
68,"[4.1807375 4.176249  4.1732564 4.1710515 4.1693192 4.1678624 4.1666417
 4.1657362 4.1647911 4.1640825 4.163413  4.1628618 4.1622319 4.1617985]",0.5,25,3089.971866174315
69,"[4.1807766 4.1762094 4.1733351 4.170815  4.1692405 4.1677833 4.166563
 4.1656179 4.1646729 4.1640034 4.1632948 4.1628618 4.1622319 4.1616807]",0.5,25,3088.5894520902507
70,"[4.1806192 4.1760912 4.1730204 4.1708546 4.1690435 4.1677442 4.1663661
 4.1655393 4.1646729 4.1638064 4.1633344 4.1625862 4.162271  4.1616015]",0.5,25,3087.0291814725765
71,"[4.1805801 4.1760912 4.1730595 4.1709332 4.1689253 4.1676259 4.1664052
 4.1655784 4.1645942 4.1637673 4.1630588 4.1625075 4.1620741 4.1615229]",0.5,25,3085.4835713755983
72,"[4.1804619 4.1760125 4.1729021 4.1707363 4.169004  4.1675076 4.1662874
 4.1653814 4.1643581 4.1635704 4.1629009 4.1625075 4.1618381 4.1614838]",0.5,25,3084.0051587495927
73,"[4.1806588 4.1762094 4.1731381 4.1708546 4.1690826 4.1676655 4.166563
 4.1655393 4.1646729 4.1638856 4.1632161 4.1626253 4.1621137 4.1616411]",0.5,25,3083.200093387313
74,"[4.1807766 4.1761308 4.173099  4.1710119 4.1691613 4.1677442 4.1664839
 4.1654997 4.1646338 4.1639643 4.1632552 4.1626649 4.1621137 4.1617594]",0.5,25,3082.068102069363
75,"[4.1806588 4.1761308 4.173296  4.1709332 4.1692009 4.1678228 4.1666021
 4.165421  4.1647911 4.1640429 4.1632948 4.1628222 4.1620741 4.1615624]",0.5,25,3080.855907938368
76,"[4.1805406 4.1761699 4.1729808 4.1708546 4.1692405 4.1677046 4.166563
 4.1655393 4.1647124 4.1639247 4.1631374 4.1626253 4.1620741 4.1615624]",0.5,25,3079.449443563913
77,"[4.1803045 4.1758156 4.1727448 4.1705003 4.1687284 4.1673503 4.1661692
 4.1650667 4.1641612 4.1634521 4.1628618 4.1622319 4.1616807 4.1612868]",0.5,25,3077.383079563393
78,"[4.1805406 4.1758156 4.1728234 4.1705394 4.1687284 4.1673107 4.1662083
 4.1651454 4.1642003 4.1634917 4.1627436 4.1622319 4.1617198 4.1612868]",0.5,25,3076.052448431127
79,"[4.180501  4.1756978 4.1726656 4.1705003 4.168807  4.1673899 4.1661692
 4.1650271 4.1641216 4.1634917 4.162704  4.1621137 4.1616411 4.1611295]",0.5,25,3074.55895135878
80,"[4.1803045 4.1758156 4.1727839 4.170579  4.1686101 4.1673503 4.1661692
 4.1652241 4.1642399 4.1634917 4.1628618 4.1622319 4.1617594 4.1612868]",0.5,25,3073.685848816326
81,"[4.1804619 4.1757765 4.1728625 4.1706185 4.168807  4.1673899 4.1660905
 4.1651058 4.1642399 4.163413  4.1627436 4.1623106 4.1616807 4.1612473]",0.5,25,3072.4210376319734
82,"[4.1802649 4.1758156 4.1727052 4.1705003 4.1687284 4.1673107 4.1662083
 4.1651058 4.1641612 4.1634917 4.1627831 4.1621528 4.1615624 4.1611295]",0.5,25,3071.169851883139
83,"[4.1803045 4.1758552 4.1727052 4.1705394 4.1687679 4.1673107 4.1661692
 4.1651058 4.1643186 4.163413  4.162704  4.1621528 4.1615229 4.1610112]",0.5,25,3069.885296704101
84,"[4.1803832 4.1758156 4.1726656 4.1705394 4.1687284 4.1673107 4.1660509
 4.1649485 4.1642003 4.1634521 4.1626253 4.1619954 4.1616807 4.1610899]",0.5,25,3068.640700698649
85,"[4.1802649 4.1756978 4.1726656 4.1704607 4.1686101 4.1671929 4.1660509
 4.1650271 4.1641612 4.1633735 4.1626253 4.1621137 4.1615624 4.1611686]",0.5,25,3067.314924352346
86,"[4.1802254 4.1756582 4.1725478 4.1703033 4.1686497 4.1670747 4.1660118
 4.1648302 4.1640429 4.1631374 4.1626253 4.1619563 4.1614051 4.160893 ]",0.5,25,3065.9301322836623
87,"[4.1802254 4.1756582 4.1726265 4.1704216 4.1686893 4.1671534 4.1659722
 4.1648698 4.1640825 4.1631765 4.1625862 4.1618772 4.1614838 4.1609325]",0.5,25,3064.8343331974324
88,"[4.1803436 4.1756582 4.1726265 4.170382  4.1686497 4.1671929 4.1659722
 4.1648698 4.1640429 4.1632948 4.1625466 4.1619563 4.1615229 4.1610899]",0.5,25,3063.920494292669
89,"[4.1801863 4.1755795 4.1726265 4.1703429 4.1686497 4.1670747 4.1659327
 4.1648698 4.1640034 4.1632161 4.1626253 4.1619167 4.1614442 4.1608539]",0.5,25,3062.543823162437
90,"[4.1802254 4.1755795 4.1726265 4.170382  4.168571  4.1671534 4.1660118
 4.1649485 4.1640429 4.1632552 4.162704  4.1619954 4.1614442 4.160893 ]",0.5,25,3061.481778765326
91,"[4.1802254 4.1756186 4.1725082 4.1703033 4.1685314 4.1669564 4.1659327
 4.1648302 4.1638856 4.1632161 4.1626253 4.1619167 4.1614051 4.1609716]",0.5,25,3060.0559477343763
92,"[4.1800289 4.17554   4.17239   4.1702638 4.1683741 4.1670351 4.1658149
 4.1647124 4.1637673 4.1631374 4.1625075 4.1618381 4.1612473 4.1607747]",0.5,25,3058.613211385501
93,"[4.1801863 4.1755009 4.1725478 4.1702638 4.1684527 4.166996  4.1657753
 4.1647124 4.163846  4.1631374 4.162468  4.1618381 4.1611686 4.160696 ]",0.5,25,3057.5197526435027
94,"[4.1801863 4.1754613 4.1725869 4.1702247 4.1684527 4.1669564 4.1658149
 4.1648302 4.1639247 4.1631374 4.1624284 4.1618772 4.1613259 4.1608539]",0.5,25,3056.687137213405
95,"[4.1801076 4.17554   4.1724296 4.170146  4.1683345 4.166996  4.1656966
 4.1646729 4.1638064 4.1630979 4.1623893 4.1617198 4.1612473 4.1607356]",0.5,25,3055.114811591661
96,"[4.1800289 4.1755795 4.1724691 4.1701064 4.1684527 4.1669564 4.1656966
 4.1647515 4.1638856 4.1631765 4.1623497 4.1617594 4.1611686 4.160696 ]",0.5,25,3053.969143645697
97,"[4.180068  4.175343  4.17239   4.170146  4.1682954 4.1667991 4.1657362
 4.1646338 4.1637278 4.1629009 4.1623106 4.1616015 4.1611295 4.1606569]",0.5,25,3052.606229872232
98,"[4.180068  4.1754613 4.17239   4.1702638 4.1684136 4.1668777 4.165657
 4.1646729 4.1638064 4.1630192 4.1622319 4.1617985 4.1612082 4.1608143]",0.5,25,3051.582177374675
99,"[4.1799893 4.1754613 4.17239   4.1700277 4.1683741 4.1668777 4.1656966
 4.1646338 4.1636887 4.1629405 4.1623106 4.1617985 4.1610503 4.1607356]",0.5,25,3050.374810391303
100,"[4.180068  4.1755009 4.1725082 4.1701851 4.1684136 4.1668386 4.1656966
 4.1647911 4.1638064 4.1630588 4.162271  4.1618381 4.1611295 4.1606569]",0.5,25,3049.32839181695
101,"[4.1799893 4.1753039 4.1722722 4.1701064 4.1683345 4.1669564 4.165657
 4.1645546 4.1636887 4.1629796 4.1622319 4.1616411 4.1610899 4.1606569]",0.5,25,3047.993859187825
102,"[4.1799893 4.175343  4.1723113 4.1699491 4.1682954 4.1667595 4.1655784
 4.1645546 4.1636887 4.1629405 4.1621923 4.1617198 4.1611295 4.1604991]",0.5,25,3046.887630190155
103,"[4.1799893 4.175343  4.1723509 4.1701064 4.1682167 4.1667204 4.165657
 4.1645546 4.1635704 4.1629009 4.1622319 4.1615624 4.1610503 4.1605387]",0.5,25,3045.6869859921617
104,"[4.1799893 4.1752253 4.1721144 4.1699882 4.1682558 4.1667204 4.1655784
 4.1644759 4.1637673 4.1629796 4.1619954 4.1615229 4.1609716 4.16046  ]",0.5,25,3044.657229025202
105,"[4.180068  4.1753039 4.1722326 4.1699095 4.1682167 4.1667204 4.1654997
 4.1643972 4.16361   4.1627831 4.162035  4.1615229 4.1609325 4.1604204]",0.5,25,3043.562892105033
106,"[4.1799107 4.1754222 4.1721935 4.1698308 4.1680589 4.1666021 4.165421
 4.1643972 4.1634917 4.1627436 4.1620741 4.1613655 4.1608143 4.1604204]",0.5,25,3042.38908965359
107,"[4.1799107 4.175343  4.1723113 4.1699491 4.1681771 4.1666808 4.1656179
 4.1643186 4.1635704 4.1627831 4.1621137 4.1617198 4.1609716 4.1604991]",0.5,25,3041.439107314997
108,"[4.179832  4.1753039 4.1721539 4.1699491 4.168138  4.1666808 4.1655393
 4.1644368 4.1636491 4.1627831 4.1620741 4.1614442 4.1609325 4.16046  ]",0.5,25,3040.391421463484
109,"[4.1799107 4.1754613 4.1722722 4.1700673 4.168138  4.1666021 4.1654997
 4.1643581 4.1634521 4.162704  4.162035  4.1614051 4.1609325 4.1604204]",0.5,25,3039.048054309898
110,"[4.1798711 4.1754222 4.1721935 4.1699882 4.1680984 4.1667595 4.1654606
 4.1644368 4.16361   4.1626649 4.162035  4.1614442 4.1609325 4.1603813]",0.5,25,3037.9737398750813
111,"[4.1798711 4.1754222 4.1723113 4.1700277 4.1680984 4.1666021 4.165421
 4.1643972 4.1634917 4.1628222 4.1621923 4.1615229 4.160893  4.1603813]",0.5,25,3037.079579662677
112,"[4.179832  4.1753039 4.1721539 4.1699882 4.1680984 4.1666417 4.165421
 4.1643581 4.1634917 4.1627831 4.1620741 4.1614051 4.1608539 4.1605387]",0.5,25,3035.882360394697
113,"[4.1799107 4.1751857 4.1723509 4.1699095 4.1680589 4.166563  4.1654606
 4.1643581 4.163413  4.1626649 4.1619167 4.1613259 4.1608143 4.1603022]",0.5,25,3034.7138281217462
114,"[4.179832  4.1752253 4.1721539 4.1697917 4.1679411 4.1666808 4.1653423
 4.1643581 4.1633735 4.1625862 4.1618772 4.1612868 4.1608539 4.1601844]",0.5,25,3033.513362374402
115,"[4.179832  4.1751857 4.1720753 4.1697125 4.1679802 4.1664839 4.1653028
 4.1643581 4.163413  4.1625466 4.1617985 4.1611686 4.1607356 4.1602631]",0.5,25,3032.2710277619112
116,"[4.179832  4.1751466 4.1721144 4.1698704 4.1679411 4.1665235 4.1652241
 4.164279  4.1632948 4.1626253 4.1618772 4.1611686 4.1606174 4.1601844]",0.5,25,3031.234096401098
117,"[4.1796741 4.175107  4.1721144 4.1697521 4.1679411 4.1664448 4.1653028
 4.1642003 4.1632948 4.1626253 4.1617594 4.1611295 4.1607747 4.1602235]",0.5,25,3030.125658078206
118,"[4.1797533 4.175107  4.1720357 4.1697125 4.1679411 4.1664052 4.1651454
 4.1641612 4.1632948 4.1625075 4.1617985 4.1611295 4.1606569 4.1602235]",0.5,25,3028.9329616206896
119,"[4.1798711 4.175107  4.1721539 4.1697521 4.1679802 4.1663265 4.165185
 4.1640825 4.1631765 4.1625862 4.1617985 4.1611295 4.1606174 4.1600266]",0.5,25,3027.940763998073
120,"[4.1797533 4.175107  4.1719966 4.1696734 4.1678228 4.1664448 4.1652637
 4.1641612 4.1631374 4.1624284 4.1616807 4.1611295 4.1606569 4.1599874]",0.5,25,3026.945560404732
121,"[4.1797137 4.175107  4.171957  4.1695552 4.1677833 4.1663265 4.1650667
 4.1640034 4.1631374 4.1624284 4.1616015 4.1610503 4.1604991 4.1599088]",0.5,25,3025.654952377387
122,"[4.1797533 4.1750283 4.1718388 4.1695161 4.1678228 4.1663265 4.1650271
 4.1639643 4.1632552 4.1623106 4.1616411 4.1609325 4.1604204 4.1599479]",0.5,25,3024.451475469834
123,"[4.1797533 4.174871  4.1718783 4.1695552 4.1677046 4.1662874 4.1649485
 4.1640034 4.1630588 4.1621528 4.1615624 4.1609716 4.1603022 4.1598301]",0.5,25,3023.139872874216
124,"[4.179635  4.1750674 4.1718783 4.1695161 4.1676655 4.1661692 4.1650667
 4.1639247 4.1630588 4.1622319 4.1614838 4.160893  4.1604204 4.1598692]",0.5,25,3022.0218244497355
125,"[4.1797924 4.1749101 4.171957  4.1697521 4.1677442 4.1662478 4.1651058
 4.1640825 4.1632161 4.1623106 4.1616411 4.1610112 4.1604204 4.1599479]",0.5,25,3021.156223931613
126,"[4.179635  4.1750674 4.1719179 4.1695552 4.1677442 4.1661692 4.165185
 4.1640034 4.1631374 4.1623106 4.1616015 4.1610112 4.1603813 4.1598301]",0.5,25,3019.948066558564
127,"[4.1795564 4.174871  4.171957  4.1695948 4.1677442 4.1661296 4.164988
 4.163846  4.1630588 4.1621528 4.1613655 4.1608539 4.1602235 4.1597509]",0.5,25,3018.578009468589
128,"[4.1795955 4.175107  4.1718783 4.1695552 4.1679015 4.1662478 4.1648698
 4.163846  4.1630588 4.1621923 4.1614051 4.1609325 4.1602235 4.1597905]",0.5,25,3017.5834163129325
129,"[4.1796741 4.1749887 4.1718783 4.1695948 4.1678228 4.1663265 4.1650667
 4.1638856 4.1632161 4.162271  4.1616807 4.1608539 4.1603813 4.1597509]",0.5,25,3016.764693018799
130,"[4.1797533 4.1749887 4.1719179 4.1697917 4.1677833 4.1662478 4.1650667
 4.1639643 4.1630588 4.1622319 4.1616015 4.1608539 4.1603022 4.1598692]",0.5,25,3015.621400521511
131,"[4.1797533 4.1749887 4.1718388 4.1695552 4.1677442 4.1662083 4.1649485
 4.1639247 4.1630588 4.1621528 4.1615624 4.1607356 4.1602235 4.1597118]",0.5,25,3014.325407973359
132,"[4.1795955 4.1748314 4.1717997 4.1694765 4.1676259 4.1661296 4.1649094
 4.1638064 4.1627831 4.1619563 4.1614442 4.1606174 4.1601448 4.1596332]",0.5,25,3012.921471566436
133,"[4.179635  4.1749887 4.1717997 4.1694765 4.1676259 4.1662478 4.1649485
 4.163846  4.1630588 4.1621528 4.1614442 4.160696  4.1600661 4.1596332]",0.5,25,3012.016425695531
134,"[4.179635  4.1750283 4.1718783 4.1694765 4.1675472 4.1662478 4.1650271
 4.1639643 4.1629405 4.1621137 4.1614051 4.1607747 4.1601844 4.1595936]",0.5,25,3010.9392615397114
135,"[4.1795955 4.1749496 4.171721  4.1693978 4.1677046 4.1661296 4.1649485
 4.1638064 4.1628222 4.1620741 4.1612868 4.160696  4.1601844 4.1596332]",0.5,25,3009.656187037894
136,"[4.1795955 4.174871  4.1717997 4.1695948 4.1677046 4.1662083 4.1651058
 4.1639247 4.1629405 4.1619954 4.1615229 4.160696  4.1601448 4.1596723]",0.5,25,3008.410741587458
137,"[4.179635  4.1749496 4.1717601 4.1695161 4.1677046 4.1661296 4.1648698
 4.1638856 4.1628222 4.1620741 4.1612868 4.1606569 4.1601844 4.1594362]",0.5,25,3007.2530206344927
138,"[4.1795955 4.1749101 4.1717997 4.1693978 4.1676655 4.1661296 4.1648698
 4.1637278 4.1629009 4.1621923 4.1613259 4.160696  4.1600266 4.1595149]",0.5,25,3006.0911550217
139,"[4.1795168 4.1747918 4.1716814 4.1693583 4.1673899 4.1659722 4.1646729
 4.1635704 4.162704  4.1618772 4.1611295 4.1605387 4.1599088 4.159318 ]",0.5,25,3004.7114628427503
140,"[4.1795564 4.1747527 4.1716027 4.1693192 4.1675472 4.1660118 4.1647515
 4.1637673 4.1628222 4.1619167 4.1613259 4.16046   4.1600266 4.1595936]",0.5,25,3004.071337291535
141,"[4.1795168 4.1747131 4.1717601 4.1694369 4.1677046 4.1661692 4.1647911
 4.1636491 4.1626253 4.162035  4.1611295 4.1605387 4.1600266 4.1593575]",0.5,25,3002.753770921356
142,"[4.1795564 4.1748314 4.1717997 4.1694765 4.1676259 4.1660509 4.1649485
 4.1637278 4.1628222 4.1621528 4.1612868 4.160696  4.1601057 4.1596332]",0.5,25,3001.664373954673
143,"[4.1795564 4.1749496 4.1716423 4.1693978 4.1677046 4.1662478 4.1648302
 4.1637278 4.1628222 4.1618772 4.1612473 4.1606569 4.1600266 4.1594753]",0.5,25,3000.3291607028523
144,"[4.1793985 4.1748314 4.1717997 4.1693978 4.1677046 4.1661296 4.1648302
 4.1637673 4.1627831 4.162035  4.1612868 4.1606174 4.1600661 4.1594753]",0.5,25,2999.095672186548
145,"[4.1795168 4.1747918 4.171721  4.1695161 4.1674685 4.1659722 4.164988
 4.1637278 4.1626649 4.1619563 4.1612473 4.1605783 4.1598301 4.1594753]",0.5,25,2997.7656271888563
146,"[4.1793985 4.1747918 4.1716027 4.1693583 4.167429  4.1659327 4.1646338
 4.1636887 4.162704  4.1619167 4.1612082 4.1605387 4.1599088 4.1593575]",0.5,25,2996.346619234212
147,"[4.1793594 4.1747527 4.1716814 4.1693978 4.1674685 4.1659722 4.1648302
 4.1636491 4.162704  4.1618772 4.1611686 4.1604204 4.1599479 4.159318 ]",0.5,25,2995.08742676826
148,"[4.1793594 4.1746345 4.1716027 4.1693192 4.167429  4.1659327 4.1646338
 4.1635308 4.162704  4.1619563 4.1610503 4.16046   4.1598692 4.1593966]",0.5,25,2993.663193146296
149,"[4.1794777 4.1747131 4.1716027 4.1693978 4.1675472 4.1659722 4.1648302
 4.1636887 4.1627436 4.1618381 4.1611686 4.1604204 4.1599479 4.1595149]",0.5,25,2992.365204806722
150,"[4.1793594 4.1747131 4.1716423 4.1692405 4.1674685 4.1660118 4.1646729
 4.1636491 4.1627831 4.1618772 4.1612082 4.1605387 4.1599088 4.159318 ]",0.5,25,2990.940967283806
151,"[4.1792412 4.1747527 4.1715631 4.1693192 4.1674685 4.1659722 4.1646729
 4.1635308 4.1626649 4.1618772 4.1610503 4.1605783 4.1599479 4.1592789]",0.5,25,2989.495276037464
152,"[4.1793594 4.1746345 4.1715631 4.1692009 4.1673899 4.1658149 4.1646729
 4.1635308 4.1626253 4.1617594 4.1610112 4.1604991 4.1598301 4.1592393]",0.5,25,2988.0386091574437
153,"[4.1792412 4.1745558 4.1714454 4.1692405 4.1673107 4.1657362 4.1645546
 4.1635308 4.1625466 4.1617594 4.1610899 4.1604204 4.1597509 4.1593575]",0.5,25,2986.392700196806
154,"[4.1793199 4.1748314 4.1714845 4.1692405 4.1673503 4.1658936 4.1646729
 4.1635308 4.1626253 4.1617198 4.1610112 4.16046   4.1597509 4.1592789]",0.5,25,2985.0866650712046
155,"[4.1792808 4.174674  4.1714845 4.1692405 4.1673899 4.165854  4.1645942
 4.1635308 4.162468  4.1617594 4.1610112 4.1603417 4.1597905 4.159121 ]",0.5,25,2983.43152730252
156,"[4.1792412 4.1744375 4.1714454 4.1692009 4.1672716 4.1657362 4.1644368
 4.1634521 4.1624284 4.1616411 4.1609325 4.1601844 4.1595936 4.1592393]",0.5,25,2981.991043086075
157,"[4.1791625 4.1744771 4.1713271 4.1691222 4.1671143 4.1657362 4.1643581
 4.1634521 4.1623893 4.1616015 4.1608143 4.1601844 4.1596332 4.1590819]",0.5,25,2980.493760383979
158,"[4.1792808 4.1745558 4.1714845 4.169004  4.167232  4.1656966 4.1644759
 4.1633344 4.162468  4.1616411 4.1609325 4.1603813 4.1596332 4.1590819]",0.5,25,2979.143587864854
159,"[4.1792021 4.1745162 4.1714058 4.169004  4.167232  4.1656966 4.1645155
 4.1634521 4.1625466 4.1616807 4.1609325 4.1602235 4.1596332 4.159121 ]",0.5,25,2977.472291259091
160,"[4.1792021 4.1744771 4.1713271 4.1691222 4.1671534 4.1656966 4.1644368
 4.1632948 4.162271  4.1615229 4.1607356 4.1601057 4.1595149 4.1589637]",0.5,25,2975.732060728352
161,"[4.1791625 4.1744771 4.1714058 4.169004  4.1671534 4.1656179 4.164279
 4.1633735 4.1623497 4.1614838 4.160696  4.1601057 4.1594753 4.1590424]",0.5,25,2974.021547882624
162,"[4.1792412 4.1745162 4.1713271 4.1690435 4.1671143 4.1656966 4.1644368
 4.1633344 4.1623893 4.1614838 4.1607356 4.1601057 4.1596332 4.1590033]",0.5,25,2972.4355742854827
163,"[4.1790051 4.1743193 4.1712089 4.168807  4.1669173 4.1654606 4.1641612
 4.1632552 4.1621137 4.1613655 4.1606174 4.1599479 4.1592393 4.1588063]",0.5,25,2970.40470314209
164,"[4.1791625 4.1743984 4.1714058 4.1688857 4.1670747 4.1655784 4.164279
 4.1631765 4.162271  4.1614051 4.160696  4.1599088 4.1594753 4.1589241]",0.5,25,2969.03431806437
165,"[4.1791229 4.1744771 4.1712875 4.1689649 4.1670747 4.1655393 4.1642399
 4.1631374 4.1623497 4.1615229 4.1607356 4.1600266 4.1595149 4.158885 ]",0.5,25,2967.5843459505245
166,"[4.1790442 4.1743193 4.1712484 4.168807  4.1670351 4.1656179 4.164279
 4.1630979 4.162271  4.1613259 4.1605783 4.1599874 4.1594753 4.1588454]",0.5,25,2965.761831697047
167,"[4.1789656 4.1742406 4.1710119 4.1687284 4.1668777 4.165421  4.1640429
 4.1629796 4.1619167 4.1611295 4.1604991 4.1596332 4.159121  4.1586485]",0.5,25,2963.763286102433
168,"[4.1790442 4.1743984 4.1710911 4.1688857 4.1669564 4.1653814 4.1642003
 4.1630588 4.1620741 4.1612082 4.1604204 4.1597905 4.1592393 4.1587667]",0.5,25,2962.19046340522
169,"[4.1790442 4.1742015 4.1711302 4.1687284 4.1669564 4.1654606 4.1640825
 4.1630588 4.1621923 4.1612868 4.16046   4.1599088 4.1593575 4.1586485]",0.5,25,2960.710803346899
170,"[4.1789265 4.1742406 4.1710515 4.1686893 4.1668386 4.1653028 4.1640825
 4.1629405 4.162035  4.1611686 4.1603417 4.1598301 4.1592393 4.1586094]",0.5,25,2958.995044827609
171,"[4.1788473 4.1742015 4.1709332 4.1687284 4.1668386 4.165185  4.1641216
 4.1628618 4.162035  4.1610112 4.1604204 4.1597509 4.1591606 4.1584911]",0.5,25,2957.4638693222414
172,"[4.1789656 4.1742015 4.1710515 4.168807  4.1667991 4.1653028 4.1640825
 4.1629405 4.1620741 4.1610899 4.16046   4.1596332 4.159121  4.1584911]",0.5,25,2955.9148611980518
173,"[4.1790051 4.1740046 4.170815  4.1685314 4.1668386 4.1652637 4.1639643
 4.1628618 4.1617594 4.1610112 4.1603417 4.1596332 4.1590819 4.158452 ]",0.5,25,2954.042464621991
174,"[4.1788869 4.1741228 4.1710119 4.1685314 4.1669173 4.1651454 4.1638856
 4.1627831 4.1618381 4.1611295 4.1603417 4.1595149 4.1589637 4.1584911]",0.5,25,2952.562283396132
175,"[4.1790051 4.1741619 4.1710911 4.1686101 4.1667204 4.1653423 4.163846
 4.1628222 4.1619167 4.1610112 4.1602631 4.1595149 4.1590424 4.1584911]",0.5,25,2950.956664211696
176,"[4.1788082 4.1742015 4.1709728 4.1686497 4.1667204 4.1652241 4.1639247
 4.1628222 4.1619167 4.1610503 4.1602235 4.1596332 4.1589637 4.1584911]",0.5,25,2949.242549738363
177,"[4.1789265 4.1741619 4.1708941 4.1684923 4.1667204 4.1653423 4.1638064
 4.1628222 4.1617985 4.1609325 4.1603022 4.1596332 4.1590424 4.1583338]",0.5,25,2947.3572072304964
178,"[4.17869   4.1739259 4.1708546 4.1685314 4.1665235 4.1650667 4.1637673
 4.1625075 4.1617198 4.1608143 4.1600266 4.1595149 4.1588454 4.1582551]",0.5,25,2945.262208995901
179,"[4.1786509 4.1740046 4.1709332 4.1684923 4.1666021 4.1651454 4.163846
 4.1627831 4.1618381 4.1609716 4.1601844 4.1596332 4.1590033 4.1583338]",0.5,25,2943.7808943238674
180,"[4.1787295 4.173965  4.1706576 4.1683345 4.1664839 4.1649485 4.1636887
 4.1626253 4.1617198 4.1607747 4.1600266 4.1593966 4.1587276 4.1582551]",0.5,25,2941.72831651313
181,"[4.17869   4.173965  4.1707759 4.1684136 4.1665235 4.1650667 4.1636887
 4.1625466 4.1615229 4.1608143 4.1600266 4.1592789 4.1586485 4.1581368]",0.5,25,2939.833269896107
182,"[4.1787686 4.1738076 4.1706972 4.1682954 4.1664839 4.1650271 4.1636491
 4.162468  4.1615624 4.1609325 4.1600661 4.1593966 4.1587667 4.1581764]",0.5,25,2938.07986253635
183,"[4.17869   4.1739259 4.170815  4.1683741 4.1664052 4.1648302 4.1636491
 4.1624284 4.1615624 4.1607356 4.1599479 4.1591606 4.1585307 4.1581368]",0.5,25,2936.305007412107
184,"[4.17869   4.1740437 4.1706972 4.1684527 4.1666021 4.1650271 4.1636491
 4.1625862 4.1615624 4.1607356 4.1600266 4.1593575 4.1588063 4.1581368]",0.5,25,2934.6897137784804
185,"[4.1786509 4.1739259 4.1707759 4.1682954 4.1664448 4.1648698 4.1636491
 4.1625466 4.1614838 4.1605387 4.1599479 4.1594362 4.1586094 4.1580582]",0.5,25,2933.347734495445
186,"[4.1786509 4.1738076 4.1707363 4.1682954 4.1664448 4.1648302 4.1634917
 4.162468  4.1614051 4.1605783 4.1597905 4.1591606 4.1585307 4.1579399]",0.5,25,2931.8052873897304
187,"[4.1786113 4.173965  4.1707759 4.1684136 4.1664052 4.1648698 4.1635308
 4.1624284 4.1614051 4.1606569 4.1598301 4.1591997 4.1585698 4.1580186]",0.5,25,2930.241084782441
188,"[4.1785717 4.1736894 4.1706576 4.1682167 4.1662874 4.1649094 4.1635308
 4.1623497 4.1612868 4.1604991 4.1598301 4.1590033 4.1584125 4.1579399]",0.5,25,2928.548638632135
189,"[4.178493  4.1736107 4.1704216 4.1680984 4.1661296 4.1644759 4.1632948
 4.1621923 4.1611295 4.1603813 4.1595936 4.158885  4.1582551 4.1577039]",0.5,25,2926.29304490492
190,"[4.178493  4.1735716 4.1704607 4.1679802 4.1661296 4.1646729 4.1633735
 4.1620741 4.1610899 4.1603022 4.1595149 4.1588063 4.1582942 4.1577039]",0.5,25,2924.86226371175
191,"[4.17869   4.1738472 4.1704607 4.1680984 4.1661296 4.1646729 4.1634521
 4.1623106 4.1612082 4.16046   4.1595545 4.1588454 4.1583338 4.1575856]",0.5,25,2923.549609148899
192,"[4.178493  4.1736894 4.170382  4.1680589 4.1661296 4.1645942 4.1632161
 4.1623106 4.1612082 4.1603022 4.1596332 4.1588454 4.1582155 4.1577039]",0.5,25,2922.085117721626
193,"[4.1785326 4.1736894 4.1705003 4.168138  4.1662083 4.1647911 4.1632161
 4.1623893 4.1612473 4.1603022 4.1595149 4.1589241 4.1583338 4.157743 ]",0.5,25,2920.510247290039
1,"[4.1829882 4.1786571 4.1759014 4.1738539 4.1721611 4.170783  4.1696415
 4.1686964 4.1678305 4.166925  4.1661768 4.1655865 4.1651926 4.1645627]",0.5,25,3182.146539437933
2,"[4.182909  4.1785393 4.1757832 4.173933  4.1718855 4.1706653 4.1695628
 4.1684604 4.1676731 4.166925  4.1660981 4.1657043 4.1650743 4.1646023]",0.5,25,3181.588122906495
3,"[4.182673  4.1784606 4.1756258 4.1736178 4.1718855 4.1705074 4.1693263
 4.168303  4.1675549 4.1668067 4.1661377 4.1655078 4.1649566 4.1643658]",0.5,25,3179.5941407172304
4,"[4.1827912 4.1784606 4.1755862 4.1734996 4.1718068 4.1705861 4.1692476
 4.1684208 4.1673579 4.1666889 4.1661377 4.1655078 4.1650743 4.1644444]",0.5,25,3177.3410129223635
5,"[4.182673  4.1785393 4.1755862 4.1735783 4.1719251 4.1706257 4.1694055
 4.168303  4.1675549 4.1667676 4.1660981 4.1654682 4.165153  4.1646023]",0.5,25,3174.739073065185
6,"[4.1826334 4.1784997 4.1756649 4.1737361 4.1719251 4.1704683 4.1696019
 4.1683421 4.1675153 4.1667676 4.1661377 4.1656256 4.1650743 4.1645627]",0.5,25,3172.1870073322243
7,"[4.1828303 4.1785393 4.1756649 4.1735392 4.1718855 4.1705074 4.1693263
 4.1684604 4.1675944 4.1668463 4.1661377 4.1657043 4.165153  4.164681 ]",0.5,25,3169.349766336538
8,"[4.1826334 4.178421  4.1756258 4.1734605 4.1717672 4.170311  4.1693263
 4.1684604 4.1675549 4.1667676 4.1661377 4.1655078 4.1649957 4.1645231]",0.5,25,3166.051148702259
9,"[4.1824369 4.1782637 4.1755075 4.1734605 4.1717281 4.1704288 4.1692476
 4.1682634 4.1675549 4.1666889 4.1663342 4.1655078 4.1650743 4.1646023]",0.5,25,3162.929222781982
10,"[4.1825156 4.1782241 4.1753893 4.1733818 4.1715708 4.1702714 4.1691298
 4.1683421 4.1674762 4.1666889 4.1660981 4.1653895 4.1650352 4.1643267]",0.5,25,3159.94111730062
11,"[4.1825943 4.1783028 4.1754289 4.1734605 4.1717281 4.1703897 4.1692872
 4.1682634 4.1675549 4.1666889 4.1661377 4.1656651 4.1650352 4.164484 ]",0.5,25,3157.2567243631984
12,"[4.1825943 4.1783423 4.1755075 4.1733818 4.1718464 4.1703501 4.1692872
 4.1682243 4.1673579 4.1668067 4.1662164 4.1657043 4.1649957 4.1645627]",0.5,25,3154.185618994411
13,"[4.1823583 4.1782241 4.1753106 4.1733818 4.1716495 4.1704683 4.1692085
 4.168303  4.1674366 4.1666098 4.1660194 4.1654682 4.1648383 4.164484 ]",0.5,25,3151.241008444552
14,"[4.1824369 4.178185  4.1753893 4.1733027 4.1716495 4.1704288 4.1692476
 4.1682243 4.1673188 4.166728  4.1659799 4.1654682 4.1649566 4.1643658]",0.5,25,3148.1713804507112
15,"[4.1823974 4.1782241 4.1753893 4.1731849 4.1717281 4.1701927 4.1690903
 4.1681452 4.1672006 4.166492  4.1659799 4.1652322 4.1646414 4.1643658]",0.5,25,3144.872829177923
16,"[4.1823974 4.1781454 4.1753106 4.1731849 4.1717281 4.1702318 4.1690507
 4.1681452 4.1674762 4.166492  4.1658225 4.1652713 4.164917  4.1644444]",0.5,25,3142.383642575816
17,"[4.182476  4.1782637 4.1755075 4.1732635 4.1717281 4.170311  4.1691689
 4.1682243 4.1674366 4.1666493 4.1659408 4.1652713 4.1648774 4.1643658]",0.5,25,3139.746188891057
18,"[4.1822791 4.1779881 4.1752715 4.173224  4.1716495 4.1701927 4.1690903
 4.1680274 4.1671219 4.1664133 4.1658621 4.1651139 4.1647201 4.1642871]",0.5,25,3136.603515379772
19,"[4.1823974 4.1782241 4.1754289 4.1733422 4.1716886 4.1704288 4.1693263
 4.168303  4.1675944 4.1666098 4.1661768 4.1655078 4.1649957 4.1644444]",0.5,25,3134.214973494195
20,"[4.1825156 4.178185  4.1753106 4.1731453 4.1715312 4.170114  4.1691689
 4.1681452 4.1672006 4.166492  4.1659012 4.1654286 4.1647987 4.1643267]",0.5,25,3131.013225128581
21,"[4.1825547 4.1780667 4.1752319 4.1731849 4.1715312 4.1702318 4.1690116
 4.1681061 4.1672006 4.1663342 4.1657834 4.1652322 4.1646414 4.1642084]",0.5,25,3128.642032760688
22,"[4.1823583 4.1781454 4.1751137 4.1731849 4.1714525 4.170114  4.1691689
 4.1679878 4.167161  4.166492  4.1657438 4.1652322 4.164681  4.1642084]",0.5,25,3125.712204136961
23,"[4.1823974 4.178185  4.1753106 4.1732635 4.1717281 4.170114  4.168972
 4.1679487 4.1672006 4.166492  4.1658621 4.165153  4.1647201 4.1641688]",0.5,25,3123.4002477151143
24,"[4.1822791 4.1781058 4.1753502 4.173224  4.1715312 4.1702318 4.1690903
 4.1680274 4.1673188 4.1664133 4.1658621 4.1653109 4.1647596 4.1642475]",0.5,25,3121.06642900133
25,"[4.18224   4.1781058 4.1752319 4.1732635 4.1715708 4.170114  4.1690507
 4.1681848 4.1674762 4.1665707 4.1659799 4.16535   4.1647201 4.1642475]",0.5,25,3118.393910627305
26,"[4.1823187 4.1779881 4.1751928 4.173224  4.1714525 4.1700354 4.1688933
 4.1679091 4.167161  4.1662951 4.1657834 4.1652713 4.1646414 4.1642871]",0.5,25,3115.780865197893
27,"[4.1822791 4.1781058 4.1751533 4.1733422 4.1714525 4.1700745 4.1688933
 4.1680274 4.1672006 4.1665311 4.1659408 4.1652322 4.1647987 4.1642084]",0.5,25,3111.946432165394
28,"[4.1822791 4.1779485 4.1749172 4.1730275 4.1712165 4.1697989 4.168736
 4.1678696 4.1668463 4.1662164 4.1655865 4.165153  4.1645231 4.1640902]",0.5,25,3110.4946670289446
29,"[4.1822004 4.1779881 4.1750746 4.1728697 4.1712556 4.1698775 4.1688147
 4.1677518 4.1668854 4.1661377 4.1655865 4.1649957 4.1644444 4.1641688]",0.5,25,3108.073184144558
30,"[4.1820827 4.1779881 4.1751533 4.1731453 4.1713738 4.1699562 4.1688147
 4.1680274 4.167161  4.1663342 4.1657043 4.1650352 4.1646414 4.1640511]",0.5,25,3106.246777835691
31,"[4.1822004 4.1781058 4.1753106 4.1731062 4.1713343 4.1699562 4.168736
 4.1678696 4.1670432 4.1663342 4.1656651 4.1649957 4.1645231 4.1641297]",0.5,25,3103.7648361927613
32,"[4.18224   4.1781058 4.1753893 4.1731453 4.1714129 4.1700354 4.1688542
 4.1680274 4.167161  4.1664133 4.1658225 4.1652322 4.1647596 4.1643658]",0.5,25,3101.233607094725
33,"[4.1822004 4.1779881 4.1750746 4.1730275 4.1712952 4.1699171 4.168736
 4.1677518 4.1669641 4.1662164 4.1655469 4.1650743 4.1645231 4.1640511]",0.5,25,3098.9143694506843
34,"[4.1822004 4.1777515 4.1750746 4.1730275 4.1712952 4.1698775 4.1688147
 4.1678305 4.1670036 4.1661377 4.1656256 4.1650352 4.1644053 4.1640115]",0.5,25,3096.757411372477
35,"[4.1821218 4.1778302 4.1751533 4.1729484 4.1711769 4.1698384 4.1686573
 4.1676335 4.1670823 4.1660981 4.1653895 4.1649957 4.1644444 4.1640115]",0.5,25,3094.744333629149
36,"[4.18224   4.1777911 4.1749172 4.1728306 4.1710982 4.1697989 4.1686573
 4.1676335 4.166925  4.1660981 4.1655078 4.1648774 4.1642871 4.1640511]",0.5,25,3092.899622167832
37,"[4.1820827 4.1778302 4.1749959 4.1728697 4.1711373 4.1697202 4.1686573
 4.1677909 4.166728  4.1660981 4.1654286 4.1648774 4.1643658 4.1638145]",0.5,25,3090.858185665284
38,"[4.1819644 4.1777515 4.1750746 4.1729093 4.1712952 4.1698384 4.1686964
 4.1678305 4.1670036 4.1662164 4.1655469 4.165153  4.1644053 4.1640115]",0.5,25,3088.852180411244
39,"[4.1820827 4.1778698 4.1749959 4.1729093 4.1711373 4.1698384 4.1688147
 4.1678696 4.166925  4.1661377 4.1654682 4.1649566 4.1643658 4.1639328]",0.5,25,3086.912122265084
40,"[4.1821613 4.1778698 4.1748776 4.1728697 4.1710982 4.1697202 4.1686573
 4.1677518 4.1668463 4.1660981 4.1654682 4.164917  4.1644053 4.1639328]",0.5,25,3084.760830801324
41,"[4.1820035 4.1777124 4.1748776 4.1728306 4.1710587 4.1697202 4.1686177
 4.1675549 4.1668463 4.1660585 4.16535   4.1648383 4.1642084 4.1638541]",0.5,25,3083.0751674188955
42,"[4.1820431 4.1777911 4.1750746 4.1728697 4.1712165 4.1698775 4.168736
 4.1677518 4.1670036 4.1661768 4.1656651 4.1649957 4.1645231 4.1639719]",0.5,25,3081.4889406845427
43,"[4.1823974 4.1782241 4.1754684 4.173224  4.1717672 4.1704683 4.1693263
 4.1683817 4.1676731 4.166728  4.1660981 4.1657043 4.165153  4.164681 ]",0.5,25,3081.622003714192
44,"[4.181807  4.1777124 4.174799  4.1726336 4.17098   4.1696415 4.1684208
 4.1674762 4.1666493 4.1659012 4.1652713 4.164681  4.1641688 4.1637754]",0.5,25,3078.911116646867
45,"[4.1820431 4.1778302 4.1748776 4.1729879 4.1710982 4.1698384 4.1685786
 4.1676731 4.1666493 4.1660194 4.16535   4.1647987 4.1643267 4.1636572]",0.5,25,3075.851341308864
46,"[4.1819644 4.1776729 4.174799  4.1728697 4.1711373 4.1697598 4.1686177
 4.1675153 4.1666889 4.1660194 4.1653109 4.1648383 4.1642084 4.1638145]",0.5,25,3073.795898849148
47,"[4.1820827 4.1778302 4.175035  4.1728697 4.1712165 4.1698384 4.1686964
 4.1677122 4.1668067 4.1659408 4.1654682 4.1648383 4.1645231 4.1638145]",0.5,25,3072.431352481417
48,"[4.1820827 4.1779094 4.1749172 4.1728697 4.1713738 4.1698384 4.1686177
 4.1677909 4.1669641 4.1662164 4.1655865 4.1648383 4.1644444 4.1640902]",0.5,25,3070.83744665717
49,"[4.1820035 4.1777515 4.1748776 4.1727123 4.1710196 4.1697989 4.1683817
 4.1674762 4.166728  4.1659012 4.16535   4.1647201 4.1641688 4.1638541]",0.5,25,3068.468602791203
50,"[4.1820035 4.1775155 4.1747203 4.1724763 4.1710196 4.1696415 4.168303
 4.1673188 4.1665311 4.1658225 4.165153  4.1647596 4.1640511 4.1634603]",0.5,25,3066.459948835312
52,"[4.1817675 4.1777124 4.1746416 4.1725154 4.1708617 4.1694446 4.1681848
 4.1673579 4.1664524 4.1656651 4.1650743 4.1644444 4.1640115 4.1634603]",0.5,25,3064.858208262805
53,"[4.1816888 4.1774368 4.1745629 4.1723971 4.1706257 4.1692872 4.1681848
 4.1671219 4.1663737 4.1657834 4.1649566 4.1643267 4.1638145 4.163342 ]",0.5,25,3062.736594131806
54,"[4.1817675 4.1777124 4.1747203 4.1726727 4.17098   4.1694841 4.1684604
 4.1673579 4.1665707 4.1658225 4.1652713 4.1645627 4.1641297 4.1636176]",0.5,25,3061.302881995442
55,"[4.1818461 4.1775155 4.1746416 4.1724763 4.1709409 4.1694841 4.1683817
 4.1673975 4.1663737 4.1656256 4.165153  4.1645231 4.1638145 4.1635785]",0.5,25,3059.15898431722
56,"[4.1818461 4.1773973 4.1745234 4.1724763 4.170783  4.1694055 4.1684208
 4.1672792 4.1663737 4.1657043 4.1651139 4.1644053 4.1639328 4.163342 ]",0.5,25,3057.501562349581
57,"[4.181807  4.1773582 4.1745629 4.172358  4.1707439 4.1694446 4.1682243
 4.1672792 4.166492  4.1656651 4.164917  4.1643658 4.1638541 4.1634212]",0.5,25,3056.127534701064
58,"[4.1818857 4.1775942 4.174602  4.1724367 4.1708226 4.1694446 4.1683421
 4.1672397 4.1666889 4.1657834 4.1651926 4.1645627 4.1640511 4.1634212]",0.5,25,3054.867757443033
59,"[4.1817279 4.1775551 4.1745629 4.1724763 4.1709409 4.1694055 4.1683421
 4.1673579 4.1664524 4.1655865 4.1651139 4.1645627 4.1640902 4.1634998]",0.5,25,3053.1736940599235
60,"[4.1818461 4.1774759 4.174602  4.1724763 4.1708226 4.1694446 4.1681452
 4.1672792 4.1664133 4.1655865 4.1650352 4.1643658 4.1639719 4.1633816]",0.5,25,3051.4008747420253
61,"[4.1817675 4.1775155 4.1745234 4.1723971 4.1708226 4.1693659 4.1680665
 4.167161  4.1664524 4.1657438 4.1650352 4.1644053 4.1638932 4.1634212]",0.5,25,3049.8751320495644
62,"[4.1818857 4.1776338 4.174602  4.1725154 4.170783  4.1694841 4.1682243
 4.1672792 4.1664524 4.1657438 4.1650743 4.1643658 4.1640115 4.1633816]",0.5,25,3048.6096918847693
63,"[4.1818461 4.1773973 4.1746807 4.1725154 4.1708226 4.1694446 4.1683421
 4.1673579 4.1665311 4.1655865 4.1650743 4.1644053 4.1638932 4.1636176]",0.5,25,3047.316683472765
64,"[4.1818857 4.1773973 4.174602  4.1724763 4.1707044 4.1694841 4.1682634
 4.1672792 4.1664524 4.1657834 4.1650743 4.1646023 4.1638145 4.163342 ]",0.5,25,3045.877729378252
65,"[4.1815705 4.1772399 4.174366  4.172122  4.170547  4.1692085 4.1679878
 4.1671219 4.1662164 4.1654286 4.164681  4.1642084 4.1637359 4.1630664]",0.5,25,3043.933250825738
66,"[4.1815705 4.1775155 4.1744838 4.1723971 4.1705861 4.1692872 4.1681061
 4.1670823 4.1662555 4.1655469 4.1647596 4.1642871 4.1637359 4.1632633]",0.5,25,3042.819402635905
67,"[4.1819248 4.1775155 4.1747594 4.1727519 4.1709409 4.1695628 4.168539
 4.1675549 4.1668067 4.1659408 4.1653895 4.1647201 4.1640511 4.1637754]",0.5,25,3042.5810649112927
68,"[4.1816888 4.1772795 4.1744447 4.1722007 4.1706257 4.1691689 4.1681061
 4.1670432 4.1661768 4.1655469 4.1649566 4.1643267 4.1636968 4.1632242]",0.5,25,3039.947345708144
69,"[4.1816101 4.1773582 4.1745234 4.172358  4.1705074 4.1692085 4.1679091
 4.1670823 4.1663737 4.1655078 4.1648774 4.1642084 4.1637754 4.1633029]",0.5,25,3038.7598224347607
70,"[4.1816888 4.1773973 4.1745234 4.1723971 4.1707439 4.1694055 4.1681061
 4.1670432 4.1662164 4.1653895 4.1648774 4.1642084 4.1638145 4.163342 ]",0.5,25,3037.552668425024
71,"[4.1815705 4.1774368 4.1744447 4.1723185 4.1707044 4.1692476 4.1679878
 4.1670432 4.1662164 4.1654682 4.1648383 4.1644444 4.1637754 4.163106 ]",0.5,25,3036.110437588301
72,"[4.1817675 4.1773582 4.1744838 4.1722398 4.1707044 4.1693659 4.1679487
 4.1670432 4.1662164 4.1653895 4.1647987 4.1641297 4.1636572 4.1632633]",0.5,25,3034.8615062958443
73,"[4.1816888 4.1773973 4.1743264 4.1723971 4.1705074 4.1691689 4.1680274
 4.166925  4.1662164 4.1654286 4.1648383 4.1641688 4.1636572 4.1633029]",0.5,25,3033.654201934272
74,"[4.1814528 4.1772795 4.1742477 4.1722794 4.170547  4.1692476 4.1679487
 4.1670036 4.1662164 4.1652322 4.1646414 4.1641297 4.1635785 4.1630664]",0.5,25,3032.2943349477778
75,"[4.1814132 4.1771216 4.1742477 4.1720428 4.1705074 4.1690507 4.1680274
 4.1670432 4.1660585 4.1654286 4.1646023 4.1640511 4.1636176 4.163106 ]",0.5,25,3030.894674449871
76,"[4.1815314 4.1771612 4.174366  4.172122  4.1706653 4.1692085 4.1679091
 4.1670432 4.1659799 4.16535   4.164681  4.1640902 4.1637359 4.1631846]",0.5,25,3030.1106704452864
77,"[4.1815314 4.177043  4.1741691 4.1719251 4.1702714 4.1688933 4.1675944
 4.1666889 4.1657834 4.1651926 4.1644444 4.1640115 4.1633029 4.1627913]",0.5,25,3028.313716043428
78,"[4.1815314 4.1771216 4.1743264 4.1722007 4.1703501 4.1690903 4.1679487
 4.1668067 4.1661377 4.1653895 4.1647201 4.1641688 4.1636176 4.1629877]",0.5,25,3027.566828624948
79,"[4.1814919 4.1770825 4.1742082 4.1720824 4.170311  4.1690507 4.1677518
 4.1667676 4.1659799 4.1651139 4.1647987 4.1640511 4.1635785 4.1628699]",0.5,25,3026.251707298584
80,"[4.1816888 4.1772003 4.1744051 4.172122  4.1703897 4.1691298 4.1680665
 4.1668854 4.1660585 4.1652322 4.1647201 4.1640902 4.1634603 4.1630664]",0.5,25,3025.189117239448
81,"[4.1816101 4.1772795 4.1743264 4.1722398 4.1704288 4.1690507 4.1679487
 4.1668067 4.1660585 4.1652322 4.164681  4.1639328 4.1635389 4.1630664]",0.5,25,3023.91263161974
82,"[4.1814132 4.1770039 4.1741691 4.1719642 4.1702318 4.1688542 4.1677909
 4.1666493 4.1657834 4.1651926 4.164681  4.1640115 4.1633816 4.162909 ]",0.5,25,3022.539148459743
83,"[4.1814919 4.1769643 4.1740904 4.1719251 4.170114  4.1690507 4.1677122
 4.166728  4.1658225 4.1650352 4.1644444 4.1639328 4.1633029 4.162909 ]",0.5,25,3021.640643204345
84,"[4.1814528 4.1768856 4.1740117 4.1718464 4.1702318 4.168736  4.1675944
 4.1668067 4.1657043 4.164917  4.1643658 4.1637359 4.1632633 4.1629486]",0.5,25,3019.522917331411
85,"[4.1813736 4.177043  4.1741295 4.1720037 4.1703501 4.1687751 4.1676731
 4.1667676 4.1659408 4.1650743 4.1644444 4.1639719 4.1634212 4.162909 ]",0.5,25,3018.617800298124
86,"[4.1814919 4.1769643 4.1740904 4.1720428 4.1701927 4.1690507 4.1676335
 4.1666889 4.1658225 4.1651139 4.1643267 4.1639328 4.1631846 4.1628699]",0.5,25,3017.612283135441
87,"[4.1815314 4.1769247 4.1741295 4.1719642 4.1702318 4.1688933 4.1676335
 4.1666493 4.1657834 4.1651926 4.1645231 4.1638932 4.1634212 4.162909 ]",0.5,25,3016.4336637348106
88,"[4.1814919 4.1770039 4.1740508 4.1720824 4.1701531 4.1688542 4.1677518
 4.1667676 4.1658225 4.1649957 4.164484  4.1638145 4.1632242 4.1628699]",0.5,25,3015.364274958632
89,"[4.1814132 4.177043  4.1741691 4.1718855 4.1702714 4.1687751 4.1675549
 4.1666098 4.1657438 4.164917  4.1644053 4.1636968 4.1633029 4.162673 ]",0.5,25,3014.237913707815
90,"[4.1812558 4.1768856 4.1739721 4.1718464 4.1700745 4.1687751 4.1675944
 4.1665707 4.1656651 4.1650743 4.1643267 4.1637754 4.1631455 4.1627517]",0.5,25,3013.12918152425
91,"[4.1812949 4.176846  4.173933  4.1718855 4.1699562 4.1686177 4.1675549
 4.166492  4.1657438 4.1647987 4.1641688 4.1635785 4.163106  4.1627517]",0.5,25,3011.833808522272
92,"[4.1812949 4.176846  4.1740508 4.1718068 4.1701927 4.168736  4.1674762
 4.1665311 4.1657834 4.1650743 4.1642084 4.1636572 4.1631846 4.162673 ]",0.5,25,3010.945470068763
93,"[4.1812162 4.1769247 4.1739721 4.1718464 4.170114  4.1687751 4.1674762
 4.1665707 4.1657043 4.1649957 4.1641297 4.1634998 4.1630664 4.1625943]",0.5,25,3009.803846665714
94,"[4.1813736 4.1769643 4.173933  4.1718068 4.1701927 4.1687751 4.1675153
 4.166492  4.1657438 4.1648383 4.1642475 4.1635389 4.1631846 4.1627121]",0.5,25,3009.003478878716
95,"[4.1811771 4.1769643 4.1738148 4.1716099 4.170114  4.1687751 4.1674762
 4.1665311 4.1655469 4.1649957 4.1642084 4.1636572 4.1630664 4.1627121]",0.5,25,3007.843373077529
96,"[4.181098  4.1768069 4.1738539 4.1717281 4.1699958 4.1685786 4.1673975
 4.1664524 4.1655865 4.164917  4.1640115 4.1636968 4.1630273 4.1625943]",0.5,25,3006.906625146486
97,"[4.1812162 4.1767282 4.173933  4.1717281 4.1699958 4.1685786 4.1673579
 4.1662951 4.1655078 4.164917  4.1640902 4.1636968 4.1629486 4.1624365]",0.5,25,3005.7888743090853
98,"[4.1811376 4.1767282 4.1736574 4.1717281 4.1700354 4.1685786 4.1672006
 4.1662555 4.1655078 4.1646023 4.1639328 4.1635389 4.1628304 4.1623187]",0.5,25,3004.671506241728
99,"[4.1812558 4.1768069 4.173933  4.1718464 4.1701531 4.168736  4.1673975
 4.1662951 4.1654682 4.1648383 4.1642084 4.1636968 4.1629486 4.1624365]",0.5,25,3004.01633812771
100,"[4.1811376 4.177043  4.1738148 4.1718068 4.1699958 4.168539  4.1675549
 4.1664133 4.1656651 4.1647201 4.1641297 4.1634998 4.1629877 4.1625156]",0.5,25,3003.399946137833
101,"[4.1813736 4.1767673 4.1738539 4.1717281 4.1700745 4.168539  4.1675153
 4.1663342 4.1655078 4.164681  4.1640115 4.1634998 4.162909  4.1623578]",0.5,25,3002.412661471082
103,"[4.1812558 4.1766496 4.1738539 4.1715312 4.1698775 4.1683421 4.1672397
 4.1662555 4.1652322 4.1647201 4.1640115 4.1632242 4.1627517 4.1622791]",0.5,25,3001.402773747016
104,"[4.1811376 4.1767673 4.1736574 4.1714916 4.1698775 4.1683421 4.1671219
 4.1661768 4.1652713 4.1644444 4.1639719 4.1632242 4.1627913 4.1622791]",0.5,25,3000.110008587785
105,"[4.1810193 4.1767673 4.1738935 4.1718068 4.1697989 4.1684999 4.1673579
 4.1663342 4.1655865 4.1646023 4.1640115 4.1633029 4.1628699 4.16224  ]",0.5,25,2999.10259155653
106,"[4.1810589 4.17661   4.1737361 4.1714916 4.1697989 4.1683421 4.1672006
 4.1661377 4.1652713 4.1645231 4.1639719 4.1631846 4.1625943 4.1622005]",0.5,25,2998.021721656086
107,"[4.1808619 4.17661   4.1736178 4.1716099 4.1699171 4.1684999 4.1673188
 4.1662164 4.1651926 4.1646414 4.1638145 4.1631455 4.1627121 4.1623578]",0.5,25,2996.4251978481734
108,"[4.1809015 4.1767673 4.1737752 4.1714916 4.1698775 4.1683421 4.1672006
 4.1662951 4.1653895 4.1645231 4.1636968 4.1632242 4.162673  4.1622791]",0.5,25,2995.408798332655
109,"[4.1809406 4.17661   4.1735392 4.1715312 4.1697202 4.1682243 4.1670432
 4.1662164 4.1651926 4.1645231 4.1636968 4.1631455 4.1625943 4.1621218]",0.5,25,2994.400089833579
110,"[4.1808224 4.1766887 4.1735783 4.1714525 4.1698384 4.1684208 4.1670432
 4.1660194 4.1652713 4.1643658 4.1638145 4.1630273 4.1625943 4.1621609]",0.5,25,2993.3307774974232
111,"[4.1808619 4.1764131 4.1735392 4.1712952 4.1696415 4.1679878 4.166925
 4.1659799 4.1651139 4.1642475 4.1636176 4.1630664 4.1625156 4.1621218]",0.5,25,2992.29145838284
112,"[4.1807833 4.1765704 4.1734209 4.1710982 4.1693659 4.1680274 4.1668854
 4.1659012 4.1649957 4.1641688 4.1635389 4.1630664 4.1623974 4.1618066]",0.5,25,2991.083837503389
113,"[4.1809802 4.1765704 4.1736178 4.1714525 4.1697202 4.1682243 4.1670823
 4.1659408 4.1651926 4.1644053 4.1636572 4.1631455 4.1625943 4.1620035]",0.5,25,2990.538321560737
114,"[4.1808619 4.1764526 4.1735783 4.1712556 4.1695232 4.1681061 4.1670036
 4.1659012 4.1651139 4.1643658 4.1636968 4.1630273 4.1624365 4.1622005]",0.5,25,2989.481326604681
115,"[4.1807437 4.1764917 4.1735783 4.1712952 4.1697202 4.1681452 4.1670823
 4.1659799 4.1651926 4.1644053 4.1636968 4.1631455 4.1624761 4.1619644]",0.5,25,2988.6862734449624
116,"[4.1809015 4.1762948 4.1734605 4.1712165 4.1694055 4.1681452 4.1670823
 4.1657043 4.1650352 4.1642084 4.1634998 4.1630273 4.1623578 4.1618462]",0.5,25,2987.6127998357483
117,"[4.1809406 4.176374  4.1736178 4.1713343 4.1696019 4.1681061 4.1668854
 4.1659799 4.1650743 4.1641688 4.1636176 4.1629486 4.1623974 4.1618462]",0.5,25,2986.841023952095
118,"[4.1808619 4.176374  4.1733027 4.1713738 4.1695628 4.1681848 4.1668067
 4.1657438 4.1649957 4.1642475 4.1635785 4.162909  4.1623974 4.1618066]",0.5,25,2985.376030507539
119,"[4.1809015 4.176374  4.1734605 4.1712952 4.1695628 4.1681848 4.1669641
 4.1660194 4.1651139 4.1643267 4.1635389 4.1629486 4.1623974 4.1619248]",0.5,25,2984.641190368111
120,"[4.1807833 4.1764526 4.1734996 4.1712165 4.1695628 4.1681452 4.166925
 4.1657834 4.1647987 4.1642475 4.1636572 4.162909  4.1622791 4.1616888]",0.5,25,2983.6702708893517
121,"[4.1808224 4.1762948 4.1734209 4.1711769 4.1697202 4.1679878 4.166728
 4.1659408 4.1650352 4.164484  4.1634603 4.1630273 4.1623187 4.1618462]",0.5,25,2982.917703956296
122,"[4.1808224 4.17661   4.1734996 4.1712952 4.1696415 4.1681452 4.1670036
 4.1659408 4.1650352 4.1642871 4.1635785 4.1629877 4.1623187 4.1619644]",0.5,25,2982.15246861518
123,"[4.1807437 4.1763344 4.1733027 4.1712952 4.1693659 4.1680274 4.1667676
 4.1657438 4.1649957 4.1642871 4.1634603 4.162909  4.1623578 4.1617279]",0.5,25,2981.150553661972
124,"[4.180665  4.1763344 4.1732635 4.1713343 4.1694446 4.1679091 4.1668854
 4.1657043 4.1647201 4.1639719 4.163342  4.1628304 4.16224   4.1616492]",0.5,25,2979.6528057925066
125,"[4.1809015 4.1764526 4.1733818 4.1710982 4.1696019 4.1680665 4.166925
 4.1659012 4.1651139 4.1640511 4.1634998 4.162909  4.1623187 4.1618857]",0.5,25,2978.972243764241
126,"[4.1809015 4.1764526 4.1733027 4.1711769 4.1694055 4.1679487 4.1668067
 4.1657834 4.1648774 4.1641297 4.1634603 4.1629486 4.16224   4.1616888]",0.5,25,2978.1595788258173
127,"[4.1807046 4.1764131 4.1734209 4.1712165 4.1696019 4.1679091 4.1669641
 4.1657834 4.1647987 4.1641688 4.1634603 4.1628699 4.1623187 4.1617279]",0.5,25,2977.3239391478137
128,"[4.1807437 4.1762948 4.1733422 4.1710587 4.1695232 4.1679878 4.1668463
 4.1658621 4.1647596 4.1641297 4.1634603 4.1629877 4.16224   4.1616888]",0.5,25,2976.6683797776946
129,"[4.1807046 4.176374  4.1733422 4.1710982 4.1693263 4.1679091 4.1667676
 4.1657438 4.1647987 4.1641297 4.1632242 4.1627517 4.1621609 4.1617675]",0.5,25,2975.705421904433
130,"[4.1807437 4.1760983 4.1733422 4.1710196 4.1694055 4.1678696 4.1668463
 4.1657043 4.1647987 4.1641297 4.1633029 4.1627121 4.1622791 4.1616492]",0.5,25,2975.01760141859
131,"[4.1807437 4.1763344 4.1732635 4.1710196 4.1692872 4.1678305 4.1666889
 4.1658225 4.1650352 4.1640115 4.163342  4.1627913 4.1620822 4.1616101]",0.5,25,2974.100460616999
132,"[4.180665  4.1761374 4.1733818 4.1710982 4.1693263 4.1678305 4.166728
 4.1655469 4.1647987 4.1639328 4.163342  4.162673  4.1621609 4.1616888]",0.5,25,2973.198686571727
133,"[4.1805863 4.1761374 4.1729879 4.1708617 4.1691298 4.1677122 4.166492
 4.1654286 4.1645627 4.1638145 4.163106  4.1626334 4.1620035 4.1613345]",0.5,25,2972.050061509463
134,"[4.1805472 4.1760983 4.1732635 4.17098   4.1692872 4.1676731 4.166492
 4.1653895 4.1646414 4.1638145 4.1632633 4.1625943 4.1620035 4.1615705]",0.5,25,2971.296853023953
135,"[4.180665  4.176177  4.1731453 4.17098   4.1692872 4.1678696 4.1666098
 4.1656651 4.1648383 4.1638541 4.1631455 4.1627121 4.1620431 4.1616101]",0.5,25,2970.679346781141
136,"[4.1807437 4.176177  4.1733422 4.1710982 4.1694841 4.1679878 4.1666098
 4.1656256 4.1648383 4.1638932 4.1632242 4.1627121 4.1621218 4.1616888]",0.5,25,2970.044912389732
137,"[4.1806259 4.176374  4.1731849 4.1711769 4.1692872 4.1678696 4.1667676
 4.1655469 4.1647987 4.1639328 4.1633029 4.1627913 4.1620431 4.1616492]",0.5,25,2969.279461137424
138,"[4.1805472 4.1763344 4.1730666 4.1709409 4.1693263 4.1677909 4.1665311
 4.1653895 4.1645627 4.1639328 4.1631455 4.1625943 4.1620822 4.1614919]",0.5,25,2968.2934439255123
139,"[4.1805472 4.1762161 4.1731062 4.17098   4.1692085 4.1678305 4.1665311
 4.1655469 4.1647201 4.1638145 4.163106  4.162673  4.1620035 4.1616101]",0.5,25,2967.556110482581
140,"[4.1805863 4.1760588 4.1732635 4.1709013 4.1692085 4.1676731 4.166492
 4.1655469 4.1646023 4.1638145 4.1631455 4.1625943 4.1621218 4.1614523]",0.5,25,2966.591320589056
141,"[4.1806259 4.176177  4.173224  4.1709013 4.1692476 4.1676731 4.1665707
 4.1655469 4.164484  4.1638145 4.163106  4.1625943 4.1620035 4.161531 ]",0.5,25,2965.802316986762
142,"[4.180429  4.1760192 4.1729484 4.1708617 4.1688542 4.1676731 4.1664133
 4.1652713 4.1645231 4.1636572 4.1630273 4.1624761 4.1617279 4.1613345]",0.5,25,2965.4295108436377
143,"[4.1805077 4.1760588 4.1731453 4.1707044 4.1690903 4.1677518 4.1664133
 4.1653109 4.1645231 4.1636572 4.1628699 4.1624761 4.1620035 4.1614132]",0.5,25,2964.0785673238097
144,"[4.1805077 4.1760588 4.1729484 4.170783  4.1692476 4.1676335 4.1664524
 4.1654286 4.1645231 4.1636176 4.1631455 4.1623974 4.1617675 4.1614523]",0.5,25,2963.3668783740222
145,"[4.1805077 4.1760192 4.1730275 4.170783  4.168972  4.1677122 4.1663342
 4.1654682 4.1645231 4.1638541 4.1629877 4.1623578 4.1617675 4.1613736]",0.5,25,2962.667940537381
146,"[4.1803894 4.1758618 4.1729879 4.170783  4.1689329 4.1674762 4.1662555
 4.1653895 4.164484  4.1636572 4.1629877 4.1623578 4.1617279 4.1612163]",0.5,25,2961.648252733291
147,"[4.1805077 4.1761374 4.1730666 4.170783  4.1690903 4.1677909 4.1663737
 4.1654286 4.164484  4.1637754 4.1629877 4.1623974 4.1619248 4.1613736]",0.5,25,2961.370023336181
148,"[4.1803503 4.1760192 4.1728697 4.1708226 4.1690903 4.1675549 4.1661377
 4.1653895 4.1643267 4.1635785 4.1628304 4.1623187 4.1616492 4.1611376]",0.5,25,2960.09620858561
149,"[4.1805077 4.1758618 4.1730275 4.1708226 4.1690507 4.1675153 4.1664133
 4.16535   4.1645627 4.1635785 4.162909  4.1623974 4.1617675 4.1612554]",0.5,25,2959.585384969212
150,"[4.1805472 4.1759801 4.1729484 4.1706653 4.1688147 4.1675549 4.1662951
 4.1652322 4.1641688 4.1634998 4.1627913 4.1621609 4.1616492 4.1610589]",0.5,25,2958.6077583393017
151,"[4.1804681 4.1759801 4.1729879 4.1707439 4.1688933 4.1675549 4.1661377
 4.1652322 4.1643267 4.1635389 4.1627517 4.1623578 4.1616492 4.1612554]",0.5,25,2957.9229478860134
152,"[4.180429  4.1760192 4.1729879 4.1707439 4.1688933 4.1673188 4.1662164
 4.1652322 4.1642871 4.1635389 4.1627913 4.1621609 4.1616492 4.1610589]",0.5,25,2957.0624302544456
154,"[4.1804681 4.1758227 4.1729484 4.1706653 4.1688542 4.1674366 4.1662164
 4.1653109 4.1642475 4.1635785 4.1627517 4.1621609 4.1616888 4.1610589]",0.5,25,2956.834370400257
155,"[4.1803107 4.1759405 4.1729484 4.1706653 4.1689329 4.1674762 4.1660981
 4.1649957 4.1644053 4.1634212 4.1628304 4.1621609 4.1616492 4.1610193]",0.5,25,2955.879869042832
156,"[4.1804681 4.1758618 4.1727123 4.1706653 4.1688542 4.1674366 4.1660585
 4.1652322 4.1642475 4.1634212 4.1627517 4.1620822 4.1616101 4.1609802]",0.5,25,2954.808104630943
157,"[4.1802716 4.1757832 4.1727519 4.1705861 4.168736  4.1673975 4.1662164
 4.1650743 4.1642084 4.1634212 4.1627517 4.1622005 4.1614523 4.1609802]",0.5,25,2953.825869438474
158,"[4.180232  4.1759801 4.1727123 4.1706257 4.1688147 4.1673188 4.1662164
 4.1650743 4.1640902 4.1633029 4.1628304 4.1619644 4.1614523 4.161098 ]",0.5,25,2952.974065912272
159,"[4.1802716 4.1757832 4.1727123 4.1705861 4.1690507 4.1673188 4.1659799
 4.1650352 4.1641688 4.1634603 4.1625547 4.1621218 4.1615705 4.1610193]",0.5,25,2952.103995192601
160,"[4.180232  4.1758227 4.1726727 4.1705861 4.1686964 4.1672397 4.1659799
 4.1649566 4.1641688 4.163342  4.1627913 4.1618857 4.161531  4.160862 ]",0.5,25,2951.2775978856043
161,"[4.1803107 4.1759014 4.1728306 4.1705861 4.1688933 4.1673579 4.1660585
 4.1649566 4.1641688 4.1632242 4.1625943 4.1620431 4.1614523 4.1609406]",0.5,25,2950.502598051216
162,"[4.1802716 4.1757441 4.172791  4.1705074 4.168539  4.1672397 4.1660194
 4.1649957 4.1641688 4.1633029 4.1625943 4.1620431 4.1614919 4.1609406]",0.5,25,2949.856643698728
163,"[4.1803107 4.1757441 4.172791  4.1706653 4.168539  4.1672006 4.1660194
 4.1650352 4.1641688 4.1632633 4.1625547 4.1620822 4.1614132 4.1610193]",0.5,25,2949.0203804087987
164,"[4.1803894 4.1756258 4.172791  4.170547  4.1686573 4.1672397 4.1659408
 4.1649957 4.1641297 4.1632633 4.1625547 4.1618066 4.161531  4.160862 ]",0.5,25,2948.339809457602
165,"[4.1801138 4.1756258 4.1726336 4.170311  4.168539  4.1670823 4.1657438
 4.1649957 4.1640115 4.1631455 4.1623578 4.1617279 4.1612554 4.1607046]",0.5,25,2947.294176498753
166,"[4.1801138 4.1757441 4.172555  4.170311  4.1683817 4.1671219 4.1658225
 4.1648383 4.1639328 4.1631846 4.1623187 4.1618857 4.1612554 4.1607046]",0.5,25,2946.538100438636
167,"[4.1800747 4.1754289 4.172358  4.1701531 4.1684208 4.1669641 4.1657438
 4.164681  4.1637754 4.1631455 4.1622791 4.1618066 4.161098  4.1606255]",0.5,25,2945.597926173366
168,"[4.1800747 4.1756258 4.1727123 4.170311  4.168736  4.1670036 4.1658225
 4.164681  4.1638932 4.163106  4.1624365 4.1617675 4.1611767 4.1606255]",0.5,25,2945.098095408257
169,"[4.1799169 4.1754684 4.172555  4.1703897 4.1686177 4.1671219 4.1657834
 4.164681  4.1637359 4.1630273 4.1623187 4.1616888 4.1611376 4.1606255]",0.5,25,2944.296573470866
170,"[4.180232  4.1756649 4.1725941 4.170311  4.168539  4.167161  4.1658621
 4.1647201 4.1638932 4.1629877 4.1623578 4.1618462 4.1610589 4.1607046]",0.5,25,2943.741546462674
171,"[4.1802716 4.1756649 4.1727123 4.1702714 4.1686573 4.1670432 4.1659012
 4.164681  4.1638541 4.163106  4.1623187 4.1617279 4.1611767 4.160665 ]",0.5,25,2943.0761072477208
172,"[4.1801138 4.1756649 4.1725941 4.1704288 4.1684208 4.1670036 4.1658225
 4.1647596 4.1639719 4.1632242 4.1623187 4.1617279 4.1612554 4.160665 ]",0.5,25,2942.270217284613
173,"[4.1801138 4.1756649 4.172555  4.1702318 4.1684208 4.1670432 4.1658225
 4.1647987 4.1637754 4.163106  4.1623974 4.1617279 4.161098  4.1606255]",0.5,25,2941.616299239366
174,"[4.1799564 4.1755862 4.1724367 4.1702714 4.1684604 4.1669641 4.1659799
 4.1647987 4.1637754 4.1629877 4.1623578 4.1618066 4.1612949 4.1605864]",0.5,25,2940.888022207302
175,"[4.1799564 4.1755862 4.1723185 4.1702318 4.1683817 4.166925  4.1656651
 4.1647201 4.1639719 4.162909  4.1622791 4.1615705 4.1610193 4.1605864]",0.5,25,2939.970010171982
176,"[4.179996  4.1754684 4.1724763 4.1703501 4.168539  4.1670432 4.1655865
 4.1646414 4.1637754 4.162909  4.1623974 4.1616101 4.1609802 4.1605077]",0.5,25,2939.3063716695174
177,"[4.1799564 4.1754289 4.1725941 4.1700745 4.1683421 4.1670432 4.1655865
 4.164681  4.1637359 4.162909  4.1622005 4.1616101 4.1609802 4.1605468]",0.5,25,2938.530768449026
178,"[4.1799169 4.1754289 4.1725941 4.1702714 4.1684208 4.166925  4.1656651
 4.1645627 4.1636968 4.1628304 4.1620431 4.1615705 4.161098  4.1605864]",0.5,25,2937.8273871822103
179,"[4.1801138 4.1755075 4.1724367 4.1703897 4.1682634 4.1668854 4.1655469
 4.1646023 4.1636176 4.1629486 4.1622791 4.1616101 4.1609802 4.160429 ]",0.5,25,2937.076974596489
180,"[4.1800351 4.1754684 4.1724367 4.1701927 4.1683421 4.166925  4.1657043
 4.1645627 4.1637359 4.1630273 4.1622005 4.161531  4.1609802 4.1605077]",0.5,25,2936.3377323744
181,"[4.1797991 4.1753106 4.1722794 4.1701927 4.1682243 4.1668067 4.1657043
 4.1646414 4.1636572 4.1627517 4.1620431 4.1614523 4.160862  4.160429 ]",0.5,25,2935.447663742812
182,"[4.1799169 4.1754289 4.1722794 4.1699958 4.1682634 4.1668463 4.1655865
 4.1644053 4.1636968 4.1627121 4.1620035 4.1613736 4.1609011 4.1603498]",0.5,25,2934.887522919789
183,"[4.1798778 4.1755075 4.1722794 4.1699562 4.1681061 4.1668067 4.1655078
 4.1646414 4.1636572 4.1629877 4.1620822 4.1614132 4.1609406 4.160429 ]",0.5,25,2934.311396277536
184,"[4.1799564 4.1754289 4.172358  4.1701531 4.1683421 4.1668854 4.1655469
 4.1646414 4.1636572 4.162909  4.1621218 4.1614132 4.160862  4.1606255]",0.5,25,2933.609679325088
185,"[4.1798778 4.1753502 4.1723971 4.170114  4.1683817 4.166728  4.1656651
 4.164484  4.1634998 4.1627121 4.1620431 4.1614523 4.1609802 4.1603894]",0.5,25,2932.914404461943
186,"[4.1798382 4.1753106 4.1722398 4.1699958 4.1682634 4.166492  4.1655865
 4.1642871 4.1634212 4.162673  4.1620431 4.1612163 4.1608224 4.1602321]",0.5,25,2931.97248951294
187,"[4.1796808 4.1751928 4.1722398 4.1698775 4.1680665 4.1666098 4.1654286
 4.1642084 4.1633816 4.1625156 4.1620431 4.1614132 4.1607437 4.1602712]",0.5,25,2931.1744512940822
188,"[4.1798778 4.1754289 4.1723185 4.1700745 4.1681452 4.1666098 4.1652713
 4.1642871 4.1636572 4.162673  4.1618462 4.1611767 4.160665  4.1602321]",0.5,25,2930.650229396699
189,"[4.1798778 4.1752319 4.172122  4.1697989 4.1681452 4.1666098 4.1655078
 4.1644444 4.1634998 4.1627121 4.1619248 4.1614523 4.1607833 4.1602712]",0.5,25,2929.9008355673545
190,"[4.1798382 4.1753893 4.1723971 4.1700354 4.1682243 4.1666889 4.1655078
 4.164484  4.1635785 4.1626334 4.1618462 4.1613345 4.1607833 4.1602321]",0.5,25,2929.319560823292
191,"[4.1798382 4.1751137 4.1722007 4.1698775 4.1680274 4.1665707 4.1653895
 4.1643267 4.1633816 4.1624365 4.1619248 4.1612163 4.1605864 4.1600747]",0.5,25,2928.364627221001
192,"[4.1796808 4.1752319 4.1722007 4.1698384 4.1680274 4.1665707 4.1653109
 4.1642871 4.1633029 4.1623578 4.1617279 4.1610193 4.1607046 4.1599565]",0.5,25,2927.405005772162
193,"[4.1797595 4.1752715 4.172122  4.1697202 4.1680274 4.1665311 4.1653109
 4.1641688 4.1631846 4.1624761 4.1616888 4.1610589 4.1605077 4.1599565]",0.5,25,2926.647766046548
194,"[4.1798382 4.1751928 4.1722007 4.1698775 4.1680274 4.1665707 4.16535
 4.1643658 4.1632633 4.1624365 4.1618857 4.161098  4.1605864 4.1601534]",0.5,25,2926.1893144458004
195,"[4.1797595 4.1751533 4.1722007 4.1698775 4.1680665 4.1664524 4.1653109
 4.1642084 4.1632633 4.1625547 4.1616888 4.1611376 4.1605864 4.1600351]",0.5,25,2925.401240975345
196,"[4.1797595 4.1751928 4.1721611 4.1698775 4.168303  4.1666098 4.1652713
 4.1643267 4.163342  4.1625156 4.1619248 4.1612163 4.160665  4.1600747]",0.5,25,2924.834494829781
197,"[4.1796808 4.1752715 4.1720428 4.1697598 4.1679878 4.1666493 4.1652713
 4.1643658 4.163342  4.1623974 4.1618462 4.1611767 4.1605077 4.1601138]",0.5,25,2924.166954367538
198,"[4.1796412 4.1751137 4.1722007 4.1698775 4.1679878 4.1666098 4.1652713
 4.1643267 4.1633029 4.1623974 4.1617675 4.161098  4.1604681 4.1599565]",0.5,25,2923.3171271895367
199,"[4.1797204 4.1751533 4.1720824 4.1698384 4.1681061 4.1664524 4.1652322
 4.1643267 4.1631455 4.1624761 4.1616888 4.1612163 4.1605468 4.1600351]",0.5,25,2922.719981758084
200,"[4.1796412 4.1751137 4.1721611 4.1697598 4.1680274 4.1665707 4.16535
 4.1642475 4.1631455 4.1624761 4.1617675 4.1611376 4.1605864 4.1601138]",0.5,25,2922.126092153052
201,"[4.1797204 4.1751137 4.172122  4.1697989 4.1680665 4.1665707 4.1652322
 4.1640902 4.1632633 4.1625547 4.1617675 4.1610589 4.1605468 4.1599169]",0.5,25,2921.286488570555
202,"[4.1795235 4.1751533 4.1720824 4.1696806 4.1679487 4.1663737 4.1651139
 4.1638932 4.1630664 4.1622791 4.1615705 4.1609802 4.1603107 4.1597595]",0.5,25,2920.320519494765
203,"[4.1799169 4.1751533 4.1722007 4.1697598 4.1680274 4.1664133 4.1653895
 4.1641297 4.1631846 4.1623974 4.1617279 4.1609802 4.1604681 4.1599169]",0.5,25,2919.94077805515
205,"[4.1796021 4.1750746 4.1719642 4.1697202 4.1678305 4.1663737 4.1650352
 4.1639328 4.1629877 4.1622005 4.1615705 4.1606255 4.1603107 4.1597595]",0.5,25,2919.381904516605
206,"[4.1796021 4.1749959 4.1718464 4.1697989 4.1679487 4.1662951 4.1649957
 4.1640511 4.1630273 4.1622005 4.1615705 4.1608224 4.1602712 4.1597991]",0.5,25,2918.462628427327
207,"[4.1797204 4.1749959 4.1718464 4.1697202 4.1677518 4.1662555 4.1650352
 4.1640511 4.163106  4.1623187 4.1615705 4.1610193 4.1603498 4.1597595]",0.5,25,2917.631575192191
208,"[4.1796021 4.1749563 4.172122  4.1695628 4.1678305 4.1663737 4.1649566
 4.1638541 4.1628699 4.1622005 4.1614132 4.160862  4.1602321 4.1596808]",0.5,25,2916.715725994333
209,"[4.1794839 4.1749172 4.1718855 4.1694841 4.1676335 4.1662555 4.1647987
 4.1638932 4.1629877 4.1621609 4.1614523 4.1607833 4.1601925 4.1597199]",0.5,25,2915.724852821454
210,"[4.1795235 4.1748385 4.1718855 4.1694446 4.1677518 4.1660981 4.164917
 4.1638145 4.1629486 4.1622791 4.1613736 4.1607046 4.1602321 4.1595626]",0.5,25,2914.8951942881927
211,"[4.1796021 4.175035  4.1718068 4.1694055 4.1675944 4.1663342 4.1650352
 4.1638932 4.162909  4.1620822 4.1612163 4.1607046 4.1601925 4.1594839]",0.5,25,2914.1724202365413
212,"[4.1794839 4.1749563 4.1718068 4.1696019 4.1676335 4.1664133 4.1649957
 4.1638932 4.162909  4.1621609 4.1613345 4.160862  4.1603107 4.1596022]",0.5,25,2913.526562665474
213,"[4.1793265 4.1748385 4.1716495 4.1694446 4.1676335 4.1660981 4.1647596
 4.1636572 4.1627913 4.1619644 4.1612163 4.160665  4.1600351 4.1593657]",0.5,25,2912.539203696427
214,"[4.1794448 4.174799  4.1718855 4.1695232 4.1676731 4.1663342 4.164917
 4.1638541 4.162909  4.1621218 4.1614132 4.1607833 4.1600747 4.1596413]",0.5,25,2912.1587886071807
215,"[4.1794052 4.174799  4.1716886 4.1694841 4.1675549 4.1661377 4.1647987
 4.1638932 4.1629486 4.1620035 4.1611767 4.1606255 4.1600747 4.1593266]",0.5,25,2911.390532109913
216,"[4.1793661 4.1748385 4.1718464 4.1694446 4.1674366 4.1659012 4.1647987
 4.1634998 4.162673  4.1618857 4.1611767 4.1604681 4.1599565 4.1593266]",0.5,25,2910.5375573704687
217,"[4.1795626 4.174799  4.1718068 4.1693263 4.1675153 4.1659799 4.1647987
 4.1636572 4.1627517 4.1618857 4.1612949 4.160665  4.1598382 4.1594839]",0.5,25,2909.892286040176
218,"[4.1793661 4.1748776 4.1716886 4.1693263 4.1674762 4.1660981 4.1645231
 4.1636968 4.1627913 4.1620035 4.161098  4.1604681 4.1597595 4.1592479]",0.5,25,2908.970810563151
219,"[4.1794448 4.1746807 4.1716886 4.1694446 4.1675153 4.1659408 4.164681
 4.1636572 4.1626334 4.1618857 4.161098  4.1604681 4.1599169 4.159287 ]",0.5,25,2908.1902323992213
220,"[4.1792479 4.1746416 4.1717281 4.1692476 4.1673579 4.1658621 4.1646023
 4.1634998 4.1627121 4.1617279 4.1611767 4.1603894 4.1597991 4.1593657]",0.5,25,2907.4025294722496
221,"[4.1795235 4.1748776 4.1716886 4.1693263 4.1676731 4.1660194 4.1647596
 4.1635785 4.1627913 4.1619644 4.1611767 4.1607046 4.1598382 4.159287 ]",0.5,25,2907.0029807276737
222,"[4.1797991 4.1751533 4.1721611 4.1700354 4.1681061 4.1666889 4.1655469
 4.1642871 4.1635785 4.1626334 4.1620431 4.1613345 4.1608224 4.1601138]",0.5,25,2908.5315997113707
223,"[4.1794839 4.174799  4.1718464 4.1694446 4.1677518 4.1660585 4.1649957
 4.1639719 4.1627913 4.1621218 4.1613736 4.1607046 4.1601534 4.1595626]",0.5,25,2906.30537756673
224,"[4.1793265 4.1748385 4.1714525 4.1692476 4.1674762 4.1659408 4.1646023
 4.1635785 4.1626334 4.1617279 4.1609406 4.160429  4.1597199 4.159287 ]",0.5,25,2904.71419466078
225,"[4.1795626 4.1748385 4.1716099 4.1694055 4.1675153 4.1658621 4.1646414
 4.1635389 4.1627121 4.1617279 4.161098  4.160429  4.1598382 4.1591692]",0.5,25,2903.975112053903
226,"[4.1792479 4.1748776 4.1715708 4.1693263 4.1673188 4.1659408 4.164681
 4.1634603 4.1625547 4.1618462 4.1609406 4.1603498 4.1596808 4.1591692]",0.5,25,2903.28330622369
227,"[4.179287  4.1747594 4.1716886 4.1694446 4.1675549 4.1658621 4.1647201
 4.1634998 4.1626334 4.1616492 4.1609802 4.160429  4.1596022 4.1591296]",0.5,25,2902.539863865016
228,"[4.1794839 4.1748385 4.1716099 4.1693659 4.1675153 4.1659408 4.1647596
 4.1635785 4.1626334 4.1618066 4.161098  4.1604681 4.1598382 4.1594052]",0.5,25,2902.231652622341
229,"[4.1793265 4.1746807 4.1713738 4.1691689 4.1673579 4.1657834 4.1645627
 4.1634603 4.1625547 4.1616492 4.1609802 4.1602321 4.1595626 4.15909  ]",0.5,25,2901.0367085816792
230,"[4.1792083 4.174602  4.1714525 4.1692085 4.167161  4.1658621 4.164484
 4.1634603 4.1625547 4.1617279 4.1610193 4.1601925 4.1597199 4.15909  ]",0.5,25,2900.252059288739
231,"[4.179287  4.174602  4.1714525 4.1692476 4.1674366 4.1659012 4.1645231
 4.163342  4.1625156 4.1615705 4.1608224 4.1602712 4.1597595 4.1590114]",0.5,25,2899.489676761612
232,"[4.1792479 4.174602  4.1715312 4.168972  4.1673188 4.1657438 4.1645231
 4.1633029 4.1625156 4.1616101 4.1609802 4.1602712 4.1595626 4.1592479]",0.5,25,2898.694845571697
233,"[4.1792479 4.174602  4.1714916 4.1691298 4.1672006 4.1658621 4.164484
 4.163342  4.1624365 4.1618066 4.1607437 4.1603107 4.1595626 4.1589327]",0.5,25,2897.917201214192
234,"[4.1792083 4.1745234 4.1713343 4.1691298 4.1672006 4.1657043 4.1644444
 4.1632633 4.1623578 4.1616101 4.1605864 4.1601138 4.1595235 4.158854 ]",0.5,25,2897.0229450950765
235,"[4.1790905 4.1744447 4.1713343 4.1690116 4.167161  4.1656256 4.1643658
 4.1631846 4.1623578 4.161531  4.1605468 4.1601138 4.1595235 4.1588936]",0.5,25,2896.138829821371
236,"[4.1790905 4.1745234 4.1713738 4.1689329 4.1672397 4.1657834 4.1643267
 4.1631846 4.1624365 4.1613345 4.1607833 4.1601138 4.1594443 4.158854 ]",0.5,25,2895.452671866321
237,"[4.1791692 4.1747203 4.1713343 4.1691298 4.167161  4.1655865 4.1644053
 4.1632633 4.1624365 4.1614919 4.1608224 4.1601138 4.1594443 4.1588144]",0.5,25,2895.005669089762
238,"[4.1791692 4.1745234 4.1712556 4.1690116 4.1671219 4.1656256 4.1642871
 4.1632242 4.1623974 4.1614523 4.1605864 4.1598778 4.1593266 4.1586967]",0.5,25,2894.002330212536
239,"[4.1791692 4.1744447 4.1714129 4.1691298 4.1673188 4.1657438 4.1644053
 4.1634212 4.1623578 4.1614523 4.1609011 4.1599956 4.1594052 4.1589723]",0.5,25,2893.546131217718
240,"[4.1790113 4.174366  4.1711769 4.1688933 4.1670432 4.1654682 4.1641297
 4.1630664 4.1620822 4.1612554 4.1605468 4.1597595 4.1591296 4.1586571]",0.5,25,2892.287189167891
241,"[4.1790509 4.1744051 4.1713343 4.1690507 4.1670823 4.1653895 4.1641688
 4.1632633 4.1621218 4.1613736 4.1604681 4.1600351 4.1592479 4.1586967]",0.5,25,2891.747122840846
242,"[4.1790905 4.1744447 4.1714129 4.1688147 4.1671219 4.1656651 4.1644444
 4.1631455 4.1623187 4.1614132 4.160665  4.1600351 4.1593266 4.1587358]",0.5,25,2891.008718452552
243,"[4.1792083 4.1744447 4.1713738 4.1690507 4.1672006 4.1655078 4.1643267
 4.1631846 4.16224   4.1614132 4.1607046 4.1598778 4.1594052 4.1588936]",0.5,25,2890.305226454806
244,"[4.1790509 4.1744838 4.1712556 4.1688933 4.1670823 4.1655865 4.1641297
 4.163106  4.16224   4.1613345 4.160665  4.1599565 4.1592083 4.1587753]",0.5,25,2889.325313656007
245,"[4.178854  4.1742477 4.1712165 4.168972  4.1670823 4.1655078 4.1641688
 4.163106  4.1621218 4.1612163 4.1605468 4.1598382 4.159287  4.1584997]",0.5,25,2888.5397928305388
246,"[4.1792479 4.1745234 4.1712952 4.1687751 4.1670432 4.1655469 4.1642084
 4.1629877 4.1620822 4.1611767 4.1605864 4.1599169 4.1590509 4.1586967]",0.5,25,2887.875428321129
247,"[4.1790905 4.1744447 4.1712165 4.1688147 4.1670036 4.1654682 4.1642475
 4.163106  4.1622005 4.1613345 4.1603894 4.1597199 4.1592083 4.1586571]",0.5,25,2886.9136773984114
248,"[4.1789327 4.1744447 4.1712952 4.168972  4.167161  4.1654286 4.1641688
 4.1631455 4.1621218 4.1612554 4.1604681 4.1599169 4.159287  4.1585388]",0.5,25,2886.196186870387
249,"[4.1791296 4.1744447 4.1713738 4.1688542 4.1670823 4.1655078 4.1642871
 4.1629877 4.1621609 4.1612554 4.1605077 4.1598382 4.1591692 4.1585784]",0.5,25,2885.394197654893
250,"[4.1789327 4.1742082 4.1709409 4.1688933 4.1668463 4.1653895 4.1639719
 4.162909  4.1618857 4.1610589 4.1602712 4.1596022 4.1589327 4.1584601]",0.5,25,2884.3164085475014
251,"[4.1790509 4.174366  4.1714129 4.1689329 4.1670036 4.1655078 4.1643658
 4.1629877 4.1621609 4.1612949 4.1605077 4.1598382 4.1592479 4.1586967]",0.5,25,2884.079327193062
252,"[4.1789327 4.1742477 4.1711769 4.1687751 4.166925  4.1655078 4.1640511
 4.1632242 4.1620431 4.1612949 4.160429  4.1597991 4.1591692 4.1585784]",0.5,25,2883.0643875481533
253,"[4.1789722 4.1742082 4.1712165 4.1688933 4.166925  4.1654682 4.1642084
 4.1629877 4.1620431 4.1611376 4.1603498 4.1597199 4.1591296 4.1584997]",0.5,25,2882.3056718244097
254,"[4.1789327 4.174366  4.1712952 4.1688542 4.1670036 4.16535   4.1642475
 4.1629877 4.1620431 4.1613736 4.160429  4.1597991 4.1592479 4.158618 ]",0.5,25,2881.502246743569
256,"[4.178854  4.1742873 4.1712165 4.1688542 4.1670823 4.1654286 4.1639328
 4.162909  4.1620431 4.1611376 4.1603107 4.1596413 4.1589327 4.1584997]",0.5,25,2881.225742508821
257,"[4.1790509 4.1742873 4.1712556 4.1689329 4.1670823 4.1655865 4.1641688
 4.1629877 4.1620431 4.1612554 4.1605468 4.1597595 4.1591692 4.1585784]",0.5,25,2880.085814186604
258,"[4.1788149 4.1742873 4.17098   4.1688147 4.166925  4.1653109 4.1640902
 4.162909  4.16224   4.1611376 4.1605468 4.1596413 4.1591692 4.1584601]",0.5,25,2878.719271928709
259,"[4.1790509 4.174366  4.1711373 4.1689329 4.1670036 4.1655078 4.1640511
 4.1629486 4.1619644 4.1612949 4.1603894 4.1597595 4.1590509 4.1585784]",0.5,25,2877.672580473226
260,"[4.1787357 4.1742082 4.17098   4.168736  4.1668067 4.1653109 4.1639328
 4.1627517 4.1620035 4.1610589 4.1602712 4.1595626 4.1590114 4.1583815]",0.5,25,2876.2399207775848
261,"[4.1788149 4.1740904 4.17098   4.1686573 4.1668854 4.1652713 4.1638541
 4.1628304 4.1619248 4.1610589 4.1602321 4.1594443 4.1588936 4.1583424]",0.5,25,2875.0789604056786
262,"[4.1789327 4.1741295 4.1710982 4.168736  4.166728  4.16535   4.1639719
 4.162909  4.1619644 4.1610589 4.1602712 4.1596413 4.15909   4.1584997]",0.5,25,2874.244701629369
263,"[4.1787357 4.1741691 4.1709013 4.168736  4.166728  4.1651926 4.1639328
 4.1627913 4.1619248 4.1610193 4.1602712 4.1595626 4.1590114 4.1583815]",0.5,25,2873.3959917682564
264,"[4.178854  4.1742082 4.1709013 4.1685786 4.1668463 4.1652713 4.1638932
 4.1628699 4.1617675 4.1610589 4.1601925 4.1595626 4.1589327 4.158421 ]",0.5,25,2872.245777956817
265,"[4.1786966 4.1740904 4.1710196 4.1685786 4.1667676 4.1651926 4.1640511
 4.1628304 4.1618462 4.1611376 4.1602712 4.1595626 4.1589327 4.1583424]",0.5,25,2871.2504340802666
266,"[4.178618  4.173933  4.1709013 4.1683817 4.1666493 4.165153  4.1637754
 4.1626334 4.1616492 4.1607437 4.1601534 4.1593657 4.1588144 4.1582241]",0.5,25,2869.74842372179
267,"[4.1787357 4.1740904 4.1709013 4.168539  4.1666098 4.1650743 4.1637754
 4.1626334 4.1618857 4.160862  4.1602321 4.1596022 4.1590114 4.1583028]",0.5,25,2868.609246840548
268,"[4.178854  4.1740117 4.1709013 4.1686573 4.1665707 4.1652322 4.1636572
 4.1627517 4.1617279 4.1607833 4.1600351 4.1594052 4.1588144 4.1583028]",0.5,25,2867.386947381725
269,"[4.1786966 4.1740508 4.1709013 4.1685786 4.1666098 4.1649957 4.1640115
 4.162673  4.1618066 4.1608224 4.1601534 4.1593657 4.1589723 4.1581845]",0.5,25,2866.330098481039
270,"[4.1786571 4.1740117 4.170783  4.1684999 4.1665311 4.1650743 4.1639328
 4.1626334 4.1618066 4.1607046 4.1601534 4.1596022 4.1586967 4.1583028]",0.5,25,2865.133692249482
271,"[4.1784606 4.1739721 4.1708226 4.1684999 4.1666098 4.1650743 4.1637754
 4.162673  4.1617279 4.1607833 4.1600351 4.159287  4.1586967 4.1581454]",0.5,25,2863.881867127414
272,"[4.1785393 4.173933  4.1708226 4.168539  4.1666098 4.1649957 4.1636572
 4.162673  4.1616492 4.160862  4.1601138 4.1592479 4.1587753 4.1581059]",0.5,25,2862.479064600832
273,"[4.1786571 4.173933  4.1708617 4.168539  4.1666098 4.1649957 4.1638932
 4.162673  4.1616492 4.160862  4.1600351 4.1594839 4.158854  4.1581845]",0.5,25,2861.4599679979165
274,"[4.1784606 4.1738539 4.170783  4.1684208 4.1663737 4.1650352 4.1637359
 4.1624365 4.1616492 4.1607437 4.1600351 4.1594052 4.158618  4.1580667]",0.5,25,2860.510205816919
275,"[4.1785393 4.1738539 4.1705861 4.1683421 4.1664524 4.1647987 4.1635785
 4.1625156 4.161531  4.160665  4.1598382 4.1590509 4.1584601 4.1580272]",0.5,25,2858.9750199758555
276,"[4.1784997 4.1738148 4.1708226 4.1684208 4.1665707 4.164917  4.1636968
 4.162673  4.1616888 4.160665  4.1598382 4.1591296 4.1588144 4.1581059]",0.5,25,2857.962033144396
277,"[4.1785393 4.1740117 4.1707044 4.1683421 4.1665311 4.1649957 4.1636968
 4.1625547 4.161531  4.1606255 4.1599956 4.1593266 4.1586571 4.1580272]",0.5,25,2856.908182529161
278,"[4.1786966 4.1737752 4.1706257 4.1684208 4.1666493 4.1649957 4.1636572
 4.1625156 4.161531  4.1607833 4.1599169 4.1592479 4.158618  4.1580667]",0.5,25,2855.85880964803
279,"[4.1783423 4.1738935 4.170547  4.1682243 4.1664524 4.1649566 4.1635389
 4.1623578 4.1614919 4.1605468 4.1597595 4.1592083 4.1583815 4.1579881]",0.5,25,2854.3951020903883
280,"[4.1784606 4.1737752 4.1707044 4.168303  4.1664524 4.1648774 4.1634212
 4.1624365 4.1613736 4.1605468 4.1597991 4.1591692 4.1584601 4.1579089]",0.5,25,2853.1815242507582
281,"[4.1784606 4.1738148 4.1703897 4.1681061 4.1662951 4.164681  4.1632633
 4.1622791 4.1614523 4.1605077 4.1597199 4.158854  4.1583028 4.1577911]",0.5,25,2851.6047586673963
282,"[4.1783814 4.1736574 4.1707044 4.1681061 4.1661377 4.1646414 4.163342
 4.1623187 4.1611376 4.1603107 4.1596022 4.1590509 4.158421  4.1578698]",0.5,25,2850.510666525335
283,"[4.1783423 4.1736574 4.1704288 4.1682634 4.1663342 4.1648774 4.1634603
 4.1625547 4.1612163 4.1603498 4.1596808 4.1588936 4.1583028 4.1577911]",0.5,25,2849.630613077392
284,"[4.1785393 4.1737361 4.1705861 4.168303  4.1662951 4.1647201 4.1635785
 4.1623974 4.1614132 4.160429  4.1597991 4.1592479 4.1583028 4.1579485]",0.5,25,2848.5259129050014
285,"[4.1783814 4.1736178 4.1705861 4.1681848 4.1662164 4.1646023 4.1635389
 4.16224   4.1612949 4.1603498 4.1595626 4.158854  4.1582241 4.1576333]",0.5,25,2846.9483273069923
286,"[4.178421  4.1737752 4.1706257 4.1681452 4.1664524 4.1648774 4.1635389
 4.1625156 4.1613736 4.160665  4.1598382 4.1590114 4.1584601 4.1580667]",0.5,25,2845.9592583139424
287,"[4.178421  4.1736574 4.1706257 4.1681848 4.1660981 4.1646023 4.1632242
 4.1623578 4.1612949 4.160429  4.1596022 4.15909   4.1583815 4.1577125]",0.5,25,2844.453436591388
288,"[4.1783814 4.1737361 4.1707044 4.1681452 4.1662164 4.1647596 4.1636572
 4.1623187 4.1613345 4.1603894 4.1596413 4.1589723 4.1583028 4.1577911]",0.5,25,2843.2460552784587
289,"[4.1783423 4.1735392 4.170547  4.1679878 4.1661377 4.1645627 4.163342
 4.1621218 4.1612163 4.1603107 4.1595235 4.1588936 4.1583028 4.1577125]",0.5,25,2841.7001319650594
290,"[4.1783423 4.1736178 4.1705074 4.1681848 4.1663342 4.164681  4.1634998
 4.16224   4.1612949 4.1602321 4.1596413 4.1590509 4.1582241 4.1577911]",0.5,25,2840.8930894082287
291,"[4.1783423 4.1735783 4.1704288 4.1679487 4.1663342 4.1647201 4.163342
 4.16224   4.1611767 4.1602712 4.1595235 4.158854  4.1582241 4.1576333]",0.5,25,2839.685728454995
292,"[4.1783028 4.1735783 4.1704683 4.1680665 4.1662164 4.164681  4.1634603
 4.1621609 4.1612949 4.1603498 4.1595626 4.158854  4.1583028 4.1577516]",0.5,25,2838.6969569208445
293,"[4.1783423 4.1736574 4.1705074 4.1680274 4.1661377 4.1647987 4.1632242
 4.1621609 4.161098  4.1603498 4.1595626 4.1587358 4.1581059 4.1576729]",0.5,25,2837.523882586538
294,"[4.178185  4.1735392 4.1703501 4.1678305 4.1660194 4.1645231 4.1632633
 4.1620035 4.1610193 4.1601534 4.1593266 4.158618  4.1581454 4.1575942]",0.5,25,2836.10693332262
295,"[4.1781454 4.1734605 4.1704288 4.1678305 4.1659012 4.1642475 4.1631455
 4.1618857 4.1609406 4.1601138 4.1592479 4.158618  4.1579485 4.1573582]",0.5,25,2834.635281956786
296,"[4.1781454 4.1734996 4.1701927 4.1679091 4.1660585 4.1646023 4.1630273
 4.1620035 4.1609802 4.1601925 4.1593266 4.1587358 4.1580272 4.1575546]",0.5,25,2833.8493825804303
297,"[4.1781058 4.1734209 4.1703501 4.1680665 4.1660194 4.1644444 4.1630664
 4.1620822 4.1609011 4.1599565 4.1592479 4.1586571 4.1579881 4.1574759]",0.5,25,2832.809131645507
298,"[4.1782241 4.1734209 4.1702714 4.1679091 4.1660585 4.1643267 4.1630664
 4.1619644 4.1611767 4.1603107 4.159287  4.1585784 4.1579485 4.1573973]",0.5,25,2831.796164514022
299,"[4.1781454 4.1734996 4.1702318 4.1678696 4.1659408 4.1644053 4.1631846
 4.1620035 4.1610193 4.1599956 4.159287  4.1585784 4.1579089 4.1574368]",0.5,25,2830.665263510471
300,"[4.1781058 4.1734605 4.170311  4.1679487 4.1660981 4.1643658 4.1629486
 4.1618857 4.160862  4.1601534 4.1592083 4.1583815 4.1579881 4.1574368]",0.5,25,2829.574581402318
301,"[4.1781058 4.1733422 4.1700745 4.1676731 4.1657834 4.1642475 4.1628699
 4.1618857 4.1608224 4.1598778 4.15909   4.1583815 4.1577125 4.1572003]",0.5,25,2828.0830530487733
302,"[4.1780667 4.1734605 4.1703501 4.1679091 4.1659408 4.1643267 4.1629877
 4.1619248 4.1611767 4.1599956 4.1592083 4.1585388 4.1579089 4.1572399]",0.5,25,2827.31443537028
303,"[4.1780272 4.1734209 4.1700745 4.1676731 4.1658225 4.1643267 4.163106
 4.1618462 4.1607046 4.1597595 4.1591296 4.1583815 4.1577911 4.1571612]",0.5,25,2825.959374090847
304,"[4.1780272 4.1733027 4.1701531 4.1676335 4.1657438 4.1641297 4.1627517
 4.1616101 4.1607046 4.1597595 4.15909   4.1583424 4.1577516 4.1570826]",0.5,25,2824.717835996773
305,"[4.1781058 4.1733818 4.1701531 4.1677909 4.1657834 4.1643658 4.1629486
 4.1618462 4.1608224 4.1600351 4.1592479 4.1584997 4.1577911 4.1572399]",0.5,25,2823.989745462103
307,"[4.1781058 4.1732635 4.170114  4.1676731 4.1657043 4.1641688 4.1628304
 4.1617279 4.1605864 4.1597595 4.15909   4.1583424 4.1577516 4.1569643]",0.5,25,2823.605125769313
308,"[4.1779881 4.1732635 4.1699958 4.1675944 4.1657438 4.1640511 4.1628699
 4.1616888 4.1606255 4.1596808 4.1588936 4.1581845 4.1575155 4.1572003]",0.5,25,2821.696920477975
309,"[4.1780667 4.1731849 4.1699958 4.1676335 4.1656256 4.1640511 4.1627913
 4.1616101 4.1605864 4.1596808 4.1588144 4.1582637 4.1573582 4.1569247]",0.5,25,2820.098418465441
310,"[4.1779485 4.173224  4.170114  4.1675944 4.1657834 4.1640115 4.1627121
 4.1616492 4.1607833 4.1597199 4.1590509 4.1583028 4.1576729 4.1571612]",0.5,25,2818.972353581542
311,"[4.1779094 4.1733422 4.1699171 4.1675549 4.1656651 4.1641297 4.1627517
 4.1616492 4.1607046 4.1596413 4.1590509 4.1582637 4.1575155 4.1569247]",0.5,25,2817.774307147079
312,"[4.1779094 4.1733422 4.1699958 4.1675153 4.1656256 4.1640511 4.162673
 4.1614132 4.1604681 4.1596808 4.1588144 4.1582637 4.1573582 4.1569643]",0.5,25,2816.433333819848
313,"[4.1779881 4.1732635 4.1699958 4.1677122 4.1657438 4.1640511 4.1627121
 4.1616888 4.1607046 4.1596808 4.1590509 4.1581454 4.1577125 4.1570826]",0.5,25,2815.553913541261
314,"[4.1779485 4.1731453 4.1699958 4.1676335 4.1657043 4.1639719 4.1626334
 4.1614523 4.1605468 4.1596808 4.1588144 4.1581845 4.1573973 4.1568856]",0.5,25,2814.4580532564314
315,"[4.1779881 4.1729484 4.1699562 4.1676335 4.1655865 4.1639328 4.1627121
 4.1614523 4.160429  4.1596413 4.1588936 4.1580667 4.1574368 4.1566887]",0.5,25,2813.284644667696
316,"[4.1777911 4.1731453 4.1699171 4.1674366 4.1655469 4.1639719 4.1627517
 4.1614919 4.1605864 4.1597199 4.1587753 4.1581059 4.1575155 4.1566887]",0.5,25,2812.1059632196752
317,"[4.1777124 4.1730666 4.1698384 4.1672397 4.1653895 4.1638145 4.1626334
 4.1613736 4.1601925 4.1594443 4.1586571 4.1579881 4.1573186 4.1567674]",0.5,25,2810.9001019535326
318,"[4.1779881 4.1730666 4.1699171 4.1674762 4.1655469 4.1639328 4.1625943
 4.1612554 4.1603107 4.1595626 4.1587358 4.1579089 4.1572399 4.1567674]",0.5,25,2809.7758122987184
319,"[4.1779881 4.1729484 4.1699171 4.1674366 4.1655078 4.1640902 4.1625547
 4.1612163 4.1605077 4.1595235 4.1588144 4.1578698 4.1573582 4.1569247]",0.5,25,2808.862432326798
320,"[4.1779094 4.1728697 4.1697202 4.1674366 4.1653895 4.1638541 4.162673
 4.1614132 4.1604681 4.1594839 4.1586571 4.1581845 4.1572399 4.1567674]",0.5,25,2807.574275118952
321,"[4.1776338 4.1729879 4.1696806 4.1673975 4.1653895 4.1638932 4.1625156
 4.1613345 4.1603107 4.1595235 4.158618  4.1579089 4.1573582 4.1567674]",0.5,25,2806.360020248346
322,"[4.1778302 4.1731062 4.1697989 4.1675153 4.1655865 4.1639328 4.1627913
 4.1613736 4.1603894 4.1595626 4.1587753 4.1581454 4.157279  4.15661  ]",0.5,25,2805.3927397523307
323,"[4.1777515 4.1731453 4.1698775 4.1673188 4.1654682 4.1638145 4.1625943
 4.1612554 4.1602321 4.1596808 4.1586967 4.1581845 4.1572399 4.1567674]",0.5,25,2804.446217475855
324,"[4.1777515 4.1729484 4.1696019 4.1670823 4.1653109 4.1636968 4.1623974
 4.1613345 4.1601534 4.1592083 4.1585388 4.1577125 4.1570034 4.1565313]",0.5,25,2802.663157917209
325,"[4.1777911 4.1729093 4.1699171 4.1673188 4.1654682 4.1636968 4.1625943
 4.1612554 4.1603107 4.1594443 4.1584601 4.1578698 4.1572399 4.15661  ]",0.5,25,2802.172412269558
326,"[4.1776338 4.1728306 4.1696806 4.167161  4.1651926 4.1638932 4.1622791
 4.1611767 4.1601534 4.1594443 4.1584601 4.1577125 4.1570826 4.1564131]",0.5,25,2800.9017488441323
327,"[4.1777124 4.1728697 4.1697202 4.1673975 4.1653109 4.1638145 4.1623578
 4.1611767 4.1601534 4.1593657 4.1584601 4.1576729 4.157279  4.1564131]",0.5,25,2799.804614688177
328,"[4.1775551 4.1727123 4.1694446 4.1672006 4.1651926 4.1634998 4.1622791
 4.1610589 4.1600351 4.1590509 4.1582637 4.1577516 4.1568856 4.1563344]",0.5,25,2798.479391488987
329,"[4.1775155 4.1729093 4.1696415 4.1670823 4.1651926 4.1635785 4.1623187
 4.1611376 4.1600351 4.1592083 4.1583424 4.1576729 4.157043  4.1562557]",0.5,25,2797.698359403484
330,"[4.1776338 4.1728697 4.1696019 4.1673188 4.1653895 4.1637754 4.1622005
 4.161098  4.1601925 4.1592083 4.1584997 4.1577911 4.1569247 4.1564527]",0.5,25,2796.963233592667
331,"[4.1775551 4.172791  4.1694841 4.1669641 4.1653109 4.1635785 4.1622005
 4.161098  4.1601138 4.1591296 4.158421  4.1575942 4.1569247 4.1563735]",0.5,25,2795.4700162264003
332,"[4.1775155 4.1726336 4.1696415 4.1672397 4.1650743 4.1633029 4.1620035
 4.1611376 4.1597991 4.1589327 4.1581059 4.1575546 4.1567278 4.1562161]",0.5,25,2794.07667461941
333,"[4.1774759 4.1727519 4.1694446 4.1670432 4.165153  4.1635389 4.16224
 4.1609406 4.1599956 4.1589723 4.1583028 4.1575942 4.156846  4.1562948]",0.5,25,2793.155895502387
334,"[4.1775942 4.172791  4.1694841 4.1672397 4.165153  4.1635785 4.16224
 4.1610589 4.1599956 4.1590509 4.1583815 4.1575942 4.1569643 4.1562948]",0.5,25,2792.547432907307
335,"[4.1775942 4.1726727 4.1695232 4.1671219 4.1650352 4.1634998 4.1620822
 4.1611376 4.1600351 4.15909   4.1583424 4.1575942 4.1567674 4.1562948]",0.5,25,2791.455492048341
336,"[4.1773973 4.1727123 4.1694055 4.167161  4.1649957 4.1634212 4.16224
 4.1609406 4.1599565 4.1591692 4.1581454 4.1573973 4.1567674 4.1562161]",0.5,25,2790.290213065593
337,"[4.1773973 4.1725941 4.1694055 4.1668854 4.1650352 4.163342  4.1619644
 4.160862  4.1597199 4.158854  4.1580272 4.1573973 4.1566491 4.1559014]",0.5,25,2788.96462589898
338,"[4.1774368 4.172555  4.1694055 4.1668463 4.164917  4.1633816 4.1620431
 4.1608224 4.1597595 4.1588936 4.1580272 4.1573186 4.1566887 4.1560979]",0.5,25,2787.815437733969
339,"[4.1773582 4.1724763 4.1693659 4.1668854 4.1649566 4.1634603 4.1618066
 4.1609011 4.1597199 4.158854  4.1581059 4.1573186 4.1565704 4.1559801]",0.5,25,2786.684066886527
340,"[4.1774368 4.1726727 4.1694446 4.1670036 4.1650352 4.1634212 4.1620035
 4.1609802 4.1598778 4.1590114 4.1581059 4.1574368 4.1565704 4.156177 ]",0.5,25,2786.057346340059
341,"[4.1775155 4.1727519 4.1692476 4.166925  4.1649957 4.1634603 4.1619248
 4.160862  4.1597991 4.1589723 4.1580272 4.157279  4.1566887 4.1559801]",0.5,25,2784.650727870957
342,"[4.1773973 4.1725941 4.1694055 4.1670036 4.1650743 4.163342  4.1620431
 4.1609011 4.1596808 4.1590509 4.1580272 4.1573582 4.1568069 4.1560588]",0.5,25,2783.684001642388
343,"[4.1773582 4.1724367 4.1693659 4.1667676 4.1648383 4.1633029 4.1618066
 4.160665  4.1595235 4.1586571 4.1579881 4.1570826 4.1565313 4.1559014]",0.5,25,2782.080688891198
344,"[4.1775155 4.1725941 4.1694446 4.1670432 4.1651139 4.1632633 4.1619644
 4.160862  4.1596413 4.1588144 4.1581059 4.157279  4.1566491 4.1558223]",0.5,25,2781.291023645016
345,"[4.1773582 4.1725154 4.1694446 4.1668463 4.1648774 4.1632242 4.1619644
 4.1607437 4.1597199 4.158854  4.1581059 4.1571217 4.1565704 4.1559405]",0.5,25,2780.087266386718
346,"[4.1773186 4.1724763 4.1693263 4.1668463 4.1647987 4.1630273 4.1617675
 4.1606255 4.1594839 4.158618  4.1578302 4.1569247 4.1563344 4.1557832]",0.5,25,2778.5218086893706
347,"[4.1772003 4.1724367 4.1692872 4.166728  4.164681  4.163106  4.1618462
 4.1605864 4.1595235 4.1586571 4.1577911 4.1568856 4.1564527 4.1559014]",0.5,25,2778.076588729247
348,"[4.1777515 4.1728697 4.1696806 4.1671219 4.1652713 4.1635785 4.1621609
 4.1609802 4.1601138 4.1591296 4.1582637 4.1576333 4.1568856 4.1563735]",0.5,25,2777.846679507516
349,"[4.1773186 4.1726336 4.1692085 4.1668854 4.1648383 4.1633029 4.1620035
 4.160665  4.1596022 4.158854  4.1579485 4.157279  4.1565313 4.1558223]",0.5,25,2775.42550944336
350,"[4.1773582 4.1724367 4.1692085 4.1667676 4.1647596 4.163106  4.1617279
 4.1606255 4.1596022 4.1587358 4.1577516 4.1571217 4.1562948 4.1557832]",0.5,25,2774.137950642094
351,"[4.1772003 4.1723185 4.1690903 4.1665311 4.164681  4.1631455 4.1615705
 4.1605077 4.1594443 4.1584601 4.1575546 4.1568856 4.1562948 4.1555471]",0.5,25,2772.9975278198244
352,"[4.1773582 4.1725154 4.1692476 4.1666098 4.1646414 4.1631455 4.1616492
 4.1602712 4.1594052 4.1585784 4.1576333 4.1568856 4.1563344 4.1557045]",0.5,25,2772.263386035564
353,"[4.1772399 4.172358  4.1691298 4.166492  4.164484  4.1629486 4.1616888
 4.1603107 4.1594052 4.158421  4.1577125 4.1568069 4.156177  4.155468 ]",0.5,25,2770.8669587240943
354,"[4.1772003 4.1723971 4.1692872 4.1666493 4.1647201 4.1631455 4.1618066
 4.1605468 4.1597199 4.1585388 4.1578698 4.1570034 4.1563344 4.1557045]",0.5,25,2770.307799712593
355,"[4.1771612 4.1723185 4.1690116 4.1664133 4.1646023 4.1629877 4.1616888
 4.1603107 4.1594052 4.1583424 4.1575546 4.1568856 4.1560979 4.1555471]",0.5,25,2768.802996866864
356,"[4.1772003 4.1724367 4.1691298 4.166728  4.164681  4.162909  4.1616101
 4.1605468 4.1593657 4.1583424 4.1575155 4.1568856 4.1559405 4.155468 ]",0.5,25,2767.932118521048
358,"[4.1772003 4.1722794 4.1691689 4.1666493 4.1646023 4.162909  4.1614132
 4.160429  4.1593266 4.1584601 4.1577516 4.1569247 4.156177  4.1555862]",0.5,25,2769.9237321232117
359,"[4.1772003 4.1723185 4.1689329 4.1666098 4.1645627 4.1628699 4.1615705
 4.1603498 4.1594052 4.158421  4.1575546 4.1567278 4.1560588 4.1554289]",0.5,25,2766.799271508787
360,"[4.1772399 4.1722398 4.1690507 4.166492  4.164484  4.1627121 4.161531
 4.1601925 4.1592479 4.1583424 4.1573973 4.1566491 4.1559801 4.1553893]",0.5,25,2764.895991487766
361,"[4.1771216 4.1722398 4.1688147 4.1663342 4.1643267 4.1629486 4.1614919
 4.1601534 4.1592083 4.1581845 4.1574759 4.1566887 4.1559014 4.1554289]",0.5,25,2763.841861029729
362,"[4.177043  4.172122  4.1688542 4.1664133 4.1644444 4.162909  4.1613345
 4.1601138 4.1592083 4.1581059 4.1573973 4.1566491 4.1559405 4.1552715]",0.5,25,2762.423696391737
363,"[4.1770825 4.1721611 4.1690116 4.1665311 4.164484  4.1628699 4.1614919
 4.1601534 4.1591296 4.1582241 4.157279  4.1567674 4.1559014 4.1554289]",0.5,25,2761.390283867189
364,"[4.1770825 4.1720824 4.1688542 4.1664524 4.1644444 4.1627913 4.1614523
 4.1600747 4.1592479 4.1581845 4.1574759 4.1567674 4.1559014 4.1551137]",0.5,25,2760.398627622616
365,"[4.1770039 4.1721611 4.1688542 4.1661768 4.1642871 4.162673  4.1613345
 4.1600747 4.1590114 4.1581454 4.1573186 4.1564527 4.1557832 4.1551533]",0.5,25,2759.263830635853
366,"[4.1771216 4.1722398 4.1689329 4.1663737 4.1643658 4.1627913 4.1612949
 4.1601925 4.15909   4.1581059 4.1573186 4.1564527 4.1559014 4.155232 ]",0.5,25,2758.61576116984
367,"[4.1769643 4.172122  4.168736  4.1665311 4.1643658 4.1627517 4.1613736
 4.1599956 4.1590509 4.1580667 4.157279  4.15661   4.1559014 4.1550746]",0.5,25,2757.911235269504
368,"[4.1769643 4.1721611 4.168736  4.1663342 4.1643267 4.1627121 4.1612554
 4.1600747 4.15909   4.1582241 4.157279  4.1564918 4.1558223 4.1551533]",0.5,25,2757.4198483437767
369,"[4.1768856 4.1719642 4.1688542 4.1661377 4.1643658 4.1626334 4.161098
 4.1599169 4.158854  4.1581845 4.1570034 4.1564918 4.1557436 4.1551924]",0.5,25,2756.300416924371
370,"[4.1771216 4.1720824 4.1686964 4.1661768 4.1643267 4.1626334 4.161098
 4.1601138 4.158854  4.1578302 4.1571612 4.1562948 4.1557045 4.1549563]",0.5,25,2755.471600295547
371,"[4.1770039 4.1721611 4.1688147 4.1662951 4.1641688 4.1625547 4.1612949
 4.1600351 4.1588936 4.1579089 4.1572399 4.1563344 4.1558223 4.1549959]",0.5,25,2754.654321069064
372,"[4.176846  4.1720824 4.1688542 4.1663342 4.1643658 4.1627913 4.1612163
 4.1600747 4.1589723 4.1580667 4.1573186 4.1564527 4.1557045 4.155035 ]",0.5,25,2754.1700130626123
373,"[4.1768069 4.1720037 4.1687751 4.1661768 4.1639719 4.1625547 4.1611376
 4.1598778 4.1587358 4.1579089 4.1571612 4.1562161 4.1556258 4.1548777]",0.5,25,2753.1523493976533
374,"[4.1768856 4.1720037 4.1686573 4.1660981 4.1640511 4.1625943 4.1610589
 4.1599956 4.1590509 4.1579089 4.1572003 4.1563735 4.155468  4.1549959]",0.5,25,2753.1137191054963
375,"[4.1769247 4.1719642 4.1686964 4.1661377 4.1642475 4.1625547 4.1612163
 4.1599956 4.158854  4.1579089 4.1569643 4.1562161 4.1555862 4.1549168]",0.5,25,2752.212702819555
376,"[4.176846  4.1720824 4.1686177 4.1662951 4.1641688 4.1626334 4.1611767
 4.1599565 4.1588144 4.1578698 4.1572003 4.1562161 4.1555471 4.1549959]",0.5,25,2751.748364954971
377,"[4.1769643 4.1719251 4.1687751 4.1661377 4.1642475 4.1625547 4.1610193
 4.1599956 4.1588936 4.1579089 4.1570826 4.1563344 4.1555862 4.1551533]",0.5,25,2751.0618440527337
378,"[4.1767673 4.1719642 4.1685786 4.1660981 4.1640511 4.1623578 4.1609802
 4.1597991 4.1586571 4.1579089 4.1569643 4.1561375 4.1553106 4.1547594]",0.5,25,2750.250361862251
379,"[4.1768856 4.1718068 4.1686964 4.1661768 4.1640115 4.1625156 4.1610589
 4.1598382 4.158618  4.1578698 4.1568856 4.1562161 4.1554289 4.154799 ]",0.5,25,2749.8450366114644
380,"[4.1767673 4.1720428 4.1686573 4.1661377 4.1641297 4.1624365 4.1609802
 4.1598778 4.1587358 4.1577911 4.1567674 4.1562161 4.1553502 4.1546807]",0.5,25,2749.336975398629
381,"[4.1766496 4.1717672 4.1682634 4.1659012 4.1638145 4.1621218 4.160862
 4.1597199 4.1585784 4.1575942 4.1566887 4.1559405 4.1551924 4.1545625]",0.5,25,2748.294696578234
382,"[4.1769643 4.1717281 4.1686177 4.1659799 4.1640902 4.1623187 4.1610589
 4.1596413 4.1586571 4.1578698 4.1569643 4.1559801 4.1553502 4.1546416]",0.5,25,2747.993675017226
383,"[4.1768856 4.1720037 4.168539  4.1659799 4.1641297 4.1623187 4.1610589
 4.1596808 4.1585784 4.1577125 4.1569247 4.1560588 4.1553502 4.1546807]",0.5,25,2747.483769697402
384,"[4.176846  4.1718855 4.1684604 4.1660194 4.1640902 4.1623974 4.1609011
 4.1597595 4.1586967 4.1576333 4.1567674 4.1559405 4.1552715 4.1546807]",0.5,25,2746.689162179227
385,"[4.176846  4.1718464 4.1685786 4.1660585 4.1640511 4.1623187 4.160862
 4.1596413 4.1584601 4.1576729 4.1566491 4.1558619 4.1551924 4.1544447]",0.5,25,2746.018412602676
386,"[4.1768069 4.1717281 4.1684604 4.1659799 4.1638541 4.1623187 4.1610193
 4.1596022 4.1585388 4.1575155 4.15661   4.1558223 4.1551137 4.154366 ]",0.5,25,2744.970990224743
387,"[4.17661   4.1716099 4.1683421 4.1657438 4.1638145 4.1620431 4.1605864
 4.1594443 4.158421  4.1575942 4.1565313 4.1557045 4.1550746 4.1542869]",0.5,25,2743.872568935818
388,"[4.1767282 4.1716886 4.168539  4.1658621 4.1639719 4.16224   4.1607833
 4.1596413 4.1586571 4.1573973 4.1566887 4.1559405 4.1551137 4.1545625]",0.5,25,2743.458197125109
389,"[4.17661   4.1715708 4.1682243 4.1658225 4.1636968 4.1620822 4.1605864
 4.1595235 4.1581845 4.157279  4.1564527 4.1556258 4.1549959 4.1541691]",0.5,25,2742.242688446317
390,"[4.17661   4.1717281 4.168303  4.1658225 4.1637359 4.1622005 4.1607046
 4.1595626 4.1583028 4.1574368 4.1565313 4.1558619 4.155232  4.154366 ]",0.5,25,2741.805651189643
391,"[4.1766887 4.1716886 4.1684208 4.1657834 4.1638145 4.1620431 4.1605468
 4.1594052 4.1582241 4.1574368 4.15661   4.1555076 4.1549959 4.1542478]",0.5,25,2740.824302647027
392,"[4.1764131 4.1715708 4.1680274 4.1657043 4.1637754 4.1620035 4.1605864
 4.1592083 4.1583028 4.157279  4.1563344 4.1557045 4.1548381 4.1543264]",0.5,25,2739.572496739096
393,"[4.1765704 4.1715312 4.1682243 4.1655469 4.1636176 4.1619248 4.1605468
 4.1592479 4.1581845 4.1572399 4.1563735 4.1555471 4.1548381 4.1542478]",0.5,25,2738.307379207627
394,"[4.1765313 4.1716886 4.168303  4.1656256 4.1636176 4.1618462 4.1606255
 4.1593266 4.1581845 4.1573186 4.1564918 4.1555471 4.154799  4.1540904]",0.5,25,2737.46065951416
395,"[4.1764917 4.1717281 4.1681848 4.1657438 4.1636572 4.1620431 4.1603894
 4.1592083 4.1582241 4.1572003 4.1565704 4.1555862 4.1547594 4.1541295]",0.5,25,2736.399336292181
396,"[4.1765704 4.1714525 4.168303  4.1655469 4.1635389 4.1618066 4.160429
 4.1592083 4.1580667 4.1569643 4.1562557 4.1554289 4.1546416 4.1541691]",0.5,25,2735.465734937476
397,"[4.1764131 4.1714525 4.1680665 4.1655865 4.1636176 4.1620035 4.1604681
 4.1591296 4.1581845 4.1571217 4.1562557 4.1553893 4.1546416 4.1539721]",0.5,25,2734.022626091716
398,"[4.1764917 4.1716495 4.1681061 4.1657438 4.1636572 4.1618462 4.1605077
 4.1592083 4.1581059 4.1571217 4.1562161 4.155468  4.1547203 4.1540112]",0.5,25,2733.304127800564
399,"[4.1765313 4.1715312 4.1679878 4.1655078 4.1634603 4.1617675 4.1603894
 4.1591296 4.1578698 4.1568856 4.1559801 4.1553893 4.1545625 4.1540112]",0.5,25,2732.038645840252
400,"[4.1764131 4.1715708 4.1681061 4.1654286 4.1635785 4.1619248 4.1603498
 4.1590114 4.1579881 4.1568856 4.1561375 4.1553893 4.1544838 4.1538935]",0.5,25,2731.064881519505
401,"[4.1762948 4.1712952 4.1679487 4.1655469 4.163342  4.1617279 4.1601138
 4.1590114 4.1579485 4.1569247 4.1560192 4.1553893 4.1543264 4.1535783]",0.5,25,2729.461839334173
402,"[4.1762557 4.1713343 4.1679878 4.16535   4.1634212 4.1616492 4.1601925
 4.1588936 4.1579485 4.1570034 4.1559014 4.1550746 4.1544051 4.1538148]",0.5,25,2728.078492879778
403,"[4.1762948 4.1714129 4.1678305 4.1654286 4.1633816 4.1616492 4.1603498
 4.1589723 4.1577516 4.156846  4.1559801 4.1551137 4.1543264 4.1538148]",0.5,25,2726.8953842924
404,"[4.1764526 4.1713738 4.1679487 4.1653895 4.1632242 4.1616492 4.1603498
 4.15909   4.1578698 4.1568069 4.1559014 4.1549959 4.154366  4.1538935]",0.5,25,2725.603035679255
405,"[4.1764131 4.1714525 4.1679487 4.16535   4.1631846 4.1616101 4.1602321
 4.158854  4.1577125 4.156846  4.1558223 4.1550746 4.1541691 4.153657 ]",0.5,25,2723.938832858071
406,"[4.176177  4.1712952 4.1679091 4.16535   4.1633029 4.161531  4.1600747
 4.158854  4.1577125 4.1567674 4.1559405 4.1549959 4.1542869 4.1536965]",0.5,25,2722.549886122908
407,"[4.1762948 4.1714129 4.1678696 4.1653109 4.1633029 4.1614919 4.1601138
 4.1588936 4.1577125 4.1565704 4.1559014 4.1549563 4.1542478 4.1535392]",0.5,25,2721.277757337647
1,"[4.1816626 4.1772146 4.1743412 4.1720581 4.1704836 4.1690664 4.1678858
 4.1669016 4.1659174 4.1651697 4.1643033 4.1638312 4.1630044 4.1628866]",0.5,25,3198.5149330376507
2,"[4.1814661 4.1770968 4.1743016 4.1719398 4.170208  4.1689091 4.1677279
 4.166626  4.1657205 4.1650515 4.1644216 4.1636343 4.1633196 4.1626501]",0.5,25,3198.193435727675
3,"[4.1814265 4.1772933 4.1741838 4.172255  4.1703262 4.1689878 4.1676888
 4.1669016 4.1660748 4.1652484 4.1644611 4.1639099 4.1633587 4.1630831]",0.5,25,3196.8497261804227
4,"[4.1815052 4.1771359 4.1741838 4.1719398 4.1703262 4.168673  4.1676493
 4.1666656 4.1656027 4.1652484 4.1642246 4.1638312 4.1632409 4.1630044]",0.5,25,3194.468296399334
5,"[4.1815839 4.1771755 4.1744199 4.1720185 4.1703262 4.1689091 4.1677675
 4.1667442 4.1659961 4.1652088 4.1646185 4.1639886 4.1634374 4.1629653]",0.5,25,3192.204190373803
6,"[4.1813874 4.1770573 4.1741052 4.1719794 4.1701293 4.1689878 4.1677279
 4.1667833 4.16576   4.1652088 4.1645002 4.1638703 4.1633983 4.1628866]",0.5,25,3189.291286809625
7,"[4.1814661 4.1770177 4.1741052 4.1719794 4.170208  4.1687121 4.1676102
 4.1666656 4.16576   4.1650906 4.1642246 4.1639099 4.1631618 4.1628079]",0.5,25,3186.184392658286
8,"[4.1815448 4.1769786 4.1742625 4.1719794 4.1701293 4.1688304 4.1676888
 4.166626  4.16576   4.1649728 4.1644216 4.1638312 4.1633196 4.1628079]",0.5,25,3183.8268803853352
9,"[4.1817021 4.1770968 4.1741838 4.1720185 4.1702867 4.1689482 4.1676888
 4.1667442 4.1659174 4.1652088 4.1645002 4.1640673 4.16328   4.162847 ]",0.5,25,3181.321404676245
10,"[4.1813083 4.1769786 4.1741443 4.1719794 4.1704049 4.1688304 4.1676493
 4.166862  4.165957  4.1650515 4.1644611 4.1638312 4.1633196 4.162847 ]",0.5,25,3178.9416595940475
11,"[4.1814661 4.1770968 4.1740265 4.1719007 4.1703262 4.1688695 4.1677675
 4.1668229 4.1658778 4.1651301 4.1644216 4.163949  4.1633587 4.162847 ]",0.5,25,3176.23880548055
12,"[4.1813874 4.176939  4.1739473 4.1718612 4.1701689 4.1688695 4.1677279
 4.1667833 4.16576   4.1650515 4.1645398 4.1640282 4.16328   4.1629653]",0.5,25,3173.280790725506
13,"[4.1813478 4.1770573 4.1738687 4.1720185 4.1700897 4.1688695 4.1675315
 4.1667833 4.1657991 4.1651697 4.1645789 4.1637917 4.16328   4.1628866]",0.5,25,3170.543946315919
14,"[4.1813083 4.176939  4.1739082 4.1717825 4.1701293 4.168673  4.1674919
 4.1666656 4.16576   4.1650119 4.1644216 4.163949  4.1633587 4.162847 ]",0.5,25,3167.5627263279903
15,"[4.1812692 4.176939  4.1740656 4.1718221 4.1701689 4.1687121 4.1676102
 4.1667047 4.1658778 4.1650515 4.1646185 4.163713  4.1633587 4.162847 ]",0.5,25,3165.3493573746755
16,"[4.1811118 4.1768603 4.1741052 4.1719007 4.1699719 4.1688304 4.1674919
 4.1667442 4.1659174 4.1650515 4.1643033 4.1636739 4.1633196 4.162847 ]",0.5,25,3162.327808785811
17,"[4.1814265 4.1770177 4.1739082 4.1718612 4.170208  4.1686335 4.1674132
 4.1667442 4.1656814 4.1650119 4.1642246 4.1638703 4.1631618 4.1626897]",0.5,25,3159.681935164797
18,"[4.1811905 4.1766634 4.1738687 4.1718612 4.1699719 4.168673  4.1674528
 4.1665864 4.1657205 4.1650119 4.1643825 4.1638703 4.1631618 4.1627288]",0.5,25,3157.044437744958
19,"[4.1813083 4.1767817 4.1739473 4.1717038 4.170011  4.1687908 4.1674919
 4.1665077 4.1657205 4.1650119 4.1643033 4.1637526 4.1632409 4.1626897]",0.5,25,3154.2069894124324
20,"[4.1814661 4.1767817 4.1739869 4.1719398 4.1701689 4.1687908 4.1675706
 4.1664686 4.1657205 4.1649728 4.1643825 4.1637526 4.1632409 4.1627684]",0.5,25,3151.443986349011
21,"[4.1811509 4.1769786 4.1738687 4.1719794 4.1699719 4.1687517 4.1675315
 4.166626  4.1658778 4.1649332 4.1643429 4.1637526 4.1631618 4.1627288]",0.5,25,3149.021528902857
22,"[4.1811118 4.176703  4.1737509 4.1715465 4.1698537 4.1685548 4.1673737
 4.1665077 4.1656027 4.1647367 4.1640673 4.163516  4.1629257 4.1625323]",0.5,25,3145.923003177351
23,"[4.1811905 4.1767817 4.1737509 4.1719007 4.1700506 4.1688695 4.1675706
 4.166626  4.16576   4.1649728 4.1643429 4.1638312 4.1632013 4.1628866]",0.5,25,3143.803522299258
24,"[4.1812692 4.1767817 4.1739082 4.1719007 4.170208  4.1687517 4.1675315
 4.166626  4.1656418 4.1648941 4.1642642 4.1636739 4.1632409 4.1627684]",0.5,25,3141.3040056812874
25,"[4.1811509 4.176703  4.1741052 4.1717825 4.1699324 4.1685548 4.1674919
 4.1665864 4.1656814 4.1649728 4.1642642 4.163713  4.1631618 4.1625714]",0.5,25,3138.8746869466163
26,"[4.1812692 4.1768212 4.1740265 4.1717434 4.1701689 4.168673  4.1676493
 4.1665864 4.16576   4.1649728 4.1641855 4.163713  4.1633196 4.1628079]",0.5,25,3136.472870691054
27,"[4.1810722 4.1768212 4.1739082 4.1716642 4.1699719 4.1685944 4.1674528
 4.1663899 4.165524  4.1648154 4.1641459 4.163516  4.163044  4.1624928]",0.5,25,3133.6744749030217
28,"[4.1811118 4.1765847 4.1737509 4.1716642 4.1698537 4.1684365 4.1672559
 4.166429  4.1652875 4.1648545 4.1641068 4.1634769 4.1628866 4.1625714]",0.5,25,3131.3086458303496
29,"[4.1810331 4.1766634 4.1736722 4.1716642 4.1698146 4.1687121 4.1673737
 4.1663113 4.1656027 4.1647367 4.1641459 4.163516  4.1630044 4.162611 ]",0.5,25,3129.07908515747
30,"[4.1811118 4.1766634 4.1737509 4.1717038 4.1698933 4.1687517 4.1674132
 4.1665077 4.1656027 4.1648154 4.1644216 4.1637917 4.1632409 4.1627288]",0.5,25,3127.305973512915
31,"[4.1811509 4.1765847 4.1739473 4.1715856 4.1698537 4.1685944 4.1674528
 4.1663504 4.1656027 4.1648154 4.1642642 4.1635952 4.1630831 4.1626501]",0.5,25,3125.0326178057176
32,"[4.1812296 4.1766243 4.17379   4.1716642 4.170011  4.1685548 4.1675315
 4.1663899 4.1656027 4.1649332 4.1641855 4.1635556 4.1632409 4.1626897]",0.5,25,3123.319901840548
33,"[4.1810331 4.1766243 4.1736326 4.1715856 4.170011  4.1683974 4.1672163
 4.1663113 4.1655631 4.1647367 4.1641855 4.1636343 4.1630831 4.1624928]",0.5,25,3121.28758066501
34,"[4.1810722 4.1765847 4.1737113 4.1716251 4.1699719 4.168673  4.1673346
 4.1663899 4.165524  4.1648941 4.1641459 4.1634769 4.1629257 4.1624537]",0.5,25,3119.030659163276
35,"[4.1810331 4.1767426 4.1737113 4.1715856 4.170011  4.1686335 4.1673346
 4.1663113 4.1655631 4.1648545 4.1641855 4.1635952 4.1629257 4.1624928]",0.5,25,3117.1039339561653
36,"[4.1809936 4.176703  4.1738687 4.1713891 4.1698537 4.1683187 4.1673346
 4.1663113 4.1654449 4.1648154 4.1639099 4.1634769 4.1629653 4.1626501]",0.5,25,3114.961511967096
37,"[4.1808753 4.1763487 4.1734753 4.1714282 4.1696568 4.1683187 4.1671772
 4.1660748 4.1653271 4.1645789 4.1639886 4.1634374 4.1629257 4.1622958]",0.5,25,3112.765632006293
38,"[4.1809545 4.1765456 4.1736326 4.1715465 4.1699719 4.1685152 4.1674528
 4.1663113 4.1654844 4.1646972 4.1641068 4.1634769 4.1632409 4.1625714]",0.5,25,3111.269408964438
39,"[4.1811118 4.1764669 4.1736326 4.1713891 4.169775  4.1683578 4.1672163
 4.1662321 4.1656418 4.1648545 4.1639099 4.1634374 4.1630044 4.1625323]",0.5,25,3109.106916610379
40,"[4.1809545 4.176506  4.1737509 4.1715856 4.1697354 4.1683974 4.1671772
 4.1663504 4.1654844 4.1647367 4.1640282 4.1635952 4.1629653 4.1625323]",0.5,25,3107.2765584903977
41,"[4.1810722 4.1766243 4.1736722 4.1716642 4.1698146 4.1682792 4.1671376
 4.1663113 4.1654844 4.1647367 4.1638703 4.1636343 4.1629653 4.162611 ]",0.5,25,3105.344225843236
42,"[4.1810722 4.1768212 4.1738296 4.1716251 4.169775  4.1685152 4.1673737
 4.166193  4.1654058 4.1646576 4.1641459 4.1635952 4.1629257 4.1624141]",0.5,25,3103.8201882020394
43,"[4.1808362 4.1764669 4.173593  4.1714678 4.1696963 4.1680822 4.1671772
 4.1663504 4.1652088 4.1645789 4.1640282 4.1633196 4.1628079 4.1622567]",0.5,25,3101.4553475013568
44,"[4.1811905 4.1765456 4.1738687 4.1717038 4.1699719 4.1683578 4.1673737
 4.1663899 4.1656418 4.1647758 4.1642642 4.1636343 4.1630831 4.1626897]",0.5,25,3100.178614031848
45,"[4.1809149 4.1765456 4.1736722 4.1715069 4.1696568 4.1685548 4.1672163
 4.1663504 4.1654844 4.1647758 4.1641855 4.1635556 4.1628866 4.1623354]",0.5,25,3098.1004622253413
46,"[4.1810722 4.1766634 4.1736326 4.1715069 4.1698933 4.1683578 4.1671772
 4.1661143 4.1654449 4.1646972 4.1639099 4.1634769 4.1629653 4.1624141]",0.5,25,3096.539509573159
47,"[4.1810722 4.1764669 4.1735144 4.1716251 4.1697354 4.1684365 4.1671772
 4.166193  4.1651697 4.1647758 4.1638703 4.1633196 4.1628079 4.1624141]",0.5,25,3094.56968102878
48,"[4.1808753 4.1764274 4.1735144 4.1714678 4.1698146 4.1682792 4.167295
 4.1662321 4.1653662 4.1646576 4.163949  4.1634769 4.1629257 4.1624537]",0.5,25,3092.7479798045533
49,"[4.1807575 4.1765847 4.1734357 4.1712708 4.1695781 4.1682005 4.1670589
 4.166193  4.1653662 4.1646185 4.1639886 4.1633983 4.1627684 4.1622958]",0.5,25,3090.808179638534
50,"[4.1808753 4.176506  4.1734753 4.1715069 4.1698146 4.1680822 4.1670194
 4.1659961 4.1652484 4.1645398 4.1638703 4.1633587 4.1627684 4.1623745]",0.5,25,3089.0365371845146
52,"[4.1808753 4.176506  4.173357  4.1712313 4.1694994 4.1682005 4.1667833
 4.1660357 4.1650119 4.1641855 4.163516  4.1631227 4.162611  4.162178 ]",0.5,25,3086.7140662759084
53,"[4.1808362 4.1762304 4.1733179 4.1712708 4.169342  4.1680822 4.1670589
 4.1659174 4.1651301 4.1643825 4.1636739 4.1631227 4.1626897 4.1621385]",0.5,25,3084.939729195556
54,"[4.1807575 4.17627   4.1732783 4.1709561 4.1696177 4.1681218 4.1668229
 4.1657991 4.1651697 4.1643429 4.1636739 4.1631618 4.1622958 4.1619024]",0.5,25,3083.0419264831544
55,"[4.1807575 4.17627   4.1732392 4.1711922 4.1693816 4.1680431 4.1668229
 4.16576   4.1650119 4.1643825 4.163713  4.1631227 4.1624141 4.1619415]",0.5,25,3081.137522253962
56,"[4.1808753 4.1764274 4.1733966 4.1711922 4.1693816 4.1681609 4.1669803
 4.1659961 4.1649332 4.1643825 4.1635952 4.1630044 4.1626501 4.1620994]",0.5,25,3079.73222021037
57,"[4.1806393 4.1762304 4.1735144 4.1710348 4.1695781 4.1680036 4.166862
 4.1659961 4.1650119 4.1644611 4.1635952 4.1630831 4.1625714 4.1619024]",0.5,25,3078.304597004801
58,"[4.1807179 4.17627   4.1732392 4.1710739 4.1693025 4.1680036 4.1669407
 4.165957  4.1649332 4.1642246 4.163516  4.1629653 4.1623745 4.1619415]",0.5,25,3076.526310748696
59,"[4.180521  4.1761127 4.1731997 4.1711135 4.1694603 4.1679249 4.1667442
 4.1658778 4.1650515 4.1641459 4.1635952 4.1628866 4.1624141 4.1620598]",0.5,25,3075.174906951633
60,"[4.1807575 4.1763096 4.1734357 4.1710739 4.1693025 4.1680036 4.1670194
 4.1661143 4.1651697 4.1642246 4.1637526 4.1631618 4.162611  4.1620598]",0.5,25,3073.9046135488534
61,"[4.1807575 4.1762304 4.1732783 4.1711922 4.169539  4.1680036 4.1669407
 4.1660748 4.1651301 4.1641459 4.1637917 4.1631618 4.1624928 4.1620202]",0.5,25,3072.334171990561
62,"[4.1805606 4.1763096 4.1732783 4.1713495 4.1691451 4.1679645 4.166862
 4.1657991 4.1648545 4.1641459 4.1636739 4.1629653 4.1624928 4.1619415]",0.5,25,3070.9798161064978
63,"[4.1807179 4.1763096 4.1733966 4.1711526 4.1694994 4.1679249 4.1670589
 4.1658778 4.1651301 4.1644216 4.1635952 4.1630831 4.162611  4.1619811]",0.5,25,3069.633017765978
64,"[4.1806002 4.1762304 4.173121  4.1710348 4.1693025 4.1680822 4.1669407
 4.1657205 4.1650515 4.1643033 4.1634769 4.1629257 4.1624928 4.1619415]",0.5,25,3068.290156362171
65,"[4.1806788 4.17627   4.1731997 4.1711526 4.1694207 4.1678858 4.1667047
 4.1658778 4.1648154 4.1641068 4.1633196 4.1628866 4.1624537 4.1620202]",0.5,25,3066.561804033744
66,"[4.1807575 4.17627   4.1732783 4.1709952 4.1691847 4.1679249 4.1667047
 4.1656027 4.1647367 4.1642246 4.1634374 4.1628866 4.1623745 4.1618237]",0.5,25,3065.195258590358
67,"[4.1804819 4.176034  4.173121  4.1707592 4.1691451 4.1678462 4.1665864
 4.1657991 4.1646576 4.1639886 4.1633983 4.1627684 4.1622958 4.1617842]",0.5,25,3063.3402141956926
68,"[4.180521  4.176034  4.1730814 4.1709166 4.1693816 4.1678858 4.1667047
 4.1657205 4.1648545 4.1640673 4.1634374 4.1628079 4.1622958 4.1617842]",0.5,25,3062.547494834526
69,"[4.1806393 4.1761518 4.1731997 4.1709561 4.1692634 4.1677279 4.1665864
 4.1656418 4.1649728 4.1640673 4.1633587 4.1629257 4.1622171 4.1617842]",0.5,25,3061.316481655001
70,"[4.1806002 4.1762304 4.173121  4.1709166 4.1692238 4.1677675 4.1667047
 4.1656027 4.1648545 4.163949  4.1634769 4.1628079 4.1622171 4.1617842]",0.5,25,3059.8108393130155
71,"[4.1805606 4.1761127 4.1730423 4.1708379 4.1692238 4.1677279 4.1667047
 4.16576   4.1646972 4.1641068 4.1634769 4.1627684 4.1622958 4.1618237]",0.5,25,3058.471809238824
72,"[4.1804032 4.1759157 4.173121  4.1707196 4.1692634 4.1678858 4.1665473
 4.165524  4.1648154 4.163949  4.16328   4.1627684 4.1622567 4.1616268]",0.5,25,3057.17536954549
73,"[4.1804819 4.1759944 4.172924  4.1709166 4.1691847 4.1675706 4.166626
 4.1654058 4.1646576 4.1639099 4.1632013 4.1625323 4.1619811 4.1615872]",0.5,25,3055.583675281306
74,"[4.1804423 4.1760731 4.172924  4.1708379 4.1692634 4.1678066 4.1665473
 4.1656027 4.1647367 4.1639886 4.1630831 4.1627288 4.1622567 4.1617842]",0.5,25,3054.6624478813987
75,"[4.180521  4.1761518 4.1730423 4.170877  4.1689482 4.1676493 4.166429
 4.1655631 4.1645789 4.1640673 4.1633196 4.1625714 4.1620994 4.1615481]",0.5,25,3053.2441467481817
76,"[4.1803246 4.176034  4.172924  4.1707592 4.169106  4.1676493 4.1665077
 4.1654058 4.1645002 4.1637526 4.16328   4.1625714 4.1620598 4.1615481]",0.5,25,3051.984518865154
77,"[4.1804819 4.1757975 4.1728849 4.1707196 4.169106  4.1674919 4.1663113
 4.1654058 4.1645002 4.1638703 4.1631227 4.1623745 4.1620598 4.1614695]",0.5,25,3050.556452210423
78,"[4.1804423 4.176034  4.1728849 4.170877  4.1691451 4.1676493 4.1664686
 4.1654058 4.1644611 4.1639886 4.1633196 4.1625323 4.1620202 4.1616664]",0.5,25,3049.608766091309
79,"[4.180285  4.175837  4.1728058 4.1706805 4.1689482 4.1674919 4.1661534
 4.1653271 4.1645002 4.163713  4.163044  4.1623745 4.1617842 4.1615086]",0.5,25,3048.017275583225
80,"[4.1804423 4.1759157 4.1729636 4.1706805 4.1689482 4.1676102 4.1663899
 4.1654844 4.1646185 4.163713  4.1629653 4.1624537 4.1620598 4.1615872]",0.5,25,3047.093744490968
81,"[4.180285  4.1759157 4.1728454 4.1706805 4.1689482 4.1675315 4.1663504
 4.1653662 4.1644611 4.1635952 4.1630831 4.1624928 4.1620202 4.1614299]",0.5,25,3045.912083579507
82,"[4.180285  4.175837  4.172924  4.170877  4.1691451 4.1676102 4.1665077
 4.1654058 4.1646576 4.1638312 4.1632013 4.1625323 4.1620202 4.1614299]",0.5,25,3044.887110777724
83,"[4.1803637 4.1759157 4.1728849 4.1707592 4.1687908 4.1675315 4.1663113
 4.1653662 4.1643429 4.1636739 4.1629653 4.1624928 4.1619024 4.1613908]",0.5,25,3043.309393189154
84,"[4.1804423 4.175837  4.172924  4.1704836 4.1689878 4.1674528 4.1662717
 4.1654058 4.1644611 4.1637917 4.1631227 4.1623745 4.1619024 4.1613908]",0.5,25,3042.291804855009
85,"[4.1803637 4.175837  4.1729636 4.1706805 4.1688695 4.1675706 4.1662717
 4.1653662 4.1643825 4.1637526 4.1631227 4.1623745 4.1619811 4.1613512]",0.5,25,3041.126597861869
86,"[4.1802459 4.1757584 4.1728849 4.1704049 4.1686335 4.1673346 4.1662321
 4.1651301 4.1643429 4.163516  4.162847  4.1622958 4.1618237 4.1612725]",0.5,25,3039.57921568563
87,"[4.1802459 4.1756797 4.1728454 4.1706409 4.168673  4.1672559 4.1659174
 4.1651697 4.1642642 4.1633983 4.1627288 4.162178  4.1617842 4.1612329]",0.5,25,3038.5277976973466
88,"[4.180088  4.1756401 4.1728058 4.1704836 4.1684761 4.167295  4.1660748
 4.1651301 4.1642246 4.1634374 4.1626501 4.162178  4.1616664 4.1613121]",0.5,25,3037.275217920874
89,"[4.180285  4.1757584 4.1727667 4.1705232 4.1687908 4.1672559 4.1659961
 4.1652088 4.1644611 4.1634769 4.1629257 4.1621385 4.1618629 4.1611938]",0.5,25,3036.329742110186
90,"[4.1803246 4.1757584 4.1726484 4.170444  4.168673  4.1674132 4.1663113
 4.1650515 4.1643033 4.163516  4.1627684 4.1622171 4.1616268 4.1611152]",0.5,25,3035.10121910102
91,"[4.1801672 4.1756401 4.1726093 4.1703653 4.1689091 4.1674528 4.166193
 4.1651301 4.1643033 4.163713  4.1627684 4.1622958 4.1616664 4.1611938]",0.5,25,3034.017433852948
92,"[4.1802459 4.1756797 4.172688  4.1704836 4.168673  4.1672559 4.1659961
 4.1651697 4.1642642 4.1634374 4.1627288 4.1622171 4.1617451 4.1612725]",0.5,25,3032.88844415663
93,"[4.180088  4.175601  4.1726093 4.170444  4.1686335 4.1672559 4.1660748
 4.1649332 4.1642246 4.1633587 4.1627288 4.1622567 4.1616664 4.1611543]",0.5,25,3031.626314720595
94,"[4.1800489 4.1755219 4.1725307 4.1704049 4.1687121 4.1671772 4.1661143
 4.1648941 4.1641068 4.1633196 4.1627288 4.1619415 4.1614299 4.1611938]",0.5,25,3030.402218894043
95,"[4.1801276 4.175601  4.1726484 4.1704049 4.1687121 4.1672559 4.1661143
 4.1651697 4.1641068 4.163516  4.1628079 4.1621385 4.1615086 4.1610365]",0.5,25,3029.650578336722
96,"[4.1803637 4.1756401 4.1727271 4.170444  4.1685944 4.1671376 4.1657991
 4.1649728 4.1641855 4.1634769 4.1625323 4.1619415 4.1615481 4.1611543]",0.5,25,3028.178744766979
97,"[4.1804032 4.1756401 4.1727271 4.170444  4.1689878 4.1674132 4.166193
 4.1649728 4.1643429 4.1633587 4.1627288 4.1620598 4.1615481 4.1609969]",0.5,25,3027.29536118666
98,"[4.1802063 4.1755614 4.1724911 4.1703653 4.1684761 4.1669016 4.1658778
 4.1648941 4.1639099 4.1632409 4.1624141 4.1619415 4.1614299 4.1608396]",0.5,25,3025.8849885182
99,"[4.1800094 4.1756797 4.1724124 4.1703262 4.1685152 4.1672559 4.1660357
 4.1648154 4.1641068 4.1633196 4.1626897 4.1619811 4.1613908 4.1608   ]",0.5,25,3024.865816886123
100,"[4.180088  4.175601  4.1726093 4.1701689 4.1687121 4.1671376 4.1659174
 4.1649728 4.1640282 4.1630831 4.1625714 4.1620994 4.1615086 4.1608   ]",0.5,25,3023.967316374784
101,"[4.180088  4.175601  4.1725307 4.1702476 4.1685944 4.1670589 4.1658778
 4.1648154 4.163949  4.1630831 4.1625714 4.1619024 4.1613512 4.1608791]",0.5,25,3022.7527155485022
103,"[4.1799703 4.1754041 4.1724911 4.1701689 4.1684761 4.1669016 4.1656814
 4.1648545 4.1637917 4.163044  4.1624141 4.1618237 4.1611938 4.1606822]",0.5,25,3022.0305492595758
104,"[4.1799307 4.1753645 4.1723337 4.170011  4.1683187 4.1669407 4.1657991
 4.1647367 4.163713  4.1630044 4.1623745 4.1617055 4.1612329 4.1608   ]",0.5,25,3020.326643036976
105,"[4.1799307 4.1753645 4.1724911 4.1700897 4.1682792 4.1669803 4.1657205
 4.1645789 4.1636343 4.1631618 4.1624928 4.1619024 4.1610756 4.1608   ]",0.5,25,3019.7571008245204
106,"[4.1799703 4.1753254 4.1723337 4.1701689 4.1683187 4.1670194 4.16576
 4.1646185 4.1637526 4.1631618 4.1622567 4.1618629 4.1613512 4.1606035]",0.5,25,3018.4995441423903
107,"[4.179852  4.1753254 4.1722941 4.1698933 4.1680822 4.1667047 4.1655631
 4.1644216 4.163713  4.1629257 4.1623745 4.1616664 4.1610365 4.1605639]",0.5,25,3017.127865915116
108,"[4.1799703 4.1755219 4.172452  4.1701293 4.1684365 4.1669803 4.1656814
 4.1648154 4.1639099 4.1629653 4.1624141 4.1618237 4.1611938 4.1609969]",0.5,25,3016.1222831849486
109,"[4.1798129 4.1753254 4.1723337 4.1698537 4.1682401 4.1667442 4.16576
 4.1646972 4.1636739 4.162847  4.1622171 4.1615872 4.1610756 4.1606822]",0.5,25,3015.006434309894
110,"[4.1797733 4.175168  4.172255  4.1701293 4.1681609 4.1667047 4.1657205
 4.1645398 4.1635952 4.1629653 4.1620994 4.1615086 4.1610756 4.1603279]",0.5,25,3013.8079435222694
111,"[4.179852  4.1753645 4.1724124 4.1702476 4.1685152 4.1669016 4.1657205
 4.1645789 4.1638703 4.1630044 4.1624928 4.1616268 4.1611938 4.1606035]",0.5,25,3013.0275338635247
112,"[4.179852  4.1753254 4.1724124 4.170011  4.1682401 4.1667047 4.16576
 4.1647367 4.1635952 4.1627684 4.1623354 4.1615872 4.1611543 4.1606035]",0.5,25,3011.8580041730406
113,"[4.1798129 4.1753254 4.1723337 4.1701293 4.1682401 4.1667442 4.165524
 4.1646185 4.1635952 4.1628866 4.1623354 4.1616664 4.1610365 4.1604853]",0.5,25,3010.789445775151
114,"[4.179852  4.1752467 4.1724124 4.1700897 4.1681609 4.1667833 4.1656027
 4.1646576 4.1636739 4.1630831 4.1622958 4.1617055 4.1611938 4.1607609]",0.5,25,3010.026518786483
115,"[4.1798129 4.1750889 4.1720977 4.1698933 4.1679645 4.1665864 4.1654058
 4.1646185 4.1633587 4.1627288 4.1620598 4.1612725 4.1608396 4.1602492]",0.5,25,3008.520483979493
116,"[4.1798129 4.1753254 4.1723337 4.1699719 4.1681609 4.166626  4.165524
 4.1643825 4.1635952 4.1628079 4.1620598 4.1614695 4.1610756 4.1603279]",0.5,25,3007.711251080727
117,"[4.179852  4.1753254 4.1724911 4.1701293 4.1681218 4.1668229 4.1654449
 4.1645789 4.1635952 4.1626897 4.1622958 4.1614695 4.1613121 4.1606035]",0.5,25,3006.77096787489
118,"[4.1796551 4.1751285 4.1721764 4.1697354 4.1681609 4.1666656 4.1654058
 4.1644611 4.1636343 4.1626501 4.1620598 4.1614299 4.1606822 4.1604457]",0.5,25,3005.5325788917385
119,"[4.1797733 4.1752071 4.1722941 4.1699719 4.1682401 4.1667442 4.165524
 4.1643429 4.1633983 4.1626501 4.1622958 4.1615481 4.1608791 4.1602883]",0.5,25,3004.536661504316
120,"[4.1796947 4.1750498 4.1721368 4.1698146 4.1679645 4.1664686 4.1652088
 4.1643033 4.1633983 4.1625323 4.1617842 4.1612725 4.1609578 4.1602492]",0.5,25,3003.441949446075
121,"[4.1796947 4.1750498 4.1720581 4.169775  4.1680431 4.1665864 4.1653662
 4.1643033 4.1634769 4.1625714 4.1618629 4.1611938 4.1607213 4.1602883]",0.5,25,3002.540039362522
122,"[4.1796551 4.1750102 4.1721764 4.169775  4.1680822 4.1667442 4.1653271
 4.1641855 4.1635556 4.1625714 4.1619415 4.1613512 4.1608396 4.1602883]",0.5,25,3001.738435773789
123,"[4.1797338 4.1752071 4.1720185 4.1698146 4.1679645 4.166626  4.1652484
 4.1641459 4.163516  4.1625323 4.1619415 4.1613908 4.1608791 4.1603279]",0.5,25,3000.470876712511
124,"[4.1796551 4.1750889 4.1721764 4.1696568 4.1680036 4.1665864 4.1652088
 4.1643825 4.1635556 4.1624928 4.1618629 4.1612329 4.1606822 4.1600127]",0.5,25,2999.5490999500844
125,"[4.1798916 4.175168  4.1720977 4.169775  4.1679249 4.166626  4.1654449
 4.1642246 4.1634374 4.1626501 4.1618237 4.1614695 4.1608    4.1602883]",0.5,25,2998.8272886907253
126,"[4.1798129 4.1752467 4.1719794 4.1697354 4.1679249 4.1665077 4.1653271
 4.1641068 4.1633983 4.1624537 4.1617842 4.1611152 4.1606035 4.1600523]",0.5,25,2997.5516438845507
127,"[4.1797733 4.1752071 4.1719007 4.1698146 4.1680431 4.1665473 4.1652484
 4.1641855 4.1633587 4.1624537 4.1619415 4.1611543 4.1607213 4.160131 ]",0.5,25,2996.581808480904
128,"[4.179616  4.1750102 4.1719794 4.1696177 4.1678858 4.166429  4.1650906
 4.1640673 4.1631227 4.1624537 4.1617451 4.1610756 4.1605639 4.1598949]",0.5,25,2995.2440948258472
129,"[4.1797733 4.1750102 4.1720581 4.1696568 4.1680431 4.166429  4.1653662
 4.1639886 4.1630831 4.1624928 4.1618237 4.1610756 4.1604457 4.1600127]",0.5,25,2994.195058833008
130,"[4.1795764 4.1748924 4.1720185 4.1696568 4.1678462 4.166429  4.1652484
 4.1641855 4.1631227 4.1623745 4.1616664 4.1609969 4.1606035 4.160131 ]",0.5,25,2993.210725440269
131,"[4.1793795 4.1749711 4.1719794 4.1696963 4.1677675 4.1663504 4.1651301
 4.1641068 4.163044  4.162178  4.1615086 4.1608791 4.160367  4.159698 ]",0.5,25,2991.7292578971364
132,"[4.1795373 4.1748528 4.1719007 4.1696177 4.1677279 4.1663504 4.1650515
 4.163949  4.163044  4.1622567 4.1615481 4.1610365 4.1604066 4.1597376]",0.5,25,2990.7673333212624
133,"[4.1796947 4.1751285 4.1719794 4.1696568 4.1679249 4.166193  4.1651301
 4.1641068 4.1633196 4.162178  4.1617055 4.1608791 4.1605248 4.1598163]",0.5,25,2989.583117898898
134,"[4.179616  4.1750102 4.1719398 4.1697354 4.1679249 4.166429  4.1652088
 4.1642246 4.1633196 4.1623745 4.1617451 4.1610365 4.1603279 4.1598554]",0.5,25,2988.726589670954
135,"[4.179419  4.1748528 4.1718612 4.1696177 4.1677279 4.1663504 4.1649332
 4.163949  4.1631227 4.1622958 4.1615872 4.1608791 4.160367  4.1598554]",0.5,25,2986.9209889567046
136,"[4.1795373 4.1748924 4.1718221 4.1694994 4.1678462 4.1665077 4.1652875
 4.1641459 4.1632013 4.1621385 4.1615086 4.1609578 4.1604457 4.1598554]",0.5,25,2986.126860462783
137,"[4.1794977 4.1750498 4.1718612 4.1698933 4.1679645 4.166429  4.1652088
 4.1639886 4.1631227 4.1624928 4.1617451 4.1610365 4.1602492 4.1598949]",0.5,25,2984.7057246331096
138,"[4.1795764 4.1750498 4.1720581 4.169539  4.1678462 4.1663504 4.1650906
 4.1641855 4.1630831 4.1623745 4.1617055 4.1609182 4.160367  4.159934 ]",0.5,25,2983.4183271550846
139,"[4.1796551 4.1749711 4.1719007 4.1695781 4.1678858 4.1662717 4.1651301
 4.1640282 4.1630831 4.1622958 4.1617451 4.1608396 4.1604457 4.1597767]",0.5,25,2981.876625875111
140,"[4.1793795 4.1748137 4.1718221 4.1695781 4.1677675 4.1662717 4.1650906
 4.1639886 4.1631227 4.1621385 4.1614299 4.1608    4.1602492 4.1595798]",0.5,25,2980.200006586642
141,"[4.1795373 4.1748924 4.1719398 4.1696568 4.1678066 4.1663899 4.1652875
 4.1641068 4.1629653 4.1624141 4.1616664 4.1610365 4.1607213 4.1599736]",0.5,25,2979.3751415557203
142,"[4.1794977 4.1748924 4.1717038 4.1696177 4.1676493 4.1663504 4.1649728
 4.1640282 4.163044  4.1622958 4.1614299 4.1610756 4.1602883 4.1598554]",0.5,25,2977.537711452229
143,"[4.179419  4.1750102 4.1718221 4.1696963 4.1679645 4.1665473 4.1652484
 4.1641459 4.16328   4.1625323 4.1617451 4.1610365 4.1604853 4.159934 ]",0.5,25,2976.560695283337
144,"[4.1793404 4.1747346 4.1718221 4.1695781 4.1676493 4.1662321 4.1648941
 4.163949  4.1630044 4.1622567 4.1614695 4.1608791 4.1601706 4.1596584]",0.5,25,2974.478935943739
145,"[4.1793404 4.1749315 4.1717825 4.1694994 4.1679249 4.166193  4.1651301
 4.1642246 4.1632013 4.1624141 4.1615086 4.1609969 4.160367  4.159934 ]",0.5,25,2973.4063991697853
146,"[4.179419  4.1748528 4.1717434 4.1695781 4.1676493 4.1661143 4.1648154
 4.1639099 4.163044  4.1623745 4.1613908 4.1607213 4.1603279 4.159698 ]",0.5,25,2971.5697010663503
147,"[4.179419  4.1750102 4.1718612 4.1694603 4.1677675 4.166429  4.1650906
 4.1639886 4.1632013 4.1622567 4.1616268 4.1609182 4.1604457 4.1596584]",0.5,25,2970.434022999268
148,"[4.1793795 4.1747742 4.1716642 4.1695781 4.1676888 4.1660748 4.1648545
 4.163949  4.1630044 4.1621385 4.1615872 4.1607609 4.1601706 4.1597767]",0.5,25,2968.66645577203
149,"[4.179419  4.1748137 4.1717434 4.1696177 4.1676888 4.1663113 4.1650515
 4.1641068 4.1630831 4.1620598 4.1615086 4.1608791 4.1604457 4.159698 ]",0.5,25,2967.460032656112
150,"[4.1793404 4.1746955 4.1715465 4.169342  4.1676493 4.1661534 4.1649332
 4.1636739 4.1631227 4.1620598 4.1615872 4.1608396 4.1600914 4.1596584]",0.5,25,2965.935790875788
151,"[4.1793795 4.1748528 4.1717434 4.1695781 4.1676493 4.1662321 4.1651301
 4.1639886 4.1630831 4.1620994 4.1613512 4.1609182 4.1602097 4.1598554]",0.5,25,2964.455207897948
152,"[4.1794586 4.1746168 4.1716251 4.1692634 4.1674528 4.1661143 4.1647367
 4.1637917 4.1627288 4.1619415 4.1613121 4.1605639 4.1600127 4.1595798]",0.5,25,2962.595217091336
154,"[4.1793008 4.1748528 4.1717825 4.1694994 4.1674132 4.1662321 4.1649728
 4.163713  4.1629653 4.1621385 4.1613121 4.1607609 4.1600127 4.1593833]",0.5,25,2961.994626433374
155,"[4.1793008 4.1746168 4.1715856 4.1692238 4.1674919 4.1661534 4.1646972
 4.1636739 4.1627288 4.1620994 4.1612329 4.1606035 4.159934  4.1595011]",0.5,25,2959.008556859267
156,"[4.1792221 4.1747742 4.1715069 4.1693025 4.1675706 4.1659961 4.1647758
 4.1636739 4.1624537 4.1619811 4.1613512 4.1606426 4.1600914 4.1596193]",0.5,25,2957.072496863062
157,"[4.1793795 4.1748137 4.1715069 4.1692238 4.1672559 4.1660748 4.1647367
 4.1635556 4.1627684 4.1619415 4.1611543 4.1606822 4.160131  4.159462 ]",0.5,25,2955.030072625327
158,"[4.179183  4.1745772 4.1713495 4.169342  4.1674528 4.16576   4.1646576
 4.1635556 4.162611  4.1619415 4.1610756 4.1604457 4.1599736 4.159265 ]",0.5,25,2953.203204795193
159,"[4.1792221 4.1746168 4.1714678 4.1691847 4.1674132 4.1658778 4.1645398
 4.1634374 4.1627288 4.1617842 4.1610365 4.1605639 4.1598163 4.1594224]",0.5,25,2951.392550394422
160,"[4.179183  4.1745381 4.1714282 4.1691451 4.1670985 4.1657991 4.1644216
 4.1634374 4.1625323 4.1616664 4.1610756 4.1602097 4.1597376 4.1593041]",0.5,25,2949.55971427097
161,"[4.1792221 4.1744986 4.1712313 4.1690273 4.1672559 4.1658387 4.1645398
 4.1634769 4.1625323 4.1616268 4.1609578 4.1604066 4.1596584 4.1592255]",0.5,25,2948.233284658609
162,"[4.1791434 4.1743016 4.1712708 4.169106  4.1672559 4.16576   4.1644611
 4.1633983 4.1624537 4.1618237 4.1608791 4.1600914 4.1595798 4.1591864]",0.5,25,2946.365247749702
163,"[4.1790257 4.1744199 4.1713891 4.169106  4.1671772 4.1656418 4.1645398
 4.1633587 4.1624537 4.1615872 4.1610365 4.1602492 4.1597376 4.1591864]",0.5,25,2945.066658789739
164,"[4.1791043 4.1744986 4.1714678 4.1689878 4.1673346 4.1656814 4.1645398
 4.1634769 4.1624141 4.1617842 4.1608791 4.160367  4.1596584 4.159029 ]",0.5,25,2943.393286665037
165,"[4.1789861 4.1743808 4.1712708 4.1689091 4.1671376 4.1656418 4.1642642
 4.1634374 4.1623354 4.1614299 4.1607213 4.1602097 4.1595798 4.1590681]",0.5,25,2941.892511425785
166,"[4.1790648 4.1745381 4.1711526 4.1690664 4.1671772 4.1656418 4.1643825
 4.1632013 4.1624928 4.1617055 4.1609969 4.1602097 4.1596584 4.1591864]",0.5,25,2940.541812588025
167,"[4.1789465 4.1745381 4.1713104 4.1691451 4.1671376 4.1656027 4.1644216
 4.16328   4.1623745 4.1615481 4.1608396 4.1600914 4.1595798 4.1591468]",0.5,25,2939.1991016805
168,"[4.1789861 4.1744199 4.1712708 4.1689878 4.1672559 4.1656418 4.1643033
 4.1632013 4.1623354 4.1615872 4.1607213 4.1600914 4.1595011 4.1588712]",0.5,25,2937.841226865913
169,"[4.1789861 4.1743016 4.1712313 4.1689091 4.1670985 4.165524  4.1643033
 4.1632409 4.1623745 4.1614695 4.1606426 4.1600523 4.1595011 4.1588321]",0.5,25,2936.377176219345
170,"[4.1789074 4.1741838 4.1711922 4.1689091 4.1670194 4.1655631 4.1641459
 4.1631227 4.1622567 4.1614299 4.1606426 4.1600523 4.1592255 4.1587925]",0.5,25,2935.0307571781423
171,"[4.17875   4.1742625 4.1712313 4.1688304 4.1669016 4.165524  4.1643429
 4.1632013 4.1621385 4.1613908 4.1606426 4.1598949 4.1593833 4.1587534]",0.5,25,2933.457197241211
172,"[4.1791043 4.1742229 4.1712708 4.1687517 4.1669803 4.1655631 4.1640673
 4.1633196 4.1622958 4.1613121 4.1606035 4.159934  4.1596584 4.1588321]",0.5,25,2932.266362189942
173,"[4.1790257 4.1743016 4.1711526 4.1688695 4.1670589 4.1653662 4.1643429
 4.1632409 4.1621385 4.1614299 4.1605639 4.1600127 4.159265  4.1588321]",0.5,25,2930.828933731692
174,"[4.1788287 4.1743016 4.1710739 4.168673  4.1669407 4.1652875 4.1641459
 4.1629257 4.1620598 4.1613512 4.1605248 4.1597376 4.1593041 4.1586351]",0.5,25,2929.124207564156
175,"[4.1789861 4.1743412 4.1710348 4.1687121 4.1669016 4.1652484 4.1640282
 4.1629653 4.162178  4.1611543 4.1604457 4.1598949 4.159265  4.1586747]",0.5,25,2927.9355737205656
176,"[4.1788678 4.1741443 4.1709166 4.1687121 4.166862  4.1653271 4.1639886
 4.1630831 4.1619024 4.1611543 4.1604457 4.1598163 4.1593041 4.1584382]",0.5,25,2926.626751080725
177,"[4.1788287 4.1741052 4.1710348 4.1687121 4.166862  4.1652875 4.1640282
 4.163044  4.1619024 4.1612725 4.1605639 4.1595798 4.1591077 4.1585169]",0.5,25,2925.219713138428
178,"[4.1789465 4.1742229 4.1711526 4.1689091 4.1668229 4.1653271 4.1641068
 4.1629653 4.1618629 4.1612725 4.1604853 4.1598554 4.1593437 4.1586351]",0.5,25,2923.927799343261
179,"[4.1787105 4.1740656 4.1709561 4.1684365 4.1667047 4.1654449 4.1639099
 4.1627684 4.1617842 4.1611152 4.1602097 4.1597376 4.1589108 4.1585169]",0.5,25,2922.305185839301
180,"[4.17875   4.1741838 4.170877  4.168673  4.1666656 4.1651301 4.163949
 4.163044  4.1619811 4.1611938 4.1602097 4.159698  4.1591864 4.1584382]",0.5,25,2921.170924913325
181,"[4.1787891 4.1740656 4.1711135 4.1687121 4.1667047 4.1652875 4.1640282
 4.162847  4.1620598 4.1611152 4.1604457 4.1596584 4.1588321 4.1584778]",0.5,25,2920.2353360648603
182,"[4.1787891 4.1741052 4.1707983 4.1685152 4.166626  4.1650515 4.1640282
 4.162847  4.1618629 4.1610365 4.1602097 4.1596584 4.1591077 4.1583204]",0.5,25,2918.827672178822
183,"[4.1786318 4.1739869 4.1709561 4.1685944 4.1667833 4.1651301 4.1641068
 4.1627684 4.1618629 4.1610365 4.1602492 4.1595011 4.1589499 4.1583595]",0.5,25,2917.018891382243
184,"[4.1787105 4.1741838 4.1706805 4.1684761 4.1667047 4.1652088 4.1639099
 4.1628079 4.1618237 4.1611152 4.1600523 4.159462  4.1589499 4.1583595]",0.5,25,2915.911906568604
185,"[4.1788678 4.1739473 4.1707983 4.1683578 4.1666656 4.1651697 4.163713
 4.162611  4.1616664 4.1608    4.1602097 4.159462  4.1589108 4.1583204]",0.5,25,2914.48337304104
186,"[4.1785922 4.1740265 4.1707983 4.1682792 4.166429  4.1647758 4.1636343
 4.1624537 4.1617055 4.1608791 4.160131  4.1593041 4.1586747 4.1580839]",0.5,25,2912.8414477242027
187,"[4.1787891 4.1738687 4.1708379 4.1684365 4.1667442 4.1650906 4.1638312
 4.1627684 4.1617451 4.1609578 4.1602492 4.1595011 4.1587138 4.1583595]",0.5,25,2912.2600203683787
188,"[4.1785531 4.1739869 4.1707983 4.1684365 4.1665864 4.1649728 4.1639099
 4.162611  4.1617055 4.1609969 4.1602492 4.1595011 4.1586747 4.1582417]",0.5,25,2910.591989686958
189,"[4.1785531 4.1738296 4.170877  4.1684761 4.1666656 4.1649728 4.1636343
 4.1626897 4.1615086 4.1607609 4.1600523 4.1593437 4.1588321 4.1582808]",0.5,25,2909.4784947379576
190,"[4.1785135 4.1739082 4.1707196 4.1683974 4.1664686 4.1649728 4.1636343
 4.162611  4.1616664 4.1608396 4.1600127 4.1591864 4.1585169 4.1582808]",0.5,25,2907.854415427928
191,"[4.1785531 4.1740265 4.1708379 4.1683974 4.1663504 4.1648154 4.1636343
 4.1624928 4.1615872 4.1605248 4.159934  4.1590681 4.1586747 4.1582022]",0.5,25,2906.78306895101
192,"[4.1785922 4.1740265 4.1706018 4.1683578 4.1665077 4.1650515 4.1636343
 4.1625323 4.1615481 4.1607213 4.159934  4.1592255 4.1588321 4.1580448]",0.5,25,2905.3624786286077
193,"[4.1785135 4.1736722 4.1706409 4.1681609 4.1662717 4.1646972 4.1635556
 4.1624141 4.1615086 4.1605248 4.1598163 4.1590681 4.1585169 4.1580448]",0.5,25,2903.925856600071
194,"[4.1785922 4.1738687 4.1705623 4.1681218 4.1662321 4.1649728 4.1636343
 4.1622567 4.1614695 4.1605248 4.1598554 4.159029  4.158596  4.1580448]",0.5,25,2902.976219688316
195,"[4.1784348 4.17379   4.1705623 4.1681218 4.1663113 4.1646972 4.1634769
 4.1623354 4.1615481 4.1605248 4.1598163 4.1591468 4.1585169 4.1578875]",0.5,25,2901.515074261204
196,"[4.1785531 4.1737509 4.1705623 4.1680822 4.1663504 4.1647367 4.1636343
 4.1624141 4.1615086 4.1605639 4.1597767 4.1591077 4.1585169 4.1578479]",0.5,25,2900.3093422904435
197,"[4.1784348 4.1737113 4.1706018 4.1681218 4.1662717 4.1646576 4.1633983
 4.1623354 4.1612725 4.1603279 4.1597376 4.159029  4.1583991 4.1579266]",0.5,25,2898.9569978953746
198,"[4.1784744 4.1737509 4.1705623 4.1682401 4.1663504 4.1648941 4.1634374
 4.1622171 4.1613908 4.1606035 4.1597767 4.159029  4.1583991 4.1578479]",0.5,25,2897.770109188637
199,"[4.1785135 4.1736722 4.1704836 4.1680036 4.1660357 4.1647367 4.1634374
 4.1620994 4.1613512 4.1604457 4.1595798 4.1588712 4.1582808 4.1578088]",0.5,25,2896.6401971628165
200,"[4.1783957 4.1736326 4.1705623 4.1681609 4.1662717 4.1646972 4.1633587
 4.1623354 4.1612725 4.160367  4.1597376 4.1589108 4.1583595 4.1578479]",0.5,25,2895.365661439344
201,"[4.1785531 4.1735144 4.1703262 4.1678462 4.1663113 4.1645789 4.1633196
 4.1620994 4.1612329 4.1602492 4.1596584 4.1588321 4.1583991 4.1576905]",0.5,25,2894.083555096165
202,"[4.1782775 4.1735144 4.1702867 4.1680822 4.1660748 4.1645398 4.1633196
 4.1620202 4.1610756 4.1603279 4.1595798 4.1587534 4.1581626 4.1574545]",0.5,25,2892.46236922011
203,"[4.1784744 4.1737113 4.1706409 4.1679645 4.1662717 4.1648154 4.1633196
 4.1622567 4.1611938 4.1604457 4.1596584 4.1589108 4.1583595 4.1578479]",0.5,25,2891.777033578152
1,"[4.1813831 4.1766992 4.1735892 4.1714244 4.1695747 4.1679606 4.1666617
 4.1658745 4.1647725 4.1639457 4.1632376 4.1624503 4.1618991 4.1612301]",0.5,25,3146.998452438015
2,"[4.1814222 4.1768169 4.1740222 4.1716213 4.1697712 4.1682363 4.167016
 4.1659927 4.1649299 4.1641035 4.1633949 4.162765  4.1620173 4.1615844]",0.5,25,3150.319480493028
3,"[4.1813045 4.1766992 4.1736679 4.1713853 4.1698108 4.1682363 4.1669374
 4.1657958 4.1649299 4.1639853 4.1632376 4.1626468 4.1619778 4.1615052]",0.5,25,3151.327973055829
4,"[4.1812649 4.1768169 4.1737862 4.171464  4.1696138 4.1682363 4.1668978
 4.1659141 4.1648903 4.1641426 4.1633949 4.1625681 4.1622534 4.1616631]",0.5,25,3150.912947973767
5,"[4.1811862 4.1767383 4.1737075 4.1715031 4.1696534 4.1681967 4.1669374
 4.1657171 4.1648903 4.1641822 4.163434  4.1626468 4.162096  4.1615448]",0.5,25,3149.755638137884
6,"[4.1813436 4.1768565 4.1738648 4.1715426 4.1697712 4.1684332 4.1669765
 4.1660714 4.1651268 4.1642609 4.1634736 4.1628437 4.162096  4.1617022]",0.5,25,3148.256417124292
7,"[4.1812253 4.1765809 4.1736288 4.1713457 4.1695747 4.1680393 4.1668191
 4.1656384 4.1647725 4.1639457 4.163198  4.1626077 4.1620173 4.1615052]",0.5,25,3146.018221527503
8,"[4.1809893 4.1765022 4.1735106 4.1712279 4.1695352 4.1679215 4.1666226
 4.1655989 4.1645365 4.1639853 4.1631584 4.162529  4.1617417 4.1613479]",0.5,25,3143.693329591474
9,"[4.1811466 4.1765413 4.1735106 4.171267  4.1694169 4.168118  4.1667013
 4.1656775 4.1647329 4.1637883 4.1632767 4.1626077 4.1618204 4.1614661]",0.5,25,3142.0377545099595
10,"[4.1810288 4.1765413 4.1736288 4.1712279 4.1696534 4.168118  4.16678
 4.1656775 4.1647329 4.1639457 4.1632376 4.1625681 4.1620564 4.1615844]",0.5,25,3139.931045206435
11,"[4.1809893 4.1764627 4.1735501 4.1711884 4.1695352 4.1680393 4.1666617
 4.1656384 4.1646938 4.1639457 4.1632376 4.1626077 4.1620173 4.1613088]",0.5,25,3137.062734454347
12,"[4.1811862 4.1766992 4.1737471 4.1714244 4.1696138 4.1680789 4.1669765
 4.1658354 4.1649694 4.1639853 4.1633554 4.1627254 4.1621351 4.1616235]",0.5,25,3135.225394583062
13,"[4.1809893 4.1765809 4.1734319 4.1713457 4.1694956 4.1679606 4.1667404
 4.1655989 4.1647329 4.1639457 4.1631584 4.1624107 4.1618991 4.1613874]",0.5,25,3132.654855051132
14,"[4.1811075 4.1767383 4.1736288 4.1713457 4.1695747 4.1681967 4.1668191
 4.1658354 4.1647329 4.1641822 4.1633162 4.162765  4.1621747 4.1615052]",0.5,25,3130.87379028551
15,"[4.1809502 4.176384  4.1733532 4.1711097 4.1692991 4.1678033 4.1665831
 4.1654811 4.1645365 4.163867  4.1629224 4.1624107 4.1618204 4.1613479]",0.5,25,3128.315617464464
16,"[4.1810288 4.1765809 4.1735106 4.1713066 4.1694565 4.1680393 4.1666617
 4.1655989 4.1646938 4.1639066 4.1632376 4.1624894 4.1618991 4.1613874]",0.5,25,3126.023577803684
17,"[4.1809106 4.1763449 4.1733928 4.1711488 4.1692991 4.1677637 4.1666617
 4.1655202 4.1646543 4.1637883 4.163198  4.1624894 4.1618204 4.1614661]",0.5,25,3123.915636033933
18,"[4.1809893 4.1762662 4.1733141 4.1709523 4.1691418 4.1677637 4.1665044
 4.1654024 4.1644182 4.1636705 4.1630406 4.1622925 4.1617808 4.1611118]",0.5,25,3121.404841371668
19,"[4.1809502 4.1765413 4.1733141 4.1711488 4.1693778 4.1678033 4.1665831
 4.1655989 4.1645365 4.1637883 4.1630011 4.1624503 4.1618991 4.1612692]",0.5,25,3119.730081900365
20,"[4.1811075 4.1764627 4.1735106 4.171267  4.1694565 4.1679606 4.1668587
 4.1657567 4.1646152 4.1639853 4.163198  4.1625681 4.162096  4.1614661]",0.5,25,3118.289904686824
21,"[4.1809502 4.1763053 4.1732745 4.171031  4.1690626 4.1676459 4.1664257
 4.1654415 4.1645365 4.1636705 4.1630011 4.1623712 4.1617417 4.1612692]",0.5,25,3115.415149585913
22,"[4.1809893 4.1764627 4.1733141 4.1711097 4.1692595 4.1677637 4.1665044
 4.1654415 4.1645756 4.1637096 4.162962  4.1623321 4.1617417 4.1612301]",0.5,25,3113.1144202998853
23,"[4.1808715 4.1764235 4.1732349 4.1709914 4.1692204 4.1676064 4.1665044
 4.1655202 4.1644969 4.1636705 4.1630011 4.1622138 4.1617022 4.1613088]",0.5,25,3110.516961955296
24,"[4.1807137 4.176187  4.1733141 4.1709914 4.1691809 4.1675277 4.1663861
 4.1652055 4.1643    4.1635914 4.1628437 4.162096  4.1615844 4.1610723]",0.5,25,3108.130265539825
25,"[4.1807532 4.1762662 4.1731172 4.170795  4.1690626 4.1675277 4.1662683
 4.1653233 4.1642609 4.163434  4.1628833 4.1621351 4.1615844 4.1611118]",0.5,25,3106.6034239683727
26,"[4.1805959 4.1761084 4.1730385 4.1708341 4.1690626 4.1674886 4.1662683
 4.1651659 4.1642213 4.1633554 4.1626468 4.162096  4.1614661 4.1609545]",0.5,25,3104.649931406114
27,"[4.1806746 4.1762266 4.1731958 4.170795  4.1691809 4.1675673 4.1664648
 4.1652842 4.1643395 4.1635127 4.1628437 4.1621747 4.1615448 4.1610723]",0.5,25,3102.782131551512
28,"[4.1808319 4.1761084 4.1731563 4.1709523 4.1691022 4.167685  4.1664257
 4.1653628 4.1643786 4.1635914 4.162962  4.1622138 4.1617022 4.1610723]",0.5,25,3100.25987083347
29,"[4.1805563 4.1760297 4.1729989 4.1707158 4.1688266 4.1674094 4.1661105
 4.1650481 4.1641035 4.163434  4.1628046 4.162096  4.1613479 4.1608758]",0.5,25,3097.7709680483663
30,"[4.1807532 4.1761084 4.1731172 4.1708341 4.1688266 4.1675277 4.166347
 4.1652446 4.1643    4.1634736 4.1628046 4.1619778 4.1615448 4.1612692]",0.5,25,3096.020890806341
31,"[4.180635  4.1762266 4.1730776 4.170598  4.1689448 4.1674094 4.1663074
 4.1653233 4.1641822 4.1633162 4.162765  4.162096  4.1615052 4.1611118]",0.5,25,3095.083850144724
32,"[4.1806746 4.1760297 4.1728806 4.1706767 4.1689053 4.167449  4.1661105
 4.1652055 4.1641426 4.1633949 4.1625681 4.1619382 4.1613874 4.1607971]",0.5,25,3093.331355054799
33,"[4.1807137 4.1760297 4.1731172 4.1707158 4.1689448 4.167449  4.1661897
 4.1651268 4.1640639 4.1633949 4.1627254 4.1620173 4.1614661 4.1608758]",0.5,25,3091.503677831084
34,"[4.1805959 4.1760297 4.1729598 4.170598  4.1689448 4.1673703 4.1662288
 4.1650085 4.1642609 4.1633554 4.1626468 4.1621351 4.1614661 4.1609545]",0.5,25,3089.957945200465
35,"[4.1805563 4.175951  4.1728806 4.1705194 4.1687875 4.1671734 4.1659532
 4.1649299 4.1639853 4.1631193 4.162529  4.1618595 4.1611905 4.1606789]",0.5,25,3087.766610637614
36,"[4.1806746 4.175951  4.1728806 4.1706371 4.1687875 4.167213  4.1661105
 4.1651268 4.1640639 4.1632767 4.1625681 4.1618991 4.1614265 4.1607575]",0.5,25,3085.93760060669
37,"[4.1805172 4.1759906 4.1729202 4.1705585 4.1687088 4.1671734 4.1659532
 4.1649299 4.1639457 4.1632767 4.1622925 4.1618204 4.1613088 4.1607184]",0.5,25,3083.926962519801
38,"[4.1805172 4.175951  4.1728415 4.1705194 4.1686296 4.1672521 4.1661105
 4.1648903 4.1639853 4.1632767 4.1624894 4.1617808 4.1613479 4.1607575]",0.5,25,3082.079726048448
39,"[4.1805172 4.175951  4.1728415 4.1704798 4.1687088 4.167213  4.1659927
 4.1649694 4.1639853 4.1631193 4.1624107 4.1617417 4.1612692 4.1607971]",0.5,25,3080.3616853139943
40,"[4.180438  4.1758332 4.1728415 4.1705585 4.1688662 4.167213  4.1659532
 4.1648116 4.1639853 4.1632376 4.1624503 4.1618991 4.1613088 4.1606002]",0.5,25,3078.708279357097
41,"[4.1802807 4.1756754 4.1725659 4.1703615 4.1684723 4.1668978 4.1656775
 4.1646543 4.1637883 4.1628833 4.1622534 4.1615844 4.1609149 4.1604428]",0.5,25,3076.70101970581
42,"[4.1803989 4.175715  4.1727233 4.1705194 4.1686296 4.167016  4.1657958
 4.1646938 4.1639066 4.1630797 4.1622138 4.1615844 4.1612301 4.1604819]",0.5,25,3074.701594185927
43,"[4.1803989 4.1757936 4.1726446 4.1704407 4.1686296 4.167016  4.1658745
 4.1647329 4.1637883 4.1631193 4.1622925 4.1616631 4.1610723 4.1605215]",0.5,25,3073.283451175402
44,"[4.1803594 4.1756363 4.1726055 4.1702042 4.1684723 4.1668978 4.1657567
 4.1646152 4.1637096 4.1628833 4.1622138 4.1616235 4.1609936 4.1604428]",0.5,25,3071.1022805996363
45,"[4.1803989 4.1756754 4.1726446 4.1703615 4.1684723 4.1670947 4.1658354
 4.1647725 4.1638279 4.1628437 4.1621747 4.1617417 4.1611118 4.1605215]",0.5,25,3069.795976760796
46,"[4.1803203 4.1757541 4.1727233 4.1704407 4.1684723 4.167016  4.1658354
 4.1646938 4.1638279 4.162962  4.1622534 4.1615844 4.1609936 4.1605606]",0.5,25,3067.9592961851704
47,"[4.180438  4.1757541 4.1725659 4.1703615 4.1684332 4.1670556 4.1656775
 4.1647329 4.1637492 4.1628833 4.1622138 4.1616235 4.1612301 4.1606393]",0.5,25,3066.299836650937
48,"[4.1802807 4.1756754 4.1725659 4.1702437 4.1684332 4.1668978 4.1657958
 4.1646938 4.1637883 4.1628833 4.1621351 4.1615844 4.1609149 4.1604428]",0.5,25,3064.467573640951
49,"[4.1804776 4.1757936 4.1726842 4.1704798 4.168551  4.167213  4.1659532
 4.1648512 4.1639457 4.1630797 4.1623321 4.1616235 4.1610723 4.1606789]",0.5,25,3061.945882435708
50,"[4.1803594 4.175715  4.1727233 4.1703224 4.168551  4.1670556 4.1657567
 4.1647329 4.1637883 4.1630011 4.1623321 4.1616235 4.1610723 4.1606002]",0.5,25,3059.69068716268
52,"[4.180438  4.1758332 4.1727233 4.1704798 4.1685905 4.1670947 4.1657567
 4.1646938 4.1637492 4.1629224 4.1622138 4.1616631 4.1609545 4.1604428]",0.5,25,3056.6603859006077
53,"[4.1804776 4.1759119 4.172802  4.1705194 4.1688266 4.1671734 4.1658354
 4.1648512 4.1639853 4.1630406 4.1622534 4.1617022 4.1612692 4.1605606]",0.5,25,3054.998814002413
54,"[4.1802416 4.1758332 4.1726446 4.1702828 4.1685119 4.1670947 4.1657567
 4.1647329 4.163631  4.162962  4.162096  4.1616631 4.1609149 4.1604428]",0.5,25,3053.45550940077
55,"[4.1803594 4.1756363 4.1725268 4.1702437 4.1685119 4.1668191 4.1657171
 4.1645756 4.1637096 4.1627254 4.1620564 4.1614265 4.1607575 4.1604033]",0.5,25,3051.300422465141
56,"[4.1803594 4.1758332 4.1727629 4.1703615 4.1684332 4.1671343 4.1658354
 4.1647329 4.1637883 4.1630011 4.1621747 4.1615052 4.1609149 4.1603642]",0.5,25,3049.745990620525
57,"[4.1803989 4.1757936 4.1727233 4.1703224 4.1684723 4.1669765 4.1657567
 4.1647329 4.1638279 4.1630011 4.1622534 4.1615448 4.1610332 4.1604819]",0.5,25,3047.8517823074017
58,"[4.1801629 4.1755967 4.1724477 4.1703615 4.1684723 4.1669374 4.1656775
 4.1646152 4.1637883 4.1628046 4.1620564 4.1614661 4.1608758 4.1604033]",0.5,25,3046.4958077143
59,"[4.1803203 4.1756363 4.1726446 4.1701255 4.1683936 4.167016  4.1657567
 4.1644573 4.1635523 4.1628046 4.1621351 4.1614265 4.1609149 4.1602459]",0.5,25,3045.2436503773297
60,"[4.1801233 4.1754789 4.1724086 4.1700864 4.1681967 4.1667404 4.1654415
 4.1644182 4.1634736 4.1626077 4.1618595 4.1612692 4.1606789 4.1602063]",0.5,25,3045.047416646324
61,"[4.1803203 4.1757936 4.1725659 4.1703615 4.1684723 4.1669374 4.1656384
 4.1646938 4.1636705 4.1628833 4.1622138 4.1614265 4.1609936 4.1604428]",0.5,25,3043.606186949195
62,"[4.180202  4.1756363 4.1724873 4.1701255 4.1683149 4.1666617 4.1655598
 4.1644969 4.1635127 4.1626863 4.1620173 4.1613088 4.1608758 4.1600885]",0.5,25,3042.362272058106
63,"[4.1802416 4.1755576 4.1724873 4.1701255 4.1682363 4.1667013 4.1654811
 4.1642609 4.1635127 4.1626863 4.1619778 4.1614265 4.1607575 4.1601672]",0.5,25,3040.5522718082707
64,"[4.1803203 4.1755576 4.1725268 4.1702828 4.1684332 4.1668191 4.1655989
 4.1644573 4.163631  4.162765  4.1619382 4.1615052 4.1606789 4.1603642]",0.5,25,3039.824149273139
65,"[4.1800842 4.1753211 4.172369  4.1700077 4.1682363 4.1667404 4.1653628
 4.1643786 4.1634736 4.1625681 4.1618991 4.1613088 4.1605606 4.1601276]",0.5,25,3037.514677428386
66,"[4.180202  4.1754789 4.1724873 4.1702042 4.1683936 4.16678   4.1654415
 4.1644573 4.1635914 4.1628437 4.1618991 4.1613088 4.1605606 4.1602063]",0.5,25,3036.693223712836
67,"[4.1802416 4.1756754 4.1725268 4.1702042 4.1683149 4.16678   4.1654415
 4.1645365 4.1634736 4.162765  4.1618991 4.1613874 4.1608758 4.1602063]",0.5,25,3034.47953400404
68,"[4.1800842 4.1755576 4.1723299 4.1698895 4.1683149 4.1666617 4.1654811
 4.1643395 4.1633554 4.162765  4.1618595 4.1611514 4.1605215 4.1599312]",0.5,25,3032.591285127904
69,"[4.1800842 4.1754789 4.1724477 4.1700077 4.1681967 4.1667013 4.1653233
 4.1643786 4.1633949 4.1625681 4.1617417 4.1611118 4.1605215 4.1599312]",0.5,25,3031.10153858005
70,"[4.1800447 4.175518  4.1724477 4.1700864 4.1683149 4.1667404 4.1654024
 4.1643786 4.1632767 4.1626863 4.1617417 4.1611514 4.1606393 4.1601276]",0.5,25,3029.728507996826
71,"[4.1800842 4.1753998 4.1722903 4.1699286 4.1680393 4.1667404 4.1653233
 4.1643    4.1633554 4.1624503 4.1617417 4.1611514 4.1606393 4.1599703]",0.5,25,3028.301408273383
72,"[4.1800842 4.1754789 4.1722903 4.1700468 4.1681967 4.1667013 4.1654024
 4.1643    4.163434  4.1624107 4.1618204 4.1613088 4.1606393 4.1601276]",0.5,25,3027.047194439423
73,"[4.1800051 4.1754789 4.1721725 4.1699286 4.1680789 4.1664648 4.1653233
 4.1642609 4.1631193 4.1624107 4.1616235 4.1609936 4.1603246 4.1599312]",0.5,25,3025.189719221331
74,"[4.1799264 4.1753211 4.1722512 4.1700864 4.1681576 4.1666617 4.1653628
 4.1641035 4.163198  4.1624107 4.1617417 4.1610332 4.1605606 4.1598916]",0.5,25,3023.946006070422
75,"[4.1800447 4.1753607 4.1721725 4.1698499 4.1680393 4.1665831 4.1651268
 4.1641035 4.1631193 4.1624107 4.1615448 4.1609149 4.1603642 4.1599703]",0.5,25,3022.319305772705
76,"[4.1799264 4.175282  4.172133  4.1698895 4.1679215 4.1664257 4.1652446
 4.1641035 4.1631193 4.1622925 4.1615844 4.1609936 4.1603246 4.1597733]",0.5,25,3020.736309672984
77,"[4.1799264 4.1753998 4.1720939 4.1698499 4.1680393 4.1664257 4.1652055
 4.1641035 4.1630011 4.1622925 4.1617417 4.1609149 4.1602855 4.1597342]",0.5,25,3019.599802221814
78,"[4.179966  4.1753211 4.1722116 4.1699286 4.167882  4.1665435 4.1652842
 4.1641035 4.1631584 4.1623321 4.1617022 4.1611118 4.1603246 4.1596947]",0.5,25,3017.9981341286903
79,"[4.1798086 4.1752424 4.1720543 4.1696925 4.1678424 4.1663074 4.1650872
 4.1639853 4.163198  4.1621351 4.1615052 4.1608362 4.1601672 4.159616 ]",0.5,25,3016.56883429145
80,"[4.1799264 4.1752033 4.1722116 4.1698108 4.1678424 4.1663861 4.1650872
 4.1639457 4.1630011 4.1621747 4.1615844 4.1609545 4.1601672 4.1596556]",0.5,25,3015.061647943523
81,"[4.1800051 4.175282  4.1722512 4.1699681 4.1680789 4.1665044 4.1652055
 4.1640639 4.1633162 4.1623712 4.1615844 4.1609545 4.1603246 4.1598129]",0.5,25,3014.029331668023
82,"[4.1800051 4.1754394 4.1722903 4.1698499 4.1680002 4.1665435 4.1652055
 4.1641035 4.1631193 4.1622534 4.1614265 4.1607971 4.1603246 4.159852 ]",0.5,25,3012.767887563478
83,"[4.1798477 4.175282  4.1720939 4.1697321 4.1678033 4.1663074 4.1652446
 4.1640244 4.1630797 4.1622138 4.1616235 4.1608362 4.1601276 4.159616 ]",0.5,25,3010.696301729869
84,"[4.1798873 4.1753211 4.1720939 4.1697712 4.167882  4.1663861 4.1651659
 4.1639066 4.1631193 4.1622138 4.1614265 4.1607575 4.1601672 4.159616 ]",0.5,25,3009.3825715794537
85,"[4.1798086 4.175282  4.1720543 4.1697712 4.1680002 4.1663861 4.1650481
 4.1640244 4.1630011 4.1621747 4.1614265 4.1607184 4.1601672 4.1597342]",0.5,25,3007.9899849852177
86,"[4.1798477 4.1752033 4.1722512 4.1697712 4.1678424 4.166347  4.1650481
 4.1638279 4.1629224 4.1620173 4.1612692 4.1607184 4.1600885 4.1596556]",0.5,25,3006.545824592421
87,"[4.179966  4.1752424 4.1722116 4.1698108 4.1679215 4.1665044 4.1651659
 4.1641822 4.1630011 4.1622925 4.1615448 4.1608758 4.1602855 4.1596556]",0.5,25,3005.595910401474
88,"[4.179769  4.1751637 4.1720543 4.1698108 4.1678424 4.1664257 4.1649694
 4.1639457 4.1630011 4.1622138 4.1615448 4.1606789 4.1602063 4.1596556]",0.5,25,3003.818774672716
89,"[4.1796904 4.1750851 4.1718969 4.1697712 4.1677637 4.1662683 4.1649299
 4.163867  4.1626863 4.1620564 4.1613088 4.1605606 4.1599703 4.1594191]",0.5,25,3002.246169573161
90,"[4.1798477 4.1750064 4.1720939 4.1696138 4.1678424 4.1663074 4.1650872
 4.1637883 4.162962  4.1621351 4.1613479 4.1606789 4.1602063 4.1596556]",0.5,25,3000.7899081590417
91,"[4.1796904 4.175282  4.1720147 4.1696138 4.1677637 4.1662683 4.1650085
 4.1639853 4.1630011 4.162096  4.1613479 4.1607971 4.1601276 4.1595769]",0.5,25,2999.615559152155
92,"[4.1798086 4.1751637 4.1720939 4.1696138 4.1679215 4.1663074 4.1649299
 4.1639853 4.1630011 4.1621747 4.1615448 4.1606789 4.1600885 4.159616 ]",0.5,25,2998.2058530788845
93,"[4.1796117 4.1750851 4.1719756 4.1694565 4.1677246 4.1661897 4.1648116
 4.1638279 4.1628437 4.1619778 4.1612692 4.1605606 4.159852  4.1594191]",0.5,25,2996.557114486357
94,"[4.179769  4.1752424 4.1720543 4.1696534 4.1678033 4.1663074 4.1649694
 4.1640244 4.1630011 4.1622138 4.1613479 4.1607184 4.1601672 4.1595769]",0.5,25,2995.232556360814
95,"[4.179769  4.175046  4.171936  4.1694169 4.167685  4.1660714 4.1647725
 4.1635914 4.1627254 4.1620173 4.1612692 4.1604428 4.1599703 4.1593404]",0.5,25,2993.621437232533
96,"[4.1794934 4.1750064 4.1718574 4.1694956 4.1675673 4.1660714 4.1647725
 4.1635523 4.1626863 4.1618204 4.1610332 4.1604033 4.159852  4.159183 ]",0.5,25,2991.921176722279
97,"[4.1794543 4.1747704 4.1715817 4.1694565 4.1673703 4.1659141 4.1646152
 4.1635127 4.1626468 4.1617417 4.1610332 4.1604033 4.1596556 4.1591043]",0.5,25,2990.513774505482
98,"[4.1795721 4.1747704 4.1716609 4.1692595 4.1674886 4.1658745 4.1646938
 4.1636705 4.1626077 4.1616631 4.1609545 4.1603246 4.1597342 4.1590652]",0.5,25,2989.181034414201
99,"[4.1794543 4.1749668 4.1717396 4.1694565 4.1676064 4.1661501 4.1647725
 4.1635523 4.1626077 4.1618204 4.1611118 4.1605215 4.1596947 4.159183 ]",0.5,25,2988.011978309734
100,"[4.1795721 4.1749668 4.1718183 4.1692991 4.1675277 4.1660714 4.1647329
 4.1635914 4.1625681 4.1618204 4.1609936 4.1603642 4.1598916 4.1594191]",0.5,25,2986.712374573296
101,"[4.179533  4.1748095 4.1716609 4.1693382 4.1675673 4.1659927 4.1647329
 4.1637096 4.1625681 4.1617808 4.1610332 4.1603642 4.159616  4.1591439]",0.5,25,2985.298030556236
103,"[4.1795721 4.1748095 4.1718574 4.1693778 4.1676064 4.1659141 4.1645756
 4.1634736 4.1624503 4.1616235 4.1609149 4.1601276 4.159616  4.1591043]",0.5,25,2983.632473344726
104,"[4.1793756 4.1746917 4.1716213 4.1692991 4.1673307 4.1657567 4.1645365
 4.1634736 4.1623321 4.1615844 4.1607971 4.1601672 4.15938   4.1588287]",0.5,25,2981.446770322402
105,"[4.1794543 4.1747704 4.1716213 4.1693778 4.1674094 4.1657567 4.1645365
 4.163434  4.1622925 4.1615448 4.1608758 4.1601672 4.1595769 4.1590652]",0.5,25,2980.2764586722774
106,"[4.1794543 4.1747704 4.1716609 4.1693778 4.167449  4.1659532 4.1646152
 4.1635914 4.1626077 4.1617808 4.1610723 4.1603642 4.1597342 4.1591043]",0.5,25,2978.861470177136
107,"[4.1793756 4.1748095 4.1715817 4.1691809 4.1673307 4.1657958 4.1644969
 4.1634736 4.1624894 4.1616631 4.1608362 4.1601672 4.1596556 4.1589074]",0.5,25,2977.344874536269
108,"[4.1793361 4.1746917 4.1716213 4.1691809 4.1673703 4.1657171 4.1645365
 4.1633949 4.1624894 4.1615052 4.1607971 4.1601276 4.1595769 4.158947 ]",0.5,25,2975.8757764055717
109,"[4.1794934 4.1748095 4.1715817 4.1692991 4.1673307 4.1658354 4.1644969
 4.1633554 4.1624107 4.1615448 4.1609545 4.1602459 4.1594982 4.158947 ]",0.5,25,2974.259223963354
110,"[4.179297  4.1746521 4.1715817 4.1693382 4.1673703 4.1657958 4.1644573
 4.1632767 4.1623712 4.1616631 4.1607575 4.1602459 4.15938   4.1588287]",0.5,25,2972.599162294381
111,"[4.1794543 4.1746521 4.1715426 4.1691809 4.167213  4.1657171 4.1644182
 4.1633949 4.1624107 4.1615844 4.1606789 4.1599703 4.1594586 4.158947 ]",0.5,25,2971.18633841756
112,"[4.1791787 4.1745338 4.1714244 4.1690626 4.167016  4.1655989 4.1643786
 4.163198  4.1621747 4.1613088 4.1605606 4.159852  4.1593404 4.1586714]",0.5,25,2969.745479456105
113,"[4.1793361 4.1744161 4.1713457 4.1690626 4.1670947 4.1657171 4.1643786
 4.1632376 4.1621747 4.1612301 4.1606002 4.1599703 4.1592617 4.1588287]",0.5,25,2968.52318511271
114,"[4.1792574 4.1745338 4.1715817 4.1691022 4.1672521 4.1656384 4.1643786
 4.1632376 4.1621747 4.1613874 4.1605215 4.1599703 4.1594191 4.1587501]",0.5,25,2967.5860546200875
115,"[4.1792183 4.1746521 4.1715031 4.1690626 4.167213  4.1655989 4.1643395
 4.1631584 4.1622138 4.1613874 4.1605606 4.1600099 4.1594191 4.1588287]",0.5,25,2966.061681960854
116,"[4.1792183 4.1743765 4.171267  4.1689839 4.1671343 4.1654415 4.1642213
 4.1630797 4.1620173 4.1613479 4.1604428 4.159852  4.1592617 4.158711 ]",0.5,25,2964.6730147741687
117,"[4.1791787 4.1745338 4.1714244 4.1691022 4.167213  4.1655989 4.1643786
 4.1632767 4.1622534 4.1614661 4.1606393 4.1599312 4.1593404 4.1588287]",0.5,25,2963.45761711385
118,"[4.1791787 4.1745338 4.1713457 4.1689053 4.1670947 4.1655989 4.1643395
 4.163198  4.1623321 4.1613088 4.1605606 4.1598916 4.1592617 4.1586714]",0.5,25,2962.120463362628
119,"[4.1792574 4.1745338 4.1713853 4.1689053 4.167016  4.1657567 4.1644573
 4.1633162 4.1622138 4.1613088 4.1606789 4.1599312 4.1593404 4.1587896]",0.5,25,2960.736782069906
120,"[4.1793756 4.1744947 4.1713853 4.1689839 4.1669765 4.1655989 4.1642213
 4.1631193 4.1621351 4.1611118 4.1604033 4.1597733 4.159183  4.1587501]",0.5,25,2959.252971852489
121,"[4.1791    4.1743765 4.1712279 4.1687088 4.1669374 4.1653628 4.1641426
 4.1630797 4.1619382 4.1612692 4.1602855 4.159616  4.159183  4.1585531]",0.5,25,2957.658379235293
122,"[4.1790605 4.1744947 4.1711884 4.1690235 4.167016  4.1653628 4.1641426
 4.1630406 4.1621351 4.1613088 4.1604819 4.159852  4.1592226 4.1585927]",0.5,25,2956.4691342574047
123,"[4.1791391 4.1744552 4.1713853 4.1688266 4.1670556 4.1657567 4.1641822
 4.1630406 4.1621351 4.1611514 4.1604033 4.1599312 4.1593404 4.1585531]",0.5,25,2955.0790898912205
124,"[4.1790605 4.1743765 4.171267  4.1689053 4.1669765 4.1654024 4.1641035
 4.1630406 4.1620173 4.1612301 4.1604819 4.1596947 4.1589861 4.158514 ]",0.5,25,2953.724679510091
125,"[4.1791    4.1744161 4.1711884 4.1689448 4.1669765 4.1655598 4.1643
 4.1628833 4.1620564 4.1613088 4.1604033 4.159852  4.1591439 4.1586323]",0.5,25,2952.4885339263237
126,"[4.1791391 4.1744161 4.1714244 4.1689053 4.167016  4.1654811 4.1643
 4.1631193 4.1621747 4.1613088 4.1604819 4.159852  4.159183  4.1585927]",0.5,25,2951.2897474999986
127,"[4.1791787 4.1742587 4.1712279 4.1689053 4.1669765 4.1654415 4.1641426
 4.162962  4.1619778 4.1611118 4.1604033 4.1598129 4.1589861 4.1587501]",0.5,25,2949.757171207004
128,"[4.1790605 4.17418   4.1710701 4.1686692 4.16678   4.1652842 4.1639066
 4.162765  4.1618204 4.1610332 4.1603246 4.1595373 4.158947  4.1583171]",0.5,25,2948.2418603276924
129,"[4.1790214 4.1742587 4.1711488 4.1687875 4.16678   4.1652055 4.1640639
 4.1628437 4.1618595 4.1610332 4.1601672 4.1596556 4.158947  4.1583567]",0.5,25,2946.625219944795
130,"[4.1789818 4.1742587 4.1711097 4.1687479 4.1669765 4.1653628 4.1640639
 4.1629224 4.1617808 4.1609149 4.1601672 4.159616  4.1588683 4.158278 ]",0.5,25,2945.345815368107
131,"[4.1790605 4.1742587 4.1711884 4.1687088 4.1668978 4.1654415 4.1641035
 4.162765  4.1618595 4.1609936 4.1603246 4.159616  4.1590257 4.1585531]",0.5,25,2943.896175346136
132,"[4.1790605 4.1743765 4.1709914 4.1687875 4.1667404 4.1654024 4.1640639
 4.1627254 4.1617808 4.1610723 4.1603246 4.1595769 4.158947  4.1583171]",0.5,25,2942.581230949436
133,"[4.1790214 4.17418   4.171031  4.1685905 4.1667404 4.1651268 4.1638279
 4.1626863 4.1617417 4.1610723 4.1601672 4.1594191 4.158947  4.1583171]",0.5,25,2940.887099912513
134,"[4.1788244 4.17418   4.1709127 4.1685905 4.1667404 4.1650872 4.163867
 4.1627254 4.1616631 4.1609936 4.1601276 4.15938   4.1587501 4.1581993]",0.5,25,2939.295762480739
135,"[4.1789818 4.17418   4.1709914 4.168551  4.1667404 4.1650481 4.1639066
 4.1628437 4.1618204 4.1607971 4.1601672 4.1594191 4.1587501 4.1581597]",0.5,25,2938.1778957014976
136,"[4.1788244 4.1741009 4.1708736 4.168551  4.1667013 4.1651268 4.1638279
 4.1626077 4.1617417 4.1607971 4.160049  4.1593013 4.1587501 4.1581993]",0.5,25,2936.457524514568
137,"[4.1787853 4.1740618 4.1709127 4.1684723 4.1665044 4.1648903 4.163631
 4.162529  4.1616235 4.1608362 4.1600099 4.1592617 4.1586714 4.1580811]",0.5,25,2935.005119443493
138,"[4.1786671 4.1740618 4.170795  4.1684332 4.1663861 4.1648116 4.1635914
 4.1626077 4.1615448 4.1607184 4.1597733 4.1592226 4.1585531 4.1580811]",0.5,25,2933.099710965575
139,"[4.178864  4.1740618 4.1708341 4.168551  4.1665831 4.1651268 4.163867
 4.162529  4.1616631 4.1608362 4.1599703 4.15938   4.158711  4.1581597]",0.5,25,2932.1260595358613
140,"[4.178864  4.1740222 4.170795  4.1685119 4.1664257 4.1650085 4.163631
 4.162529  4.1617022 4.1606789 4.1600099 4.1593404 4.1585927 4.1580415]",0.5,25,2930.483186265326
141,"[4.1786275 4.1738648 4.1707158 4.1681576 4.1664257 4.1647725 4.1633949
 4.1622925 4.1612301 4.1604033 4.1596947 4.1589861 4.1582384 4.1576872]",0.5,25,2928.511415809327
142,"[4.1788244 4.1738648 4.170795  4.1683545 4.1664648 4.1648903 4.163631
 4.1624894 4.1614661 4.1606393 4.159852  4.159183  4.158514  4.1580024]",0.5,25,2927.0849233330628
143,"[4.1787062 4.1739831 4.1705585 4.1681967 4.1661897 4.1646938 4.1633162
 4.1622138 4.1610723 4.1605215 4.1597733 4.1589861 4.158278  4.1577663]",0.5,25,2925.587149634736
144,"[4.1786671 4.1739435 4.170598  4.1682363 4.1663074 4.1646152 4.163434
 4.1622138 4.1613088 4.1604033 4.1596556 4.1589861 4.1583567 4.1577663]",0.5,25,2923.998161796466
145,"[4.1787062 4.1739435 4.1706767 4.1681967 4.166347  4.1648116 4.1633949
 4.1622138 4.1614661 4.1605215 4.1596947 4.1589861 4.1583171 4.157845 ]",0.5,25,2922.4663494247807
146,"[4.1786275 4.1739044 4.1706767 4.1683149 4.166347  4.1646938 4.1634736
 4.1621351 4.1611905 4.1602459 4.159616  4.1589861 4.1583171 4.1576872]",0.5,25,2920.75113329658
147,"[4.1786671 4.1739435 4.1706767 4.1683545 4.1663074 4.1646152 4.163434
 4.1623321 4.1613479 4.1604033 4.1595769 4.1590257 4.1583567 4.1577268]",0.5,25,2919.161223600536
148,"[4.1786275 4.1737471 4.1704798 4.1680789 4.1661897 4.1646938 4.1633554
 4.162096  4.1611118 4.1602063 4.159616  4.1589074 4.1580811 4.1574907]",0.5,25,2917.441183964574
149,"[4.1787457 4.1737862 4.1706767 4.168118  4.1662683 4.1646938 4.1633949
 4.1622138 4.1613088 4.1603642 4.1596556 4.1588287 4.158278  4.1577268]",0.5,25,2916.380414921333
150,"[4.1787062 4.1737471 4.1704798 4.1681967 4.1661105 4.1645756 4.1631584
 4.1620564 4.1611118 4.1602459 4.1595373 4.1588287 4.1580024 4.1576085]",0.5,25,2914.194796784532
151,"[4.1783915 4.1739044 4.1705194 4.1680393 4.1662683 4.1644969 4.163198
 4.1621747 4.1610723 4.1601672 4.1594191 4.1587501 4.1580811 4.1574907]",0.5,25,2912.621050972632
152,"[4.1787457 4.1737862 4.1707554 4.1681576 4.1663074 4.1646938 4.1633554
 4.1622138 4.1612301 4.1603246 4.1594586 4.1587896 4.1581202 4.1575694]",0.5,25,2911.076661472306
154,"[4.1785097 4.1737075 4.1704407 4.1680393 4.1660714 4.1644573 4.1631193
 4.1618595 4.1609545 4.1602063 4.1593404 4.1585531 4.1579628 4.1574121]",0.5,25,2909.188271586913
155,"[4.1785488 4.1735892 4.1704011 4.1679606 4.1659532 4.1643786 4.1630406
 4.1618991 4.1607971 4.1601276 4.1592617 4.1585531 4.1579237 4.1572938]",0.5,25,2906.608196927084
156,"[4.1785488 4.1737075 4.1703615 4.1679606 4.1660318 4.1643    4.1631584
 4.1620173 4.1608758 4.1600885 4.1592617 4.1585531 4.1579237 4.1572542]",0.5,25,2904.0559025877537
157,"[4.1782732 4.1735892 4.1703224 4.167882  4.1659927 4.1644969 4.1630797
 4.1618204 4.1607971 4.1598916 4.1591439 4.1584353 4.157845  4.1572938]",0.5,25,2902.114675814209
158,"[4.1784701 4.1735892 4.1703615 4.1680002 4.1659532 4.1643395 4.1632376
 4.1618595 4.1610723 4.160049  4.1593013 4.1585927 4.1579628 4.1572938]",0.5,25,2900.3589949955244
159,"[4.1784701 4.1734319 4.1702828 4.1678424 4.1658354 4.1643    4.162962
 4.1618204 4.1607575 4.159852  4.1590652 4.1583567 4.1577268 4.1571364]",0.5,25,2898.249636454264
160,"[4.1783915 4.1735106 4.1704798 4.1679215 4.1660714 4.1644182 4.163198
 4.1619382 4.1607971 4.159852  4.159183  4.1583958 4.1578841 4.1572542]",0.5,25,2896.548522002631
161,"[4.1783524 4.1735501 4.1704011 4.1678424 4.1658745 4.1642609 4.1628046
 4.1617022 4.1606393 4.1597342 4.1590652 4.1583171 4.1576872 4.1571364]",0.5,25,2894.450117063936
162,"[4.1782732 4.1733532 4.1702042 4.1675673 4.1657171 4.1642213 4.162765
 4.1615052 4.1605606 4.1596556 4.1588287 4.158278  4.1574907 4.1568213]",0.5,25,2892.177745016004
163,"[4.1782732 4.1735106 4.1703224 4.1676459 4.1657567 4.1642213 4.162765
 4.1616631 4.1604819 4.1596556 4.1589074 4.1581993 4.1576085 4.1569791]",0.5,25,2890.61048670627
164,"[4.1782732 4.1735106 4.1701255 4.1676459 4.1656384 4.1641035 4.1626077
 4.1616631 4.1604819 4.1596947 4.1588287 4.1581993 4.1574512 4.1568999]",0.5,25,2888.575213299424
165,"[4.1780767 4.1731958 4.1700077 4.1676459 4.1655989 4.163867  4.1626468
 4.1613874 4.1604819 4.15938   4.1588683 4.1580024 4.1574121 4.1567822]",0.5,25,2886.7213213388395
166,"[4.1781945 4.1731958 4.1698499 4.1674886 4.1654415 4.1637883 4.1624503
 4.1612692 4.1601276 4.1594191 4.158711  4.1577663 4.1571755 4.1565065]",0.5,25,2884.564711812336
167,"[4.1783128 4.1732745 4.1702042 4.1676459 4.1657171 4.1640639 4.1626863
 4.1614661 4.1604428 4.1595373 4.1587501 4.1580811 4.1573725 4.1567822]",0.5,25,2883.013429513074
168,"[4.1781945 4.1733532 4.1700468 4.167449  4.1655989 4.1640244 4.162529
 4.1613479 4.1602459 4.1593013 4.1586323 4.1579237 4.1574121 4.1566248]",0.5,25,2880.8524741775173
169,"[4.1781158 4.1731958 4.1699286 4.1674094 4.1655989 4.163867  4.1626077
 4.1612692 4.1602459 4.1594586 4.1585531 4.157845  4.1571755 4.1566248]",0.5,25,2878.902930231256
170,"[4.1780372 4.1732745 4.1699286 4.1675673 4.1655989 4.1638279 4.162529
 4.1612301 4.1602063 4.1593404 4.1586323 4.1578841 4.1570578 4.1566248]",0.5,25,2877.0511992924
171,"[4.1781158 4.1732745 4.1700077 4.167449  4.1656384 4.1638279 4.162529
 4.1612301 4.1603642 4.1593013 4.1584744 4.1578841 4.1570969 4.1565065]",0.5,25,2874.9474799095333
172,"[4.1781554 4.1732745 4.1699286 4.1673703 4.1655202 4.1637883 4.162529
 4.1612301 4.1602855 4.1593404 4.1585927 4.1578841 4.1571755 4.156467 ]",0.5,25,2873.029929137505
173,"[4.1780372 4.1731958 4.1698895 4.1672916 4.1654415 4.1638279 4.1623321
 4.1611905 4.1602063 4.1593013 4.158278  4.1576872 4.1569395 4.1563492]",0.5,25,2870.818503068985
174,"[4.1779981 4.1729989 4.1697321 4.167213  4.1651659 4.1637096 4.1621747
 4.1610723 4.1599312 4.1591043 4.158278  4.1574121 4.1569395 4.1563096]",0.5,25,2868.449509473604
175,"[4.1781554 4.1732349 4.1698499 4.1673703 4.1653233 4.1637096 4.1623321
 4.1611514 4.1601672 4.1591439 4.1584353 4.1576085 4.1569791 4.156467 ]",0.5,25,2866.7269794650624
176,"[4.1780767 4.1732349 4.1699286 4.1673703 4.1654024 4.1637883 4.1623321
 4.1611514 4.160049  4.1591043 4.158278  4.1575694 4.1567822 4.1562705]",0.5,25,2864.8177579250737
177,"[4.1779189 4.1732349 4.1697321 4.1672521 4.1652055 4.1635127 4.1622138
 4.1609149 4.1599703 4.1590257 4.1580811 4.1574907 4.1567822 4.1561131]",0.5,25,2862.204668213839
178,"[4.1779981 4.1729202 4.1695747 4.167016  4.1651268 4.1634736 4.1620173
 4.1608362 4.1597733 4.1587501 4.1580811 4.1572938 4.1566248 4.156034 ]",0.5,25,2859.672931316596
179,"[4.1779981 4.1730776 4.1696925 4.1670947 4.1652446 4.1635523 4.1620564
 4.1608758 4.1599703 4.158947  4.1581993 4.1573725 4.1569395 4.1559949]",0.5,25,2857.627920805526
180,"[4.1779981 4.1730385 4.1695747 4.1670556 4.1651659 4.1635523 4.1620173
 4.1609545 4.1597733 4.1587896 4.1580415 4.1572938 4.1567035 4.1561131]",0.5,25,2855.0111897283223
181,"[4.1779189 4.1732349 4.1696138 4.1672916 4.1652446 4.1634736 4.1621747
 4.1608758 4.1600099 4.1589861 4.1581597 4.1574512 4.1566639 4.1561918]",0.5,25,2852.772042367756
182,"[4.1779189 4.1730385 4.1697712 4.1670947 4.1653233 4.1636705 4.1619778
 4.1609545 4.1598916 4.1588683 4.1581202 4.1574907 4.1567035 4.1561131]",0.5,25,2850.087366297877
183,"[4.1779189 4.1730385 4.1695747 4.167016  4.1650481 4.163434  4.162096
 4.1609149 4.1597342 4.1589074 4.1580415 4.1573329 4.1565852 4.1559162]",0.5,25,2847.376963641765
184,"[4.1779189 4.172802  4.1696925 4.1669765 4.1650481 4.1635914 4.1620564
 4.1608362 4.1597733 4.1589074 4.1580415 4.1572151 4.1565852 4.1559553]",0.5,25,2844.634873071829
185,"[4.1779189 4.172802  4.1696138 4.1669765 4.1650481 4.163434  4.1619382
 4.1607575 4.1597342 4.1587896 4.1579628 4.1571364 4.1564279 4.1559162]",0.5,25,2841.807496174181
186,"[4.1777616 4.1729598 4.1696534 4.1669765 4.1650085 4.1633162 4.1620173
 4.1606393 4.1596947 4.1587501 4.1578054 4.1572151 4.1564279 4.1559162]",0.5,25,2839.348686188151
187,"[4.1777616 4.1726842 4.1694169 4.1669765 4.1648116 4.1632376 4.1616631
 4.1606789 4.159616  4.1586323 4.1578054 4.1570182 4.1562705 4.1555223]",0.5,25,2835.834883409156
188,"[4.1777616 4.172802  4.1693778 4.1668191 4.1647725 4.1632767 4.1619382
 4.1606789 4.159616  4.158514  4.1577663 4.1568213 4.1562309 4.1556802]",0.5,25,2833.163120222302
189,"[4.1776829 4.1726446 4.1693382 4.1668191 4.1648512 4.1630406 4.1617022
 4.1604819 4.1593013 4.1584353 4.1575694 4.1568213 4.1563096 4.1554832]",0.5,25,2830.121202759604
190,"[4.1776829 4.1727233 4.1693382 4.1667404 4.1648116 4.1630797 4.1616235
 4.1604428 4.1592617 4.1584353 4.1575298 4.1568213 4.1560736 4.1555223]",0.5,25,2826.970306240911
191,"[4.1776438 4.1726842 4.1694169 4.1668191 4.1649694 4.1631584 4.1616631
 4.1603642 4.1593013 4.1584744 4.1576872 4.1567426 4.156034  4.1555223]",0.5,25,2823.8390249860304
192,"[4.1776042 4.1726446 4.1692991 4.1668587 4.1649299 4.1630797 4.1617417
 4.1606393 4.15938   4.1584353 4.1575298 4.1566639 4.1561131 4.1554832]",0.5,25,2820.754117356093
193,"[4.1776438 4.1727233 4.1694169 4.16678   4.1648512 4.1630797 4.1616235
 4.1604428 4.1596556 4.1584744 4.1576085 4.1568213 4.156034  4.1554046]",0.5,25,2817.819402750928
194,"[4.1775255 4.1726446 4.1692204 4.1666226 4.1646938 4.1630797 4.1617022
 4.1603246 4.1594191 4.1582384 4.1574121 4.1566639 4.1559553 4.155365 ]",0.5,25,2814.308292561709
195,"[4.1774859 4.1724873 4.1692204 4.1667013 4.1647329 4.1628437 4.1615052
 4.1603642 4.1591439 4.1581993 4.1573329 4.156467  4.1557589 4.1551681]",0.5,25,2810.894450539279
196,"[4.1776829 4.1726055 4.1691809 4.1666226 4.1647329 4.1630797 4.1615448
 4.1604819 4.1593404 4.1583171 4.1574512 4.1567035 4.1559949 4.1554046]",0.5,25,2807.838524618192
197,"[4.1776829 4.1725659 4.1692204 4.1667404 4.1646938 4.162962  4.1616235
 4.1603246 4.1593013 4.1581597 4.1574512 4.1565065 4.1558766 4.1551681]",0.5,25,2804.343622679309
198,"[4.1776042 4.1725268 4.1692204 4.1666617 4.1645756 4.1630011 4.1616235
 4.1602459 4.1593013 4.158278  4.1574907 4.1567035 4.1559553 4.1553259]",0.5,25,2801.087040154079
199,"[4.1775651 4.1726446 4.1692204 4.1666226 4.1646938 4.1630011 4.1615448
 4.1602855 4.1593013 4.1583171 4.1574907 4.1565461 4.1559949 4.1553259]",0.5,25,2797.6641376422804
200,"[4.1773682 4.1726446 4.1691022 4.1665435 4.1646152 4.1628437 4.1614661
 4.1601276 4.1592617 4.1581202 4.1572938 4.1565461 4.1557589 4.155129 ]",0.5,25,2794.082306275229
201,"[4.1774468 4.1724873 4.1692991 4.1666226 4.1647725 4.1629224 4.1615052
 4.1603246 4.1591439 4.1581993 4.1573725 4.1566639 4.155798  4.1552472]",0.5,25,2790.694657638755
202,"[4.1772895 4.172369  4.1689839 4.1666617 4.1644573 4.162765  4.1613479
 4.1600885 4.1590652 4.1580811 4.1572938 4.1565065 4.1557193 4.154932 ]",0.5,25,2786.9327326235634
203,"[4.1773286 4.1723299 4.1689448 4.1663861 4.1643786 4.162765  4.1612301
 4.1600099 4.1589074 4.1580024 4.1571755 4.1563096 4.155601  4.1548929]",0.5,25,2782.912109786922
1,"[4.1811924 4.1766253 4.1735935 4.1713099 4.1695771 4.1680021 4.1668997
 4.1657186 4.1646557 4.1638288 4.1631198 4.1623721 4.1618209 4.1612697]",0.5,25,3242.752733705648
2,"[4.1811137 4.1766253 4.1735148 4.1712704 4.1694984 4.1678448 4.1665063
 4.1654825 4.1644588 4.1637106 4.1631594 4.162293  4.161624  4.1611905]",0.5,25,3242.839170450164
3,"[4.1810746 4.1765466 4.1733966 4.1711917 4.1693411 4.1678843 4.1665063
 4.1653643 4.1643801 4.1637106 4.1629233 4.1622539 4.1615844 4.1611118]",0.5,25,3241.791395366888
4,"[4.1811533 4.1766648 4.1734362 4.1711521 4.1693411 4.1678448 4.166585
 4.1655612 4.1644192 4.1638288 4.163002  4.1623721 4.1617026 4.1612697]",0.5,25,3239.7980887226
5,"[4.1810746 4.1765857 4.1733179 4.1711521 4.1693015 4.1677661 4.1665454
 4.1654429 4.1645374 4.163671  4.1629233 4.1622539 4.1615453 4.1611118]",0.5,25,3237.959049619277
6,"[4.1809564 4.1763892 4.173357  4.1710343 4.1692228 4.1677265 4.1666241
 4.1653252 4.1645374 4.1635923 4.1629233 4.162293  4.1617026 4.1611905]",0.5,25,3235.8472017753056
7,"[4.1809564 4.176507  4.1732392 4.1710734 4.1691442 4.1678448 4.1665063
 4.1654038 4.1645374 4.1636319 4.1628838 4.162293  4.1616631 4.1611905]",0.5,25,3233.947131070559
8,"[4.1809168 4.1763892 4.1732392 4.1711521 4.1692624 4.1679235 4.1665454
 4.1654825 4.1645374 4.1637106 4.1629624 4.1622143 4.1617026 4.1611905]",0.5,25,3231.638508523899
9,"[4.180799  4.1763496 4.1733179 4.1709552 4.1691051 4.1676087 4.1664276
 4.1653252 4.1643405 4.1635532 4.1628838 4.1623325 4.1615844 4.1611118]",0.5,25,3228.9346116901343
10,"[4.1808381 4.176271  4.1732392 4.1708765 4.1689868 4.1675301 4.166388
 4.165246  4.1643405 4.1635532 4.1628051 4.1621752 4.1616631 4.1611905]",0.5,25,3226.716007944608
11,"[4.1808381 4.1761923 4.1732392 4.1707978 4.1690655 4.1675301 4.1663094
 4.1651282 4.1642222 4.1634746 4.1628442 4.1622143 4.1617813 4.1611514]",0.5,25,3224.581783804391
12,"[4.1807594 4.176271  4.1730814 4.1708374 4.1688294 4.1675301 4.1662307
 4.1652069 4.1644588 4.1635923 4.1629624 4.1621752 4.161624  4.1611514]",0.5,25,3222.307696797009
13,"[4.1807203 4.176074  4.1731997 4.1707191 4.1689081 4.1675301 4.166388
 4.1651673 4.1642222 4.1634746 4.1626868 4.1621752 4.1615453 4.1610332]",0.5,25,3219.800763807507
14,"[4.1806412 4.1761527 4.173121  4.1709161 4.1689472 4.1676478 4.1663094
 4.1652069 4.1643014 4.1635137 4.1628442 4.1621752 4.1615453 4.1611905]",0.5,25,3217.575359727103
15,"[4.1806412 4.1761136 4.1729636 4.1707587 4.1688685 4.1674118 4.166152
 4.1652069 4.1643801 4.1633563 4.1628051 4.1621356 4.1614661 4.1610727]",0.5,25,3215.518971491018
16,"[4.1806412 4.1760345 4.1729636 4.1707587 4.1688294 4.1673331 4.1662307
 4.1649704 4.1641436 4.1633954 4.1626477 4.1620965 4.1614661 4.1609545]",0.5,25,3213.0329185602504
17,"[4.1806021 4.1759953 4.1730027 4.1705618 4.1687899 4.1672544 4.1661124
 4.1648917 4.1641045 4.1633954 4.1624112 4.1620173 4.1613088 4.1608362]",0.5,25,3210.365765038927
18,"[4.1804447 4.1758771 4.1729636 4.1705222 4.1686716 4.1672149 4.1659942
 4.1649313 4.1640258 4.1633167 4.1626868 4.1619387 4.1613874 4.1608362]",0.5,25,3208.147131154921
19,"[4.1804838 4.1759167 4.1728454 4.1706009 4.1687503 4.1672935 4.1659942
 4.1648917 4.1641045 4.1633563 4.1627655 4.1620173 4.1613483 4.1608758]",0.5,25,3205.821276195068
20,"[4.1806412 4.176074  4.1730027 4.1707191 4.1688685 4.1673722 4.1662307
 4.1652069 4.1642222 4.1633563 4.1626477 4.1621356 4.1615453 4.1610332]",0.5,25,3203.815907912597
21,"[4.1804838 4.1758375 4.1726093 4.1704435 4.1686716 4.1672935 4.1659155
 4.1648917 4.1641045 4.1631989 4.1626081 4.1619387 4.1613874 4.1608362]",0.5,25,3203.9323788094066
22,"[4.1806021 4.1759558 4.1727271 4.1706405 4.1687503 4.1672544 4.1659942
 4.1649704 4.1641045 4.1633563 4.1625686 4.1619387 4.1613483 4.1609149]",0.5,25,3199.1494472583004
23,"[4.1805234 4.1757984 4.1728849 4.1704831 4.1687112 4.1671753 4.1659551
 4.1648917 4.1639466 4.1631989 4.1625295 4.1618996 4.1613088 4.1607184]",0.5,25,3196.871257763129
24,"[4.1804447 4.1759558 4.1728058 4.1706009 4.1687112 4.1671753 4.1661911
 4.1650887 4.1640258 4.163238  4.1625686 4.1619387 4.1614661 4.1609941]",0.5,25,3194.712990687799
25,"[4.1803656 4.1759167 4.172688  4.1704435 4.1686325 4.1671362 4.1659551
 4.16501   4.1639862 4.1631594 4.1625686 4.1619387 4.1613874 4.1608362]",0.5,25,3192.075076030274
26,"[4.1803265 4.1756802 4.1726093 4.1703253 4.1684356 4.1670179 4.1657581
 4.1647344 4.1638288 4.163002  4.162293  4.1617813 4.1611118 4.1607575]",0.5,25,3189.640875537245
27,"[4.1803656 4.1757588 4.1726093 4.1703253 4.1686325 4.1669788 4.1658764
 4.1649704 4.1639862 4.1631198 4.1624899 4.1618209 4.1613874 4.1607575]",0.5,25,3187.793125910509
28,"[4.1804051 4.1757197 4.172688  4.170404  4.1685538 4.1670966 4.1657972
 4.164813  4.163868  4.163238  4.1624899 4.16186   4.1613088 4.1607971]",0.5,25,3185.900108811038
29,"[4.1802082 4.1755619 4.1724124 4.1700892 4.1683173 4.1668997 4.1656008
 4.1646948 4.1637502 4.1628838 4.1622539 4.1616631 4.1611514 4.1605215]",0.5,25,3183.551178793403
30,"[4.1801691 4.1756015 4.1725302 4.1702466 4.1684747 4.1669788 4.1656399
 4.1646557 4.1637502 4.1629233 4.1622143 4.1615844 4.1611118 4.1606002]",0.5,25,3181.649166444634
31,"[4.1802082 4.1754832 4.1724515 4.1700892 4.1682386 4.1667819 4.1656008
 4.1646557 4.1637502 4.1629233 4.1622539 4.1616631 4.1611118 4.1603637]",0.5,25,3179.2756477067046
32,"[4.1801691 4.1754045 4.1724515 4.1700892 4.1683569 4.166821  4.1656008
 4.1647344 4.1637502 4.1629233 4.1620965 4.1615844 4.1610727 4.1605215]",0.5,25,3177.0844043069096
33,"[4.1801691 4.1754832 4.1722941 4.1700106 4.1682386 4.1667423 4.1654429
 4.164577  4.1636319 4.1628442 4.1620173 4.1615453 4.1609545 4.1605215]",0.5,25,3174.6900828347466
34,"[4.18009   4.1756015 4.1723728 4.1700892 4.1683173 4.1668997 4.1657186
 4.1646948 4.1637106 4.1628442 4.1622539 4.1615453 4.1610332 4.1606002]",0.5,25,3173.106643724096
35,"[4.18009   4.1754441 4.1724124 4.1700497 4.168396  4.1668606 4.1656795
 4.1645374 4.1637106 4.163002  4.1623721 4.1615453 4.1610332 4.1604819]",0.5,25,3170.849393468152
36,"[4.1800113 4.1753654 4.1722941 4.1700497 4.1683173 4.166821  4.1655612
 4.164577  4.1635923 4.1628838 4.1622143 4.1615844 4.1610332 4.1604819]",0.5,25,3168.786756641713
37,"[4.1801691 4.1753654 4.1723728 4.1700106 4.1681991 4.1669393 4.1657581
 4.164577  4.1636319 4.1628442 4.1621752 4.161427  4.1609149 4.1604819]",0.5,25,3166.613709955512
38,"[4.1799326 4.1754045 4.1722155 4.1700106 4.16816   4.1666241 4.1654429
 4.1644192 4.163435  4.1626477 4.1618996 4.1613874 4.1607184 4.1602063]",0.5,25,3164.119911181775
39,"[4.1798539 4.1753654 4.1722941 4.169971  4.1682386 4.1666636 4.1654429
 4.1643801 4.1634746 4.1628051 4.1620173 4.1613483 4.1608362 4.1604819]",0.5,25,3162.174591848277
40,"[4.1800113 4.1753654 4.1723337 4.1701679 4.1683173 4.166821  4.1654825
 4.164577  4.1635923 4.1628051 4.1620965 4.1614661 4.1609941 4.1604819]",0.5,25,3160.635387038033
41,"[4.1801295 4.1754832 4.1724124 4.1700497 4.1683173 4.1668997 4.1656399
 4.164577  4.1637502 4.1627655 4.1621752 4.1615453 4.1610727 4.1605606]",0.5,25,3158.9014961848934
42,"[4.1800508 4.1753654 4.1723337 4.1700892 4.1682782 4.1667032 4.1655612
 4.1643801 4.1635532 4.1627264 4.1621356 4.1615057 4.1609545 4.1604033]",0.5,25,3156.750151267767
43,"[4.1798935 4.1753654 4.1722546 4.1698527 4.1681991 4.1666241 4.1654038
 4.1643801 4.1633954 4.1626868 4.1620965 4.1612301 4.1607971 4.160285 ]",0.5,25,3154.343560112168
44,"[4.1799722 4.1752076 4.1722155 4.1698527 4.1680021 4.1665454 4.1653643
 4.1644192 4.1634746 4.1627264 4.1620173 4.1613874 4.1609545 4.1603637]",0.5,25,3152.691169865452
45,"[4.1800508 4.1752076 4.1721759 4.1698923 4.1681204 4.166585  4.1654038
 4.1643801 4.1634746 4.1626868 4.1619387 4.161427  4.1607971 4.160285 ]",0.5,25,3150.8075800352667
46,"[4.1800113 4.1752076 4.1720581 4.169971  4.1680417 4.1666241 4.1654825
 4.1643014 4.1634746 4.1626081 4.1617813 4.1611905 4.1607971 4.1602459]",0.5,25,3149.016714626057
47,"[4.1798539 4.1752076 4.1720972 4.1698527 4.1680021 4.1665454 4.1652856
 4.1641831 4.1632776 4.1625295 4.1617417 4.1611905 4.1607575 4.1603246]",0.5,25,3147.011872300892
48,"[4.1799722 4.1752076 4.1721759 4.1699319 4.1680417 4.1667032 4.1653252
 4.1642222 4.1633167 4.1626477 4.1618209 4.1613088 4.1607575 4.1601667]",0.5,25,3145.388812370199
49,"[4.1798935 4.1752076 4.1721759 4.1698923 4.1680417 4.1666636 4.1653643
 4.1643405 4.1635137 4.1625686 4.1619387 4.1613483 4.1606393 4.160285 ]",0.5,25,3143.560402644044
50,"[4.1798539 4.1751685 4.1720581 4.1697741 4.1680417 4.1665063 4.1651673
 4.1643014 4.1634746 4.1625686 4.1619782 4.1611905 4.1606789 4.1602063]",0.5,25,3141.87571562717
51,"[4.1799326 4.1752076 4.1720581 4.1696954 4.1679235 4.1664276 4.1652856
 4.1642618 4.163238  4.1625686 4.16186   4.1612697 4.1607575 4.1600881]",0.5,25,3139.936626284047
52,"[4.1797357 4.1751289 4.1721368 4.1698527 4.1680021 4.1664667 4.1652856
 4.1642222 4.1633167 4.1624899 4.1618996 4.1613088 4.1606002 4.1601276]",0.5,25,3138.2648847581654
53,"[4.1797357 4.1750503 4.1720185 4.1698923 4.167963  4.1665063 4.1651673
 4.1641831 4.1631594 4.1625295 4.1617026 4.1611514 4.1605606 4.1601667]",0.5,25,3136.533274437392
54,"[4.1797752 4.1750107 4.171979  4.1697741 4.1678843 4.1664276 4.165246
 4.1640649 4.1631989 4.1624508 4.16186   4.1611514 4.1605606 4.1601276]",0.5,25,3134.707371103786
55,"[4.1797357 4.1750107 4.1721759 4.1696954 4.1678843 4.1664276 4.165246
 4.1641436 4.1631989 4.1623721 4.1616631 4.1609941 4.1605606 4.160049 ]",0.5,25,3132.8696126531318
56,"[4.1797752 4.1751685 4.1720185 4.1698136 4.1678843 4.166388  4.1650887
 4.1641831 4.1631989 4.1624899 4.161624  4.1611118 4.1606002 4.1601276]",0.5,25,3131.494579130861
57,"[4.1798539 4.1750898 4.1720185 4.169735  4.1679235 4.1664667 4.1652069
 4.1642618 4.1633167 4.1626081 4.1618996 4.1611118 4.1607184 4.1600881]",0.5,25,3129.986534276529
58,"[4.1796966 4.1752076 4.1720581 4.1698136 4.1679235 4.166388  4.1651282
 4.1641045 4.1631594 4.1623721 4.1617813 4.1610332 4.1605215 4.160049 ]",0.5,25,3128.366755710177
59,"[4.1797752 4.1750503 4.171979  4.1696954 4.167963  4.1663485 4.165246
 4.1641831 4.1632776 4.1624899 4.1617026 4.1609941 4.1605606 4.160049 ]",0.5,25,3126.6164832686327
60,"[4.1795387 4.1750898 4.171979  4.169735  4.1679235 4.1662698 4.1650496
 4.1641436 4.1633167 4.1624112 4.161624  4.1611118 4.1605606 4.160049 ]",0.5,25,3124.9647893853084
61,"[4.1797752 4.1750503 4.1720972 4.1696954 4.167963  4.166388  4.1651282
 4.1640258 4.1631198 4.1624508 4.161624  4.1611905 4.1604819 4.1598911]",0.5,25,3122.95248928304
62,"[4.1797752 4.1751289 4.171979  4.1698527 4.1679235 4.1665063 4.1652069
 4.1640649 4.1631989 4.1624112 4.1617026 4.1610332 4.1605606 4.1600094]",0.5,25,3121.722057469618
63,"[4.1796966 4.1752472 4.1720581 4.1695771 4.1678843 4.1663094 4.1653252
 4.1641436 4.1632776 4.1623721 4.1617417 4.1611514 4.1606002 4.1600881]",0.5,25,3120.339229811742
64,"[4.1797752 4.1751289 4.1721759 4.1698136 4.1679235 4.166585  4.1651673
 4.1641045 4.1632776 4.1625295 4.1617813 4.1611905 4.1606002 4.1601667]",0.5,25,3118.9928125100378
65,"[4.1796174 4.1748929 4.1719398 4.1695771 4.1677265 4.1662307 4.1649704
 4.163868  4.1631594 4.1622539 4.1615057 4.1608362 4.1604033 4.1599307]",0.5,25,3116.943989333905
66,"[4.1796174 4.1749716 4.1719398 4.1696563 4.1678057 4.1663094 4.1650496
 4.1639862 4.1630411 4.162293  4.161624  4.1610332 4.1604428 4.1598125]",0.5,25,3115.583144864503
67,"[4.1798935 4.1751289 4.171979  4.1698527 4.1680813 4.1665063 4.1651673
 4.1641831 4.1632776 4.1624899 4.1618209 4.1611118 4.1606393 4.1600881]",0.5,25,3114.92211557414
68,"[4.1798143 4.1750503 4.1720581 4.1696954 4.1678843 4.1664276 4.1652069
 4.1641436 4.163238  4.1624112 4.1616631 4.1611118 4.1604428 4.1599703]",0.5,25,3113.365889013946
69,"[4.1798143 4.1751289 4.1719003 4.1696167 4.1678843 4.1663485 4.1651282
 4.1640258 4.163238  4.1624508 4.1615453 4.1609545 4.1605215 4.1599307]",0.5,25,3111.672547047252
70,"[4.1798143 4.1750898 4.171979  4.1697741 4.1678448 4.1662307 4.1651282
 4.1640258 4.1630807 4.1623325 4.1617417 4.1609545 4.1603246 4.1599307]",0.5,25,3109.7003628972693
71,"[4.1794996 4.1748533 4.171782  4.1694984 4.1676874 4.166152  4.164813
 4.1637893 4.1628442 4.1620569 4.1613088 4.1608362 4.1600881 4.1596155]",0.5,25,3107.921440922581
72,"[4.1796966 4.1750107 4.1719398 4.1695771 4.1676478 4.1661911 4.1649313
 4.1639075 4.163002  4.1622143 4.161427  4.1607971 4.1603637 4.1597733]",0.5,25,3106.8662688414192
73,"[4.1797357 4.1751685 4.1720185 4.1696563 4.1678448 4.1662698 4.1649704
 4.1640258 4.1630807 4.1622539 4.1616631 4.1609545 4.1604033 4.159852 ]",0.5,25,3106.311729273547
74,"[4.1796174 4.1751289 4.1720185 4.1695771 4.1678057 4.1663094 4.1650887
 4.1640649 4.1631594 4.1623721 4.1615453 4.1611118 4.1604428 4.1599307]",0.5,25,3104.783351981607
75,"[4.1796966 4.1750503 4.1719398 4.1696954 4.1678448 4.1663485 4.1650887
 4.1639466 4.1630807 4.1622143 4.161624  4.1608362 4.1603637 4.1598125]",0.5,25,3103.556818282743
76,"[4.1795387 4.1748142 4.1718216 4.1693807 4.1674905 4.1660337 4.1647739
 4.1636319 4.1626477 4.1619387 4.1612301 4.1604819 4.1600094 4.1595764]",0.5,25,3100.5483769445814
77,"[4.1795783 4.1749716 4.1719003 4.1696167 4.1676874 4.1662698 4.1648917
 4.163868  4.1630807 4.1622143 4.161427  4.1608362 4.1602459 4.1595764]",0.5,25,3099.9004578904887
78,"[4.17946   4.1748929 4.1717429 4.1693411 4.1674509 4.1660728 4.1647344
 4.1635923 4.1626868 4.1619782 4.1611118 4.1604819 4.1598911 4.1594977]",0.5,25,3097.3727210097936
79,"[4.17946   4.1747351 4.171546  4.1693015 4.1673331 4.1658764 4.1646557
 4.1636319 4.1626477 4.1617026 4.1611118 4.1603637 4.1598125 4.1593399]",0.5,25,3095.859300058186
80,"[4.1794209 4.1747746 4.1717429 4.1693411 4.1673331 4.1659155 4.1647739
 4.1635923 4.1628442 4.16186   4.1612697 4.1605215 4.1599307 4.1594582]",0.5,25,3094.734626295573
81,"[4.1795387 4.1747351 4.1716247 4.1692228 4.1674118 4.1660337 4.1647344
 4.163671  4.1626081 4.1618996 4.1611514 4.1604428 4.1599307 4.1594191]",0.5,25,3093.309280418021
82,"[4.1793814 4.174932  4.1716642 4.1691837 4.1674509 4.1658368 4.1646948
 4.1635923 4.1625686 4.1617813 4.1610727 4.1604428 4.159852  4.1593008]",0.5,25,3091.827928777941
83,"[4.17946   4.174696  4.171546  4.1693015 4.1674905 4.1659551 4.1646948
 4.1633954 4.1625686 4.1618209 4.1610332 4.1604033 4.1598125 4.1592612]",0.5,25,3090.311084029406
84,"[4.17946   4.174696  4.1715856 4.1691442 4.1672935 4.1659155 4.1646161
 4.1635137 4.1625686 4.1617813 4.1610332 4.1603637 4.1596947 4.1592612]",0.5,25,3088.6921482786765
85,"[4.1793027 4.1746173 4.1715064 4.1692228 4.1672544 4.1656795 4.1644588
 4.163435  4.1623721 4.1614661 4.1607971 4.1603246 4.1596551 4.1591039]",0.5,25,3087.254687670898
86,"[4.1794209 4.1745386 4.1715064 4.1691837 4.1673331 4.1659155 4.1645374
 4.1635532 4.1625295 4.1617417 4.1610332 4.1603637 4.1597338 4.1592221]",0.5,25,3085.927021251353
87,"[4.179224  4.1746173 4.1715064 4.1693015 4.1672935 4.1658368 4.1643801
 4.163435  4.1624899 4.1616631 4.1610727 4.1603246 4.1596947 4.1591825]",0.5,25,3084.3467903609194
88,"[4.1792631 4.1745777 4.1712704 4.1691051 4.1673331 4.1657186 4.1644983
 4.1631989 4.1623721 4.1615453 4.1607971 4.1602063 4.1596947 4.1591039]",0.5,25,3082.6576543146443
89,"[4.1792631 4.1745777 4.1713099 4.1691837 4.1672544 4.1657972 4.1644588
 4.1634746 4.1625686 4.161624  4.1608758 4.1602459 4.1595764 4.1590643]",0.5,25,3081.298092129313
90,"[4.1791058 4.1744595 4.1713099 4.1690259 4.1671362 4.1655612 4.1644192
 4.1631989 4.1622539 4.161427  4.1606789 4.160049  4.1594582 4.1589856]",0.5,25,3079.288510933701
91,"[4.1791058 4.1745777 4.1715064 4.1690655 4.1671753 4.1657972 4.1643801
 4.1632776 4.1624508 4.1615453 4.1607575 4.1602063 4.1596155 4.1589465]",0.5,25,3077.885014820557
92,"[4.1791844 4.1745386 4.1714277 4.1690259 4.1671362 4.1657581 4.1643801
 4.1634746 4.1624899 4.1615844 4.1607971 4.1602063 4.1595764 4.1591039]",0.5,25,3076.522364383004
93,"[4.179224  4.1743808 4.1711917 4.1690655 4.1670575 4.1657581 4.1644192
 4.1632776 4.1622143 4.1613874 4.1608758 4.160049  4.1594191 4.1589069]",0.5,25,3075.4402786758087
94,"[4.179224  4.1745386 4.1714277 4.1692624 4.1672544 4.1657186 4.1644192
 4.1634746 4.1624508 4.1615844 4.1608758 4.1602063 4.1596155 4.1590252]",0.5,25,3073.285002179634
95,"[4.1790271 4.1744204 4.1713886 4.1689472 4.1670966 4.1656399 4.1643014
 4.1633167 4.1623325 4.1614661 4.1608362 4.1601276 4.1596155 4.1588678]",0.5,25,3071.484050114068
96,"[4.1792631 4.174499  4.1713886 4.1690655 4.1671753 4.1656795 4.1645374
 4.1633563 4.1623721 4.1616631 4.1609149 4.1602459 4.1595368 4.1591039]",0.5,25,3070.068619808891
97,"[4.1790271 4.1744595 4.1713886 4.1689472 4.1672935 4.1656008 4.1643405
 4.163435  4.1623325 4.1617026 4.1609149 4.1601667 4.1595764 4.1590643]",0.5,25,3068.357703911676
98,"[4.1791844 4.1744595 4.1713099 4.1689868 4.1672544 4.1657581 4.1644192
 4.1632776 4.1623721 4.1615844 4.1608758 4.160285  4.1596155 4.1590643]",0.5,25,3066.8674799928112
99,"[4.1791058 4.1745777 4.1713886 4.1690259 4.1672935 4.1657186 4.1644983
 4.163238  4.1625295 4.161624  4.1609545 4.160285  4.1596155 4.1591434]",0.5,25,3065.367077076957
100,"[4.1790662 4.1743808 4.1711917 4.1689472 4.1671362 4.1656795 4.1643014
 4.1633954 4.1624899 4.1615453 4.1608362 4.1601276 4.1594977 4.1589856]",0.5,25,3063.378920865751
101,"[4.1790662 4.1744595 4.1712704 4.1689472 4.1671362 4.1656795 4.1644192
 4.1633563 4.1622143 4.1615453 4.1609545 4.1602063 4.1596551 4.1591039]",0.5,25,3061.934438885636
102,"[4.1789484 4.1741838 4.1712704 4.1688685 4.1670179 4.1656008 4.1643405
 4.1632776 4.1623325 4.1615844 4.1607971 4.1601276 4.1594977 4.1589465]",0.5,25,3059.924998602025
103,"[4.1789484 4.1743417 4.1711521 4.1689472 4.1669788 4.1654825 4.1643014
 4.1631198 4.162293  4.1614661 4.1606393 4.1600094 4.1593008 4.1589069]",0.5,25,3058.438336344808
104,"[4.1788697 4.174263  4.171113  4.1687899 4.1669393 4.1654038 4.1641436
 4.1630807 4.1622143 4.1613483 4.1606789 4.160049  4.1594191 4.1589069]",0.5,25,3056.494096549748
105,"[4.1789088 4.1742234 4.1712704 4.1687899 4.1669788 4.1654038 4.1641831
 4.1631198 4.1621752 4.1612697 4.1607184 4.1599703 4.1593008 4.1589069]",0.5,25,3054.89307813558
106,"[4.1790271 4.1742234 4.1711917 4.1687899 4.1669788 4.1654429 4.1641831
 4.1631198 4.1622539 4.1613483 4.1605606 4.1600094 4.1594191 4.1588283]",0.5,25,3053.0424793793404
107,"[4.1789875 4.1743417 4.171113  4.1687899 4.1670179 4.1654038 4.1642618
 4.163238  4.1622539 4.1613874 4.1607575 4.1600094 4.1594582 4.1591039]",0.5,25,3051.381764292804
108,"[4.1789088 4.1741838 4.1710734 4.1687503 4.1667819 4.1653252 4.1640649
 4.1629624 4.1620569 4.1611514 4.1604428 4.159852  4.1593399 4.1587496]",0.5,25,3049.372620425078
109,"[4.1788301 4.1741447 4.1709948 4.1687503 4.1668606 4.1653643 4.1641045
 4.1630411 4.1620569 4.1611905 4.1603637 4.1598911 4.1593008 4.1586313]",0.5,25,3047.6238253480387
110,"[4.1787119 4.1739874 4.1708765 4.1685143 4.1667819 4.1651673 4.1639862
 4.1628051 4.1620173 4.1610727 4.1603246 4.1596947 4.1590643 4.1585922]",0.5,25,3045.707715826551
111,"[4.1788697 4.1741838 4.171113  4.1686325 4.1667819 4.1653643 4.1641045
 4.163002  4.1621752 4.1611514 4.1604819 4.1597733 4.1592612 4.1588283]",0.5,25,3044.166907981093
112,"[4.1789484 4.1741447 4.1710343 4.1686325 4.1667819 4.165246  4.1641045
 4.1628838 4.1619782 4.1611905 4.1604033 4.1597733 4.1593008 4.1586313]",0.5,25,3042.343715818414
113,"[4.1788301 4.1742234 4.1708765 4.1685538 4.1667423 4.1651673 4.1640258
 4.1628442 4.1620569 4.1611514 4.1603637 4.1596551 4.1592221 4.1586313]",0.5,25,3040.5035818998213
114,"[4.1787515 4.1741052 4.1710343 4.1685143 4.1666241 4.1652856 4.1639466
 4.1627655 4.16186   4.1611514 4.1604428 4.1596155 4.1591825 4.1586313]",0.5,25,3038.70001108602
115,"[4.1787515 4.1739478 4.1708765 4.1685143 4.1667423 4.1652069 4.1639862
 4.1628051 4.1619782 4.1610727 4.1603246 4.1596947 4.1590643 4.15871  ]",0.5,25,3036.726127547744
116,"[4.1787515 4.1738691 4.1707587 4.1682782 4.166585  4.16501   4.1637893
 4.1626477 4.1617417 4.1609941 4.1602459 4.1595368 4.1589069 4.1585131]",0.5,25,3034.70043371121
117,"[4.1787515 4.1740661 4.1709948 4.1684356 4.1667032 4.1650887 4.1639466
 4.1626081 4.1618209 4.1610332 4.1603637 4.1595368 4.1589856 4.158474 ]",0.5,25,3033.3218076428243
118,"[4.1787119 4.1739478 4.1707978 4.1684747 4.166585  4.1651282 4.1639075
 4.1627655 4.1617813 4.1609149 4.1602063 4.1594582 4.1589465 4.1585131]",0.5,25,3031.557798135852
119,"[4.1787119 4.1738296 4.1707978 4.1684356 4.1664667 4.1651282 4.1637502
 4.1626081 4.161624  4.1608758 4.160285  4.1594582 4.1589856 4.1583557]",0.5,25,3029.871923837617
120,"[4.1787515 4.1739082 4.1708765 4.1685143 4.166585  4.1649704 4.1636319
 4.1625686 4.1615844 4.1607575 4.1601276 4.1594582 4.1587887 4.1583953]",0.5,25,3028.02720848633
121,"[4.1786728 4.1738296 4.1706796 4.1682782 4.1663485 4.1648917 4.1635532
 4.1625686 4.1615844 4.1607971 4.160049  4.1593399 4.1587887 4.1582375]",0.5,25,3026.169733787975
122,"[4.1785941 4.1738296 4.1707191 4.1683569 4.1667032 4.1649704 4.1637106
 4.1626081 4.1617026 4.1607971 4.1599703 4.1593795 4.1587496 4.1581984]",0.5,25,3024.444467955188
123,"[4.1785545 4.1739478 4.1706796 4.1682386 4.1664667 4.1649313 4.1635923
 4.1624508 4.1615453 4.1607184 4.1599703 4.1593008 4.15871   4.158041 ]",0.5,25,3022.80902579861
124,"[4.1785545 4.1737118 4.1705618 4.1682782 4.1663485 4.1648917 4.1634746
 4.1623325 4.1614661 4.1606789 4.1599307 4.1592221 4.1586313 4.1579618]",0.5,25,3021.10349904595
125,"[4.1783972 4.1737118 4.1704831 4.1682782 4.1662698 4.1646557 4.1634746
 4.1621752 4.1613483 4.1606393 4.1597733 4.1591825 4.1585131 4.1579227]",0.5,25,3019.074013380396
126,"[4.1784759 4.1736722 4.1705222 4.16816   4.1663485 4.1647344 4.1635923
 4.1622539 4.1615057 4.1606002 4.1598911 4.1591825 4.1585526 4.158041 ]",0.5,25,3017.533959472386
127,"[4.1784363 4.1737118 4.1704435 4.1681204 4.1662307 4.1647344 4.1633954
 4.1624508 4.1613874 4.1605215 4.1597733 4.1591039 4.1584344 4.1580014]",0.5,25,3015.7556188189037
128,"[4.178515  4.1737118 4.1705222 4.1680813 4.1662307 4.1647739 4.1633954
 4.1623721 4.1613874 4.1605215 4.1597733 4.1590643 4.158474  4.158041 ]",0.5,25,3014.0691726165087
129,"[4.1783972 4.1736326 4.1704435 4.16816   4.1661911 4.1647344 4.1633563
 4.1622143 4.1613483 4.1604033 4.1596947 4.1591039 4.158474  4.1580014]",0.5,25,3012.228747599692
130,"[4.1784759 4.1735539 4.1705618 4.1680417 4.166152  4.1646557 4.1633167
 4.1622143 4.1612697 4.1604033 4.1597338 4.1591434 4.1583557 4.1577258]",0.5,25,3010.568982005481
131,"[4.1783185 4.1735935 4.1703253 4.16816   4.1661124 4.164577  4.1631989
 4.1620965 4.1612697 4.1604428 4.1595368 4.1588678 4.1581984 4.1577258]",0.5,25,3008.788626931831
132,"[4.1782393 4.1733966 4.170404  4.1678843 4.1660337 4.1644192 4.1631198
 4.1620569 4.1609941 4.1602459 4.1595764 4.1588283 4.1581984 4.1576076]",0.5,25,3006.790497669271
133,"[4.1783185 4.1733966 4.1702466 4.1678843 4.1659155 4.1644192 4.1631198
 4.1620173 4.1609941 4.1602459 4.1593795 4.1586709 4.1580801 4.1575685]",0.5,25,3004.981885221354
134,"[4.1782789 4.1735148 4.1704435 4.167963  4.1659551 4.1644983 4.163238
 4.1620965 4.1610332 4.1601276 4.1594977 4.1588678 4.158041  4.1575289]",0.5,25,3003.148384342041
135,"[4.1782002 4.1734362 4.1702862 4.1677661 4.1659155 4.1643801 4.1630807
 4.1619387 4.1609941 4.1602063 4.1593399 4.1586709 4.1580014 4.1576076]",0.5,25,3001.238420085315
136,"[4.1781607 4.1734753 4.1700892 4.1677661 4.1659551 4.1643014 4.1629624
 4.16186   4.1608758 4.1601276 4.1593008 4.1586313 4.1580014 4.1573319]",0.5,25,2999.516888696425
137,"[4.1783185 4.173357  4.1702075 4.1677265 4.1659155 4.1644192 4.163002
 4.1619387 4.1610727 4.1601667 4.1592612 4.15871   4.1579227 4.1574898]",0.5,25,2997.833248056504
138,"[4.1782789 4.173357  4.1702466 4.1692624 4.1692624 4.1689472 4.1687503
 4.1667423 4.1650496 4.1637106 4.1624112 4.1613483 4.1604819 4.1594977]",0.5,25,2998.316388940296
139,"[4.1782393 4.1734362 4.1701283 4.1676087 4.1656795 4.1642222 4.1629624
 4.1618209 4.1607575 4.1599703 4.1592612 4.158474  4.1578832 4.1573319]",0.5,25,2993.30400541192
140,"[4.1781607 4.1733966 4.1701679 4.1677661 4.1657581 4.1642222 4.1629624
 4.1617813 4.1608362 4.1599703 4.1592612 4.158474  4.1578045 4.1572928]",0.5,25,2991.360440329317
141,"[4.1781216 4.1732783 4.1700892 4.1676874 4.1657186 4.1641831 4.1628442
 4.1617026 4.1607971 4.1599307 4.1591039 4.1583953 4.1578045 4.1572142]",0.5,25,2989.7366681149656
142,"[4.1781607 4.1732783 4.1700892 4.1676478 4.1657972 4.1641436 4.1628442
 4.1618209 4.1607184 4.1599307 4.1590643 4.1585131 4.1577654 4.1572533]",0.5,25,2987.709286936305
143,"[4.178082  4.1731997 4.1700106 4.1675301 4.1657186 4.1641045 4.1629233
 4.1616631 4.1607575 4.1598125 4.1590252 4.1583953 4.1577258 4.1571746]",0.5,25,2985.795189058299
144,"[4.1780429 4.1731997 4.1701679 4.1677265 4.1657581 4.1641831 4.1628442
 4.1616631 4.1607184 4.1598125 4.1590252 4.1583557 4.1578832 4.1572142]",0.5,25,2984.067471461318
145,"[4.178082  4.1732783 4.169971  4.1675301 4.1657581 4.1641831 4.1628051
 4.1616631 4.1607971 4.1598911 4.1590643 4.158277  4.1577654 4.1571746]",0.5,25,2982.0525958440503
146,"[4.1781216 4.1731997 4.169971  4.1675692 4.1656399 4.1640649 4.1627655
 4.1616631 4.1607184 4.1597733 4.1591434 4.1583166 4.1576862 4.1570563]",0.5,25,2980.2197448206925
147,"[4.1780033 4.1731606 4.1700106 4.1677265 4.1657186 4.1641831 4.1628838
 4.1615844 4.1606789 4.1598911 4.1590643 4.1583953 4.1577258 4.1572142]",0.5,25,2978.164197892796
148,"[4.1779637 4.1731606 4.1700106 4.1673331 4.1655612 4.163868  4.1626477
 4.1615453 4.1604428 4.1596155 4.1587887 4.1580801 4.1574898 4.1569777]",0.5,25,2975.798550682506
149,"[4.1779246 4.173121  4.1700106 4.1674905 4.1656795 4.1639862 4.1627655
 4.1615057 4.1606789 4.1596551 4.1587887 4.158277  4.1576471 4.1572142]",0.5,25,2974.1004797431046
150,"[4.1778851 4.1730814 4.1699319 4.1674118 4.1655216 4.1639466 4.1626477
 4.1614661 4.1604428 4.1596551 4.1588678 4.1581984 4.1575685 4.1570172]",0.5,25,2971.9392977536327
151,"[4.1779246 4.173121  4.1698527 4.1673722 4.1655216 4.1639075 4.1626477
 4.161427  4.1605606 4.1596551 4.1587887 4.1581984 4.1573715 4.156899 ]",0.5,25,2969.823012419568
152,"[4.177846  4.172924  4.169735  4.1672935 4.1653252 4.163868  4.1624508
 4.1613874 4.1604033 4.1594977 4.1587496 4.158041  4.1572928 4.1568203]",0.5,25,2967.442862246228
153,"[4.1779246 4.1730027 4.1698923 4.1673722 4.1654038 4.163868  4.1623721
 4.161427  4.1603637 4.1596947 4.1589465 4.1580801 4.1574502 4.156899 ]",0.5,25,2965.238342251247
154,"[4.177846  4.1730027 4.169735  4.1673722 4.1653252 4.1637893 4.1624508
 4.1615057 4.1602459 4.1594582 4.1587496 4.1578832 4.1572533 4.1568203]",0.5,25,2962.941506180963
155,"[4.1776881 4.1730027 4.1696954 4.1671753 4.1653643 4.1637893 4.1623721
 4.1612301 4.1603246 4.1594582 4.1586313 4.1579227 4.1573319 4.1568203]",0.5,25,2960.3233699780267
156,"[4.1778064 4.1729636 4.1697741 4.1673331 4.165246  4.1637502 4.1623325
 4.1612301 4.1601667 4.1593795 4.1585526 4.1578441 4.1572928 4.1566629]",0.5,25,2958.162577743191
157,"[4.177846  4.1729636 4.1696167 4.1671362 4.165246  4.1637106 4.1623325
 4.1611905 4.1602459 4.1592612 4.1585922 4.1578832 4.1573715 4.1566629]",0.5,25,2955.468673275555
158,"[4.177649  4.1728454 4.1695771 4.1671753 4.1652069 4.1636319 4.1622143
 4.1610727 4.160049  4.1592612 4.1585922 4.1578045 4.157135  4.1565447]",0.5,25,2952.975727934978
159,"[4.1778064 4.1728058 4.1694984 4.1672149 4.1651673 4.1636319 4.162293
 4.1610727 4.160049  4.1591825 4.158474  4.1576862 4.157135  4.1565447]",0.5,25,2950.7670795393874
160,"[4.177649  4.1726484 4.169538  4.1670575 4.1652069 4.1635532 4.1622539
 4.1610727 4.1601276 4.1591825 4.1583557 4.1577258 4.1570563 4.1564264]",0.5,25,2948.277057820369
161,"[4.1777277 4.1728454 4.169538  4.1670966 4.1650887 4.1635532 4.1621752
 4.1610727 4.1599703 4.1592221 4.1583953 4.1577258 4.1570959 4.1565838]",0.5,25,2945.843680566136
162,"[4.1777277 4.1728454 4.1695771 4.1670179 4.1651282 4.1634746 4.1622143
 4.1609941 4.1599703 4.1592221 4.158474  4.1576862 4.156899  4.1562691]",0.5,25,2943.7368298145866
163,"[4.1777277 4.1727271 4.1693807 4.1670179 4.16501   4.163435  4.1620965
 4.1608758 4.1599307 4.1591039 4.1582375 4.1575685 4.1568594 4.1563082]",0.5,25,2941.3479119169124
164,"[4.1775703 4.1726093 4.1694198 4.1669788 4.1651673 4.163435  4.1619387
 4.1608362 4.159852  4.1589069 4.1581588 4.1573715 4.1568594 4.1562691]",0.5,25,2939.074078500026
165,"[4.1775308 4.1725302 4.1693015 4.1667423 4.1649313 4.1631594 4.1618996
 4.1607971 4.1596551 4.1587887 4.1581197 4.1573319 4.1566234 4.1560326]",0.5,25,2936.897905652125
166,"[4.1774125 4.1725698 4.1692624 4.1667423 4.164813  4.1631198 4.1618209
 4.1606789 4.1596947 4.1588678 4.1579618 4.1574502 4.1567416 4.1561112]",0.5,25,2934.7529145237904
167,"[4.1774521 4.1724911 4.1693015 4.1668997 4.164813  4.1632776 4.1618209
 4.1607184 4.1597338 4.1588678 4.1578441 4.157135  4.1565447 4.1559148]",0.5,25,2932.838010420464
168,"[4.1776094 4.1726484 4.1693411 4.1668997 4.1648526 4.1631594 4.1618209
 4.1606393 4.1596947 4.1588283 4.1580014 4.1574106 4.156702  4.1560326]",0.5,25,2931.05349572415
169,"[4.1774125 4.1726484 4.1691837 4.1667423 4.1647739 4.163238  4.16186
 4.1606789 4.1596551 4.1587887 4.1579618 4.1571746 4.1565447 4.1559935]",0.5,25,2928.69250615248
170,"[4.1775703 4.1724911 4.1692228 4.1666636 4.1647344 4.1630807 4.1617417
 4.1606002 4.1595764 4.1587496 4.1579618 4.1572142 4.156466  4.1558752]",0.5,25,2926.6527589812545
171,"[4.1773734 4.1724515 4.1691837 4.1666241 4.1647344 4.1630411 4.1617417
 4.1605215 4.1593795 4.1585526 4.1578045 4.1572142 4.1565051 4.1558356]",0.5,25,2924.538939923774
172,"[4.1774125 4.1724124 4.1691442 4.1666636 4.1647344 4.1631198 4.1616631
 4.1604428 4.1594977 4.158474  4.1575685 4.1570563 4.1563082 4.1557965]",0.5,25,2922.6354831255403
173,"[4.1773338 4.1722941 4.1691051 4.1665063 4.1646161 4.1629624 4.1615453
 4.1604033 4.1594977 4.1585526 4.1576471 4.1570172 4.1563478 4.155757 ]",0.5,25,2920.278572947867
174,"[4.1773338 4.1722546 4.1688685 4.1664276 4.1644983 4.1628442 4.1613874
 4.1603637 4.1593795 4.1583953 4.1576862 4.1568203 4.1561508 4.1554422]",0.5,25,2917.8276549092607
175,"[4.1773338 4.1722941 4.1691051 4.1665063 4.1644588 4.1628442 4.1615844
 4.1604428 4.1592612 4.1584344 4.1577258 4.156899  4.1563478 4.1556783]",0.5,25,2915.6302921693264
176,"[4.1773338 4.1722941 4.1689868 4.1665063 4.1645374 4.1627655 4.1617026
 4.1604819 4.1591825 4.1584344 4.1576862 4.1568203 4.1563082 4.1555996]",0.5,25,2913.56606222819
177,"[4.1774521 4.1722155 4.1689868 4.1664667 4.1644192 4.1628051 4.1615844
 4.1602459 4.1592221 4.1583953 4.1574898 4.1568203 4.1561508 4.1554813]",0.5,25,2911.2514128004304
178,"[4.1772947 4.1722155 4.1689472 4.1664276 4.1643801 4.1628051 4.1613874
 4.1603246 4.1592221 4.158277  4.1574502 4.156702  4.1560721 4.1554813]",0.5,25,2909.05346296522
179,"[4.1771369 4.1721759 4.1688294 4.1662698 4.1644983 4.1626477 4.1613483
 4.1601667 4.1590643 4.1581197 4.1573319 4.1565447 4.1558356 4.1553636]",0.5,25,2906.16192162367
180,"[4.1776094 4.1727667 4.1693411 4.166821  4.1650496 4.1633563 4.1619782
 4.1609545 4.1598911 4.1590252 4.1581197 4.1575685 4.156899  4.1563478]",0.5,25,2906.03012714749
181,"[4.1771369 4.1720581 4.1689472 4.1663094 4.1642618 4.1626477 4.1613874
 4.1600881 4.1589856 4.1581197 4.1572928 4.1566234 4.1558356 4.1552844]",0.5,25,2901.352395040691
182,"[4.1771369 4.1722155 4.1688685 4.1662698 4.1642618 4.1626477 4.1612301
 4.160049  4.1591039 4.1581984 4.1572928 4.1565447 4.1559148 4.1553636]",0.5,25,2899.045066282009
183,"[4.1770978 4.1721368 4.1687112 4.1660728 4.1641045 4.1625295 4.1611514
 4.1599307 4.1588283 4.1581197 4.1572142 4.1565051 4.1557965 4.155127 ]",0.5,25,2896.390636486271
184,"[4.1770191 4.1720581 4.1685538 4.1659942 4.1641436 4.1623721 4.1610332
 4.1598911 4.1587887 4.1578441 4.1570563 4.1563869 4.1556783 4.1550088]",0.5,25,2893.78888875719
185,"[4.1769795 4.171979  4.1686325 4.1662307 4.1641045 4.1625686 4.1610727
 4.159852  4.15871   4.1578441 4.1570172 4.1563869 4.1556392 4.1549301]",0.5,25,2891.4207074686683
186,"[4.1770191 4.1720972 4.1685929 4.1662698 4.1640649 4.1624112 4.1609941
 4.1597733 4.1588678 4.1579227 4.1569777 4.1563082 4.15556   4.1549301]",0.5,25,2888.831539981826
187,"[4.1769795 4.1720185 4.1687503 4.1660337 4.1640258 4.1624112 4.1610332
 4.1597733 4.1586709 4.1578045 4.1569386 4.1563478 4.1555209 4.1549301]",0.5,25,2886.2766683871832
188,"[4.1770191 4.1721368 4.1687112 4.1660337 4.1642222 4.1623721 4.1609941
 4.1597733 4.1586313 4.1578045 4.1568203 4.1561904 4.15556   4.1548123]",0.5,25,2883.784864910076
189,"[4.1769009 4.1718612 4.1685143 4.1661911 4.1640258 4.1623325 4.1608758
 4.1596947 4.1585526 4.1576862 4.156702  4.1561112 4.1554027 4.1547728]",0.5,25,2881.191118311631
190,"[4.1770582 4.171979  4.1685538 4.1660728 4.1640649 4.1622539 4.1610727
 4.1597338 4.1587496 4.1578045 4.1569777 4.1562691 4.1554027 4.1548514]",0.5,25,2878.810828612872
1,"[4.1817279 4.1772389 4.1744041 4.1720419 4.1703882 4.1688919 4.1676712
 4.1666474 4.1658206 4.1649151 4.1643639 4.1637731 4.1631432 4.1627102]",0.5,25,3206.822972908667
2,"[4.1816883 4.1772785 4.1742468 4.1720023 4.1701913 4.1687737 4.1675925
 4.1666083 4.1657028 4.164876  4.1642065 4.1635766 4.1630645 4.1625919]",0.5,25,3209.575620727537
3,"[4.1816492 4.1773181 4.1744041 4.1720419 4.1703486 4.1690102 4.1676712
 4.1666474 4.1658206 4.1649547 4.1642852 4.1635766 4.1631827 4.1626315]",0.5,25,3209.452703424208
4,"[4.1816492 4.1772785 4.1741681 4.1720023 4.17027   4.1689315 4.1677108
 4.1666474 4.1658602 4.1649547 4.1644034 4.1636944 4.1631041 4.1626315]",0.5,25,3209.0333859374987
5,"[4.1815701 4.1772785 4.1742859 4.1719632 4.1703486 4.1689315 4.1676712
 4.1667657 4.1656632 4.1650724 4.1643639 4.163734  4.1631827 4.1625919]",0.5,25,3211.5225342812782
6,"[4.1816492 4.1770029 4.1740499 4.1718841 4.1701913 4.1687346 4.1676321
 4.1664901 4.1656632 4.1649151 4.1642852 4.163537  4.1629858 4.1625528]",0.5,25,3207.426759362254
7,"[4.1815701 4.1770816 4.1741681 4.1720419 4.1701913 4.1687346 4.1676321
 4.1666083 4.1657028 4.1649938 4.1643248 4.1636944 4.1631041 4.1626706]",0.5,25,3205.704132859159
8,"[4.181531  4.1771603 4.1741681 4.1719632 4.1703486 4.1688523 4.1676712
 4.1666474 4.1658602 4.1650724 4.1643639 4.1637731 4.1632614 4.1628284]",0.5,25,3204.126296039766
9,"[4.1814914 4.1769242 4.1740894 4.1718841 4.1701517 4.1686163 4.1675529
 4.1664505 4.1656632 4.1650333 4.1641669 4.1636944 4.1631432 4.1626315]",0.5,25,3201.595395138891
10,"[4.1815701 4.1770425 4.1741285 4.1718841 4.1703095 4.1687346 4.1676321
 4.1664505 4.1658206 4.164876  4.1643639 4.1636944 4.1632614 4.1626706]",0.5,25,3199.608054198403
11,"[4.181531  4.1770816 4.1741681 4.1719236 4.1703095 4.1686559 4.1675529
 4.1666083 4.1655846 4.1649151 4.1643248 4.1636944 4.1633401 4.1626706]",0.5,25,3197.364923810219
12,"[4.1814914 4.1769633 4.1741285 4.171845  4.1700339 4.1686163 4.1675138
 4.1664901 4.1656632 4.164876  4.1641669 4.1634974 4.1631432 4.1626706]",0.5,25,3194.876189541965
13,"[4.1814523 4.1771212 4.1740499 4.1719236 4.17027   4.1686163 4.1673956
 4.1664505 4.1657028 4.1649151 4.1641669 4.1636553 4.1630645 4.1626315]",0.5,25,3192.5542586611577
14,"[4.1816096 4.1770029 4.1742072 4.171845  4.1701517 4.1687737 4.1674743
 4.1665297 4.1657028 4.1649938 4.1642065 4.1636944 4.1630645 4.1627102]",0.5,25,3190.2881369421398
15,"[4.1813736 4.1770425 4.1740499 4.1720419 4.1701126 4.168695  4.1675138
 4.1667261 4.1655059 4.1648364 4.1642456 4.163537  4.1631432 4.1624742]",0.5,25,3187.0863559941936
16,"[4.1813736 4.1769242 4.1739316 4.1716876 4.1700339 4.1686559 4.1674352
 4.1665297 4.1655846 4.1649151 4.1642065 4.1635766 4.1630254 4.1624346]",0.5,25,3184.906407205948
17,"[4.181334  4.1770029 4.1740103 4.1717267 4.170073  4.1688132 4.1675529
 4.1664505 4.1655846 4.1649151 4.1642456 4.1636553 4.1631041 4.1625528]",0.5,25,3182.4063446046307
18,"[4.1814523 4.1769633 4.1739712 4.1718841 4.170073  4.1687346 4.1676712
 4.1664505 4.1656237 4.1647968 4.1641278 4.1637731 4.1631827 4.1626315]",0.5,25,3180.0632067918577
19,"[4.1813736 4.1768847 4.1738529 4.171648  4.1699157 4.1684194 4.1673169
 4.1663327 4.1655846 4.1646395 4.1640882 4.1634583 4.1629071 4.1625528]",0.5,25,3177.528724437933
20,"[4.1812944 4.1768456 4.1739316 4.1716876 4.1701126 4.1687737 4.1674743
 4.1664505 4.1655059 4.1647577 4.1640882 4.1634974 4.1629858 4.1625133]",0.5,25,3175.425810644395
21,"[4.1812944 4.176806  4.1738138 4.1717267 4.1698761 4.1685767 4.1674743
 4.1662931 4.1655059 4.1647577 4.1640096 4.1633797 4.1630645 4.1625919]",0.5,25,3172.661817786728
22,"[4.1812158 4.176806  4.1738138 4.1715298 4.169837  4.1684194 4.1672382
 4.166254  4.1654272 4.1646791 4.1638913 4.1632614 4.1628675 4.1622772]",0.5,25,3170.047026271029
23,"[4.1812553 4.1768456 4.1739316 4.1715693 4.1698761 4.1685767 4.1673169
 4.166254  4.1653876 4.1646791 4.1641669 4.1634974 4.1628675 4.1623559]",0.5,25,3168.005015888262
24,"[4.1812944 4.1768847 4.1738925 4.1717267 4.1700339 4.168695  4.1673956
 4.1664114 4.1654663 4.1647577 4.1641278 4.1634188 4.1629071 4.1625528]",0.5,25,3165.8057719204357
25,"[4.1812553 4.1768456 4.1738529 4.1717267 4.1699548 4.1685376 4.1673565
 4.1662931 4.1654663 4.1646395 4.1640882 4.163537  4.1629858 4.1624346]",0.5,25,3163.519072716742
26,"[4.1812944 4.1768456 4.1739712 4.1716084 4.169837  4.1685376 4.1673565
 4.1663327 4.1655059 4.1647182 4.1641278 4.1633797 4.1628284 4.1625133]",0.5,25,3160.819004887152
27,"[4.1811371 4.1766877 4.173656  4.1714907 4.169837  4.1685767 4.1670809
 4.1661749 4.1652303 4.1644821 4.1639309 4.1632218 4.1627498 4.162159 ]",0.5,25,3158.200262609861
28,"[4.1812553 4.1768847 4.1738529 4.1714511 4.169837  4.1684589 4.1673565
 4.1661358 4.1655059 4.1645212 4.16397   4.1634188 4.1629858 4.162395 ]",0.5,25,3156.169378613417
29,"[4.1811767 4.1766877 4.1738529 4.171648  4.1699548 4.1683407 4.1672382
 4.166254  4.1654663 4.1647182 4.16397   4.1633401 4.1627102 4.1623163]",0.5,25,3153.791966204559
30,"[4.1810584 4.1767669 4.1736169 4.1716876 4.1697974 4.1682224 4.1671987
 4.1662145 4.1652694 4.1645212 4.1638913 4.1632614 4.1627889 4.1623163]",0.5,25,3151.8481825428607
31,"[4.1811767 4.176609  4.1737347 4.1715693 4.1698761 4.1684194 4.1671596
 4.1661749 4.165309  4.1645608 4.1637731 4.1632614 4.1627102 4.1622772]",0.5,25,3149.608019903701
32,"[4.1810584 4.176806  4.1736956 4.1715298 4.1697583 4.1683011 4.1670809
 4.1660571 4.165309  4.1645212 4.1636944 4.163301  4.1627102 4.1622376]",0.5,25,3147.301515587566
33,"[4.181098  4.1766877 4.173656  4.1714907 4.1699548 4.1683803 4.1671596
 4.1661358 4.1652303 4.1645212 4.1638126 4.1632218 4.1626706 4.1620803]",0.5,25,3145.3929617527942
34,"[4.1811371 4.1766877 4.173656  4.1714907 4.1697187 4.1683407 4.1672773
 4.1661358 4.165309  4.1644034 4.1638522 4.1632614 4.1626706 4.1622376]",0.5,25,3143.267856707766
35,"[4.1812553 4.1766486 4.1737742 4.1714907 4.1697583 4.1683407 4.1671987
 4.1661749 4.1652303 4.1646395 4.1637731 4.1632614 4.1627102 4.1623559]",0.5,25,3141.3640908275
36,"[4.1810584 4.1766877 4.1735382 4.1715298 4.1697187 4.1683011 4.16712
 4.1660962 4.165309  4.1644821 4.1638522 4.1631827 4.1627498 4.1622772]",0.5,25,3139.4156780163594
37,"[4.1809402 4.1765304 4.1734986 4.1713328 4.1696401 4.1681437 4.1670017
 4.1659389 4.165112  4.1644034 4.1636944 4.1631041 4.1627498 4.1620016]",0.5,25,3137.266811896839
38,"[4.1809402 4.1767273 4.1735773 4.171412  4.1696005 4.1681833 4.1669626
 4.1660175 4.165112  4.1643248 4.1637731 4.1629462 4.1625919 4.1620407]",0.5,25,3135.4409337927277
39,"[4.1810584 4.1765304 4.173656  4.1714907 4.1696005 4.1682224 4.166923
 4.1660175 4.1651907 4.1644821 4.163734  4.1631432 4.1626315 4.1620803]",0.5,25,3133.4988983318403
40,"[4.1811371 4.1765304 4.1734986 4.171412  4.1696792 4.168262  4.1669626
 4.1661358 4.1652303 4.1644425 4.1636553 4.1631041 4.1624742 4.1621194]",0.5,25,3131.3989941551363
41,"[4.181098  4.1764908 4.173656  4.1714511 4.1696005 4.168262  4.1670413
 4.1658993 4.1651516 4.1643639 4.1636944 4.1631827 4.1626315 4.162159 ]",0.5,25,3129.75666256809
42,"[4.1809402 4.1764517 4.1734591 4.1712937 4.1695614 4.1681437 4.1668444
 4.1658602 4.1649151 4.1642852 4.163537  4.1629858 4.162395  4.1619229]",0.5,25,3127.523801042345
43,"[4.1810188 4.176609  4.1734591 4.171412  4.1695614 4.1681833 4.1668444
 4.1658993 4.1649938 4.1642852 4.1636553 4.1628675 4.1625133 4.1618834]",0.5,25,3125.85924974623
44,"[4.181098  4.1764908 4.1734986 4.1712151 4.1694827 4.168262  4.1670017
 4.1659784 4.1651516 4.1642456 4.1636157 4.1631041 4.1624742 4.1621194]",0.5,25,3124.263248731015
45,"[4.1808615 4.1764517 4.17342   4.1711364 4.1694036 4.1680651 4.1668053
 4.1657815 4.1649547 4.1642065 4.1634974 4.1628284 4.1622772 4.1620407]",0.5,25,3122.223825588243
46,"[4.1810188 4.1764517 4.1735382 4.1713328 4.1695614 4.1681833 4.1668444
 4.1658993 4.1650724 4.1642065 4.1636157 4.1629858 4.1624346 4.1619229]",0.5,25,3120.633534291991
47,"[4.1809011 4.1764121 4.1735773 4.1713328 4.1696005 4.1679077 4.166923
 4.1658602 4.165112  4.1643248 4.1636157 4.1630254 4.1626315 4.1620016]",0.5,25,3119.033432441677
48,"[4.1809402 4.1765699 4.1734986 4.1712937 4.1696401 4.1681437 4.1668839
 4.1660571 4.1650724 4.1643639 4.1636553 4.1629462 4.1625528 4.1621194]",0.5,25,3117.465788129069
49,"[4.1809402 4.1764121 4.1734986 4.1712542 4.1695218 4.1681042 4.1668839
 4.1660571 4.165112  4.1642456 4.1636553 4.1629462 4.1624346 4.161962 ]",0.5,25,3115.693095636662
50,"[4.1809011 4.1764517 4.1733804 4.1711364 4.1692858 4.1679468 4.1668839
 4.1657419 4.1649938 4.1641669 4.1636157 4.1628284 4.1624346 4.161962 ]",0.5,25,3113.895020783556
51,"[4.1808615 4.1763334 4.1734986 4.1711755 4.1696005 4.1680255 4.166923
 4.1657815 4.1649151 4.1641278 4.1636157 4.1628675 4.1623559 4.1618834]",0.5,25,3112.1229282691797
52,"[4.181098  4.176609  4.1734986 4.1713328 4.1694036 4.1680255 4.1668839
 4.1658993 4.165112  4.1641669 4.1636157 4.1630254 4.162395  4.1620407]",0.5,25,3110.7332147127254
53,"[4.1808219 4.1764121 4.1735382 4.1711364 4.1694036 4.1679468 4.1668444
 4.1656632 4.1649938 4.1642456 4.1634188 4.1628284 4.162395  4.1618047]",0.5,25,3108.92526607842
54,"[4.1809402 4.1764908 4.1733017 4.1710968 4.1694036 4.1679468 4.1667657
 4.1657028 4.164876  4.1642852 4.1634583 4.1629858 4.1623559 4.1618438]",0.5,25,3107.430607359348
55,"[4.1807828 4.1762943 4.1734591 4.1710181 4.1694036 4.1679864 4.1667261
 4.1657815 4.164876  4.1641278 4.1634583 4.1627889 4.1622376 4.161726 ]",0.5,25,3105.8459750136985
56,"[4.1807828 4.1763334 4.1733017 4.1709785 4.1692462 4.1678286 4.1667261
 4.1657028 4.1648364 4.1640882 4.163301  4.1627889 4.1621194 4.1618438]",0.5,25,3104.2659131548385
57,"[4.1807432 4.1763334 4.1733017 4.1710181 4.1691675 4.1677895 4.1666474
 4.1657028 4.164876  4.1639309 4.1632614 4.1627102 4.1623163 4.1616473]",0.5,25,3102.759496070556
58,"[4.1807828 4.1762547 4.1733017 4.1710572 4.1692071 4.1679077 4.1668444
 4.1655059 4.1647182 4.1640096 4.163301  4.1627102 4.1621985 4.1615291]",0.5,25,3101.233101788736
59,"[4.1807828 4.1761761 4.1731834 4.1709394 4.1691675 4.1677499 4.1664901
 4.1655846 4.1647182 4.1638522 4.1631827 4.1625528 4.1620407 4.1615291]",0.5,25,3099.673988857558
60,"[4.1806254 4.1762547 4.173223  4.1710181 4.1692071 4.1678681 4.1666474
 4.1656632 4.1647182 4.16397   4.163301  4.1627498 4.162159  4.1616864]",0.5,25,3098.234411483153
61,"[4.1807041 4.1762547 4.1732626 4.1710181 4.1693249 4.1678286 4.1666083
 4.1656632 4.1647577 4.1639309 4.163301  4.1625919 4.1622772 4.161726 ]",0.5,25,3096.656311738551
62,"[4.1807432 4.1762547 4.1731834 4.1710572 4.1692462 4.1679077 4.1664901
 4.1655846 4.1645212 4.16397   4.1631827 4.1627102 4.1622376 4.1616077]",0.5,25,3095.412858793806
63,"[4.1807041 4.1761761 4.1733017 4.1709394 4.1692462 4.1679077 4.1666083
 4.1657028 4.1645608 4.16397   4.1632614 4.1627102 4.1621194 4.1615291]",0.5,25,3094.0213046508784
64,"[4.1807432 4.1762943 4.1733413 4.1710181 4.1693645 4.1678681 4.1668053
 4.1657028 4.1647182 4.1641669 4.1633797 4.1628675 4.1622376 4.1616864]",0.5,25,3092.9401612169063
65,"[4.1807432 4.1762547 4.1731834 4.1708608 4.1692071 4.1676712 4.1666474
 4.165545  4.1647182 4.1639309 4.163301  4.1626706 4.1620407 4.1616473]",0.5,25,3091.0645498586714
66,"[4.1808219 4.1762547 4.1731443 4.1709394 4.1692462 4.1678286 4.1664901
 4.1654663 4.1646395 4.1638126 4.1633401 4.1628675 4.161962  4.1616473]",0.5,25,3089.7725203556315
67,"[4.1805859 4.1760578 4.1731443 4.1708608 4.1691279 4.1677108 4.1664901
 4.1653481 4.1646395 4.1639309 4.1631041 4.1625528 4.1619229 4.1615291]",0.5,25,3088.425154473065
68,"[4.1807041 4.1762152 4.173223  4.1709394 4.1691675 4.1677108 4.1665297
 4.1654663 4.1646395 4.1639309 4.1633797 4.1626706 4.1621194 4.1614895]",0.5,25,3087.4939116426594
69,"[4.1805463 4.1760974 4.1731834 4.1708212 4.1692071 4.1679077 4.1664901
 4.1655846 4.1646004 4.1638522 4.1632218 4.1625919 4.161962  4.1616473]",0.5,25,3086.113020280223
70,"[4.1806254 4.1761365 4.1731443 4.1708212 4.1691675 4.1676321 4.1664505
 4.1655059 4.1646395 4.1638126 4.1631432 4.1625919 4.161962  4.1616473]",0.5,25,3084.81429824612
71,"[4.1804676 4.1759791 4.1729078 4.1706243 4.1688523 4.1674743 4.1661749
 4.1651907 4.1643248 4.1634583 4.1629071 4.1622376 4.1616473 4.1612926]",0.5,25,3082.5654614640307
72,"[4.1806254 4.1760187 4.172987  4.1708212 4.1690102 4.1675925 4.1664114
 4.1653481 4.1644821 4.1636944 4.1631041 4.1623163 4.1618047 4.1614504]",0.5,25,3081.632802593861
73,"[4.1805072 4.1760187 4.1730657 4.1708608 4.1689315 4.1675138 4.1664114
 4.165309  4.1644425 4.1636553 4.1630645 4.1624346 4.1617651 4.1614108]",0.5,25,3080.630447558593
74,"[4.1805072 4.1761761 4.1731048 4.1708999 4.1690493 4.1675529 4.1664505
 4.1653481 4.1644821 4.1638522 4.1631041 4.1625133 4.1618047 4.1614504]",0.5,25,3079.813018079019
75,"[4.1805859 4.1761761 4.1731048 4.1708608 4.1691675 4.1676321 4.1664114
 4.1653481 4.1646004 4.1637731 4.1632218 4.1625133 4.1618834 4.1616077]",0.5,25,3078.462362238904
76,"[4.1805463 4.1761365 4.1730261 4.1707816 4.1690888 4.1675529 4.1663718
 4.1653481 4.1646004 4.163734  4.1629858 4.1624742 4.1620803 4.1613717]",0.5,25,3077.1945726468903
77,"[4.1805072 4.1759005 4.1729474 4.1707029 4.1688132 4.1675138 4.1662145
 4.1651516 4.1642852 4.1636157 4.1628675 4.1622772 4.1616864 4.1612139]",0.5,25,3074.9699387208366
78,"[4.1805463 4.1759005 4.1729078 4.1706638 4.1689315 4.1673956 4.1662931
 4.1653481 4.1645212 4.1636157 4.1630645 4.162395  4.1618047 4.1611352]",0.5,25,3074.035848949789
79,"[4.1803889 4.1759396 4.1728292 4.1707425 4.1689706 4.1674352 4.1661749
 4.1652303 4.1642456 4.1636157 4.1627498 4.1621985 4.1616473 4.1612139]",0.5,25,3072.3050515683312
80,"[4.1804285 4.1758218 4.1727901 4.1705456 4.1687346 4.1672773 4.1661749
 4.1651516 4.1641669 4.1633797 4.1627498 4.1620803 4.1616473 4.1612926]",0.5,25,3071.026776916775
81,"[4.1805463 4.1758218 4.1730261 4.1706638 4.1688523 4.1673956 4.1662145
 4.1650724 4.1642456 4.163537  4.1626706 4.1621985 4.1616473 4.1611352]",0.5,25,3070.012059366998
82,"[4.1804285 4.1758609 4.1729078 4.1706243 4.1688523 4.1673565 4.1660962
 4.1651907 4.1642456 4.1633797 4.1628675 4.1621985 4.1616077 4.1611352]",0.5,25,3068.7655792664946
83,"[4.1803889 4.1758218 4.1728292 4.1705456 4.1688132 4.1672773 4.1660962
 4.1651516 4.1641669 4.1634974 4.1627102 4.1621985 4.1616077 4.1610565]",0.5,25,3067.581202059055
84,"[4.1805072 4.1758218 4.1728292 4.1704273 4.168695  4.1673169 4.1660571
 4.165112  4.1641669 4.1634974 4.1627102 4.1621194 4.1615291 4.1611352]",0.5,25,3066.32447017646
85,"[4.1802316 4.1757822 4.1727505 4.1706243 4.1686163 4.1671596 4.1660571
 4.1649547 4.1642065 4.1634188 4.1626315 4.162159  4.1614504 4.1609383]",0.5,25,3065.071317259932
86,"[4.1803102 4.1757822 4.1726718 4.170506  4.1686559 4.1671596 4.1661358
 4.1650724 4.1640882 4.1633797 4.1625528 4.1621194 4.1614504 4.1609778]",0.5,25,3064.115753745524
87,"[4.1803498 4.1758218 4.1727505 4.1704273 4.168695  4.1671987 4.1658993
 4.1649938 4.1640882 4.1633797 4.1626315 4.1620803 4.1615291 4.1609383]",0.5,25,3062.8609788731533
88,"[4.1801529 4.1757035 4.1726322 4.1703882 4.1687346 4.16712   4.1659784
 4.1649151 4.1640096 4.1632614 4.1624346 4.1619229 4.1613321 4.1607413]",0.5,25,3061.525898870711
89,"[4.1802707 4.1758218 4.1727114 4.1704273 4.1687346 4.1671596 4.1660962
 4.1649151 4.16397   4.163301  4.1625528 4.1620407 4.1614504 4.1608596]",0.5,25,3060.4876891232643
90,"[4.1802707 4.1756639 4.1725535 4.1703882 4.168498  4.1670809 4.1658602
 4.164876  4.16397   4.1631827 4.1625133 4.1620407 4.1614504 4.1609383]",0.5,25,3059.2476083973497
91,"[4.1803102 4.1755853 4.1725931 4.17027   4.1685376 4.16712   4.1658602
 4.1648364 4.1639309 4.1631041 4.1625133 4.1618438 4.1615291 4.1607413]",0.5,25,3057.935411858861
92,"[4.1802707 4.1756248 4.1726322 4.1703095 4.168498  4.1671596 4.1659784
 4.1649547 4.1638913 4.1632218 4.1625133 4.161962  4.1612926 4.1607809]",0.5,25,3056.7780194201678
93,"[4.180192  4.1755462 4.1726718 4.17027   4.168498  4.16712   4.1658206
 4.1649151 4.1639309 4.1632218 4.1625133 4.1618834 4.1613717 4.1608596]",0.5,25,3055.726374347194
94,"[4.1802707 4.1757035 4.1725931 4.17027   4.1685376 4.1671596 4.1658206
 4.1647577 4.1639309 4.1631432 4.1625133 4.1617651 4.1613717 4.1608992]",0.5,25,3054.589242527807
95,"[4.1801529 4.1755462 4.1723566 4.1701126 4.1683407 4.166923  4.1656237
 4.1646395 4.1636944 4.1629071 4.1622772 4.1615682 4.1611748 4.160584 ]",0.5,25,3053.062426488852
96,"[4.1801529 4.1755066 4.1725931 4.1701913 4.1684194 4.16712   4.1657419
 4.1647577 4.1638913 4.1631041 4.1624346 4.161726  4.1613321 4.1607809]",0.5,25,3052.098588470865
97,"[4.1802316 4.1755853 4.1725535 4.17027   4.168498  4.1670017 4.1658602
 4.1647182 4.1638522 4.1630645 4.1624346 4.161726  4.1612926 4.1607809]",0.5,25,3051.006222133653
98,"[4.1802316 4.1757035 4.1725535 4.1702304 4.168498  4.16712   4.1658206
 4.1647577 4.1638913 4.1630645 4.1624742 4.1617651 4.1612535 4.1607413]",0.5,25,3049.8652140116355
99,"[4.1800742 4.1755462 4.1724749 4.1701517 4.168262  4.1668444 4.1656632
 4.1647182 4.1636944 4.1629462 4.1622376 4.1616864 4.1610961 4.1606627]",0.5,25,3048.628829382053
100,"[4.1801133 4.1755462 4.1723962 4.1702304 4.168262  4.1669626 4.1656237
 4.1646395 4.1636157 4.1629071 4.1622772 4.1617651 4.1609778 4.160584 ]",0.5,25,3047.533932011853
101,"[4.1801529 4.1754675 4.1723962 4.1701913 4.1684589 4.1668839 4.1656632
 4.1646004 4.163734  4.1629462 4.162395  4.1616473 4.1610565 4.1605053]",0.5,25,3046.4811672924798
102,"[4.180192  4.1753883 4.1724749 4.1701913 4.1683407 4.1669626 4.1655846
 4.1646791 4.1637731 4.1629858 4.1623163 4.1616077 4.1610961 4.1605449]",0.5,25,3045.595387564969
103,"[4.179956  4.1754279 4.1723175 4.1700339 4.1681833 4.1667261 4.1655846
 4.1646395 4.1636157 4.1629071 4.162159  4.1616077 4.1609778 4.1605053]",0.5,25,3044.348182900936
104,"[4.1799951 4.1753097 4.1723962 4.1701517 4.1682224 4.1668053 4.165545
 4.1646004 4.1636553 4.1627498 4.162159  4.1614108 4.1609383 4.1604266]",0.5,25,3043.562155817328
105,"[4.1799164 4.1753492 4.1722779 4.170073  4.1681833 4.1668839 4.1655846
 4.1645212 4.1636553 4.1628675 4.1620407 4.1614504 4.1610565 4.1604266]",0.5,25,3042.629777056343
106,"[4.1801529 4.1751919 4.1722388 4.1699944 4.1682224 4.166687  4.1654663
 4.1644034 4.163537  4.1627889 4.1620016 4.1613717 4.1607809 4.1602297]",0.5,25,3041.33147862549
107,"[4.1801133 4.1754279 4.1722388 4.1701913 4.1682224 4.1668053 4.1654663
 4.1645212 4.1636553 4.1627889 4.1622376 4.1615682 4.1610565 4.1604266]",0.5,25,3040.313753209909
108,"[4.179956  4.1752706 4.1722388 4.1699548 4.1681042 4.1666474 4.1655059
 4.1645212 4.163537  4.1628284 4.1620016 4.1614504 4.1608205 4.1604657]",0.5,25,3039.302428201497
109,"[4.1799164 4.1753492 4.1722779 4.1701126 4.1682224 4.1667657 4.1656237
 4.1644821 4.1635766 4.1626706 4.1621985 4.1614895 4.1609383 4.1605053]",0.5,25,3038.1820949595813
110,"[4.1799164 4.1751919 4.1721992 4.1699944 4.1680255 4.1664901 4.165545
 4.1642852 4.1633401 4.1627498 4.161962  4.1612926 4.1609383 4.1603479]",0.5,25,3036.972322731392
111,"[4.179956  4.1753492 4.1722388 4.1699548 4.1680255 4.1665688 4.1655846
 4.1643639 4.1634974 4.1626706 4.1620016 4.1613321 4.1609383 4.1603084]",0.5,25,3036.1445268604884
112,"[4.1798377 4.1753097 4.1722779 4.1700339 4.1680651 4.1666083 4.1653876
 4.1644821 4.1634188 4.1626315 4.1618834 4.1613321 4.1607413 4.1602693]",0.5,25,3035.092639845108
113,"[4.1799164 4.1752706 4.1723175 4.1700339 4.1681042 4.1666474 4.1653876
 4.1643639 4.1633797 4.1625919 4.1620016 4.1612926 4.1607809 4.1602693]",0.5,25,3034.041126812878
114,"[4.1798773 4.1753492 4.1721992 4.1699944 4.168262  4.1667657 4.165545
 4.1644425 4.1634974 4.1627889 4.1620407 4.1614895 4.1608596 4.1602693]",0.5,25,3033.242463646916
115,"[4.179956  4.1753097 4.1721992 4.1699944 4.1681437 4.1666474 4.1654272
 4.1643248 4.1634583 4.1626706 4.1619229 4.1613717 4.1608596 4.1602297]",0.5,25,3032.067355948893
116,"[4.1797986 4.1751919 4.1721206 4.169837  4.1680255 4.1664901 4.165309
 4.1642065 4.163301  4.1625528 4.1618834 4.1613321 4.1607022 4.1602297]",0.5,25,3030.996132135416
117,"[4.179759  4.1752706 4.1722388 4.1699944 4.1681437 4.1667261 4.1653876
 4.1644425 4.163537  4.1627102 4.1620407 4.1612926 4.1607413 4.1602693]",0.5,25,3030.348451854657
118,"[4.1798377 4.1751127 4.172081  4.1700339 4.1680651 4.1666083 4.165309
 4.1643248 4.1633797 4.1625528 4.1618834 4.1614108 4.1606627 4.1602297]",0.5,25,3029.194303278403
119,"[4.1799164 4.1753097 4.1721992 4.1700339 4.1681437 4.1666474 4.1655059
 4.1644425 4.1634974 4.1625528 4.161962  4.1614108 4.1607809 4.1603084]",0.5,25,3028.3942319482453
120,"[4.179956  4.1752706 4.1721992 4.1699157 4.1680255 4.1665297 4.1653876
 4.1644821 4.163537  4.1627102 4.161962  4.1611748 4.1607413 4.160151 ]",0.5,25,3027.436281263695
121,"[4.179956  4.1751523 4.1722388 4.1699157 4.1680651 4.1666083 4.1655059
 4.1644034 4.1634188 4.1627498 4.161962  4.1613717 4.1608992 4.1603084]",0.5,25,3026.497354216988
122,"[4.179759  4.1752706 4.1722388 4.169837  4.1680255 4.1664901 4.1654272
 4.1642065 4.1633401 4.1625133 4.1617651 4.1612926 4.1606627 4.1601901]",0.5,25,3025.3529945781843
123,"[4.1798377 4.175231  4.1721597 4.1699157 4.1681042 4.1665688 4.1653876
 4.1642852 4.1634188 4.1627889 4.1619229 4.1612926 4.1607809 4.1603084]",0.5,25,3024.5082039922386
124,"[4.1798773 4.1752706 4.1721597 4.1698761 4.1680255 4.1664901 4.1653876
 4.1643248 4.1633401 4.1626315 4.1618438 4.1613717 4.1607809 4.1600723]",0.5,25,3023.480638506672
125,"[4.1798377 4.1751919 4.1720419 4.1697974 4.1679077 4.1664505 4.1652694
 4.1641669 4.163301  4.1625133 4.1618047 4.1610961 4.1606236 4.1599932]",0.5,25,3022.389415600454
126,"[4.1798377 4.1751523 4.172081  4.1697974 4.1679468 4.1663327 4.1651907
 4.1642065 4.1632614 4.162395  4.161726  4.1611748 4.1606236 4.1599541]",0.5,25,3021.31866816691
127,"[4.1796408 4.1751523 4.1720023 4.1696792 4.1678286 4.1663327 4.1652303
 4.1640487 4.1631041 4.162395  4.1616864 4.1610565 4.1604266 4.1599932]",0.5,25,3020.227971559787
128,"[4.179759  4.1749949 4.1719632 4.1697974 4.1679864 4.1664505 4.1651516
 4.1640096 4.163301  4.1624346 4.1616864 4.1610565 4.1606236 4.1599145]",0.5,25,3019.326970976291
129,"[4.1796017 4.1750736 4.1720419 4.1696792 4.1678286 4.1664114 4.1651907
 4.1640882 4.1631827 4.1623163 4.161726  4.1610565 4.1604266 4.1599932]",0.5,25,3018.4851473825397
130,"[4.1796803 4.1749554 4.171845  4.1696792 4.1677499 4.1663327 4.165112
 4.1641669 4.163301  4.1622376 4.1616864 4.1610169 4.1605053 4.1599541]",0.5,25,3017.4751865174703
131,"[4.1796408 4.1749949 4.1719632 4.1696401 4.1677895 4.1662931 4.1650724
 4.1639309 4.1631432 4.162395  4.1614895 4.1609778 4.1603479 4.1597176]",0.5,25,3016.353997575005
132,"[4.179523  4.1749949 4.1717267 4.1694827 4.1675529 4.1662145 4.1648364
 4.1638913 4.1629462 4.1622376 4.1614895 4.1608205 4.1603084 4.1597967]",0.5,25,3015.233290976701
133,"[4.1796408 4.1751523 4.1717663 4.1696401 4.1678286 4.1663327 4.165112
 4.1640882 4.1632614 4.1622772 4.1614895 4.1609383 4.1605053 4.1597571]",0.5,25,3014.69868464898
134,"[4.1796017 4.1748767 4.1718841 4.1695614 4.1676712 4.1661749 4.1647577
 4.1638126 4.1630254 4.1621194 4.1614504 4.1608205 4.1602297 4.1596785]",0.5,25,3013.4370556183558
135,"[4.1796408 4.1749163 4.1719236 4.1695218 4.1677108 4.1663327 4.1650724
 4.1639309 4.1629858 4.1623559 4.1614895 4.1608992 4.160387  4.1598754]",0.5,25,3012.711377953559
136,"[4.1796408 4.1749949 4.1718054 4.1696005 4.1677499 4.166254  4.1649938
 4.16397   4.1629462 4.1622772 4.1616077 4.1608596 4.1603479 4.1598358]",0.5,25,3011.668463856064
137,"[4.1796017 4.1749554 4.1719236 4.1696005 4.1678681 4.1663327 4.165112
 4.1640882 4.1631041 4.1623163 4.1616864 4.1609778 4.1604657 4.1599145]",0.5,25,3010.888455422362
138,"[4.1796017 4.1749163 4.1717663 4.1695614 4.1676712 4.166254  4.1649547
 4.1639309 4.1629462 4.162159  4.1614895 4.1608205 4.1602297 4.1596785]",0.5,25,3009.836433581816
139,"[4.1796017 4.175034  4.1720023 4.1696792 4.1675529 4.1662145 4.1649151
 4.16397   4.1628675 4.162159  4.1614895 4.1608596 4.1602693 4.1598358]",0.5,25,3009.107749494765
140,"[4.1795621 4.175034  4.1719632 4.1696401 4.1677108 4.166254  4.1649547
 4.1639309 4.1631432 4.1623163 4.1616473 4.1610565 4.1603479 4.1599932]",0.5,25,3008.608339333903
141,"[4.1795621 4.1747584 4.1717663 4.1694431 4.1676712 4.1660962 4.1648364
 4.1638522 4.1635766 4.163537  4.1633401 4.163301  4.1624742 4.1617651]",0.5,25,3007.6004793945344
142,"[4.179523  4.1749163 4.1716876 4.1693645 4.1675138 4.1660571 4.1647577
 4.1636553 4.1628284 4.1621194 4.1612535 4.1606627 4.1599541 4.1594419]",0.5,25,3006.377511750078
143,"[4.179523  4.1749163 4.171845  4.1694827 4.1677108 4.1661749 4.164876
 4.1639309 4.1628284 4.1622772 4.1614504 4.1607022 4.1602297 4.1597967]",0.5,25,3005.748689034284
144,"[4.1796017 4.1748371 4.1717663 4.1694431 4.1676321 4.1660571 4.1647968
 4.1637731 4.1628284 4.1620016 4.1612926 4.1607413 4.1600723 4.1595602]",0.5,25,3004.709216942682
145,"[4.1794438 4.1747584 4.171648  4.1691675 4.1674743 4.1659784 4.1647182
 4.163537  4.1627889 4.161962  4.1612139 4.1605053 4.1600723 4.1595211]",0.5,25,3003.653601122913
146,"[4.1794834 4.1749163 4.1716084 4.1694036 4.1675925 4.1659784 4.1647968
 4.1636553 4.1628284 4.161962  4.1613717 4.1606236 4.1600327 4.1595602]",0.5,25,3002.957516344941
147,"[4.1794047 4.1746798 4.1715693 4.1692462 4.1675138 4.1658993 4.1646004
 4.1636553 4.1627102 4.1618047 4.1610565 4.1604657 4.1598754 4.1594419]",0.5,25,3001.7605601951727
148,"[4.1795621 4.1746407 4.1716084 4.1693249 4.1674352 4.1658993 4.1646395
 4.1636553 4.1627102 4.1618834 4.1611748 4.1606236 4.1600723 4.1594419]",0.5,25,3001.0651674328587
149,"[4.1794047 4.1747584 4.171648  4.1692071 4.1675529 4.1659784 4.1647577
 4.1636944 4.1627889 4.1619229 4.1612535 4.1605449 4.1598754 4.1594028]",0.5,25,3000.05229986735
150,"[4.1793261 4.1746407 4.1715693 4.1692462 4.1673169 4.1658206 4.1646395
 4.1634974 4.1625919 4.1617651 4.1612139 4.1604266 4.1597967 4.1593633]",0.5,25,2999.053763571098
151,"[4.1793652 4.1746011 4.1715298 4.1692462 4.1673169 4.1658602 4.1646004
 4.1635766 4.1626706 4.1618438 4.1611352 4.1604266 4.1599541 4.1594815]",0.5,25,2998.2603788450783
152,"[4.1792078 4.1746011 4.1716084 4.1692858 4.1675138 4.1657815 4.1646395
 4.1634974 4.1625133 4.1618047 4.1610565 4.1604657 4.1598358 4.1594419]",0.5,25,2997.3283197473133
153,"[4.1793652 4.1746011 4.1715693 4.1692462 4.1673565 4.1657815 4.1646004
 4.1634188 4.1625528 4.161726  4.1609778 4.1605053 4.1598754 4.1592455]",0.5,25,2996.2395500972466
154,"[4.1793652 4.1746407 4.1715693 4.1692462 4.1673169 4.1657815 4.1644821
 4.1634188 4.1625528 4.161726  4.1610169 4.1603479 4.1598358 4.1592846]",0.5,25,2995.457212675647
155,"[4.1792078 4.1746011 4.1715693 4.1691675 4.1673565 4.1656237 4.1645212
 4.163537  4.1625133 4.1617651 4.1609383 4.1603479 4.1596785 4.1592059]",0.5,25,2994.332540722113
156,"[4.1792865 4.1746407 4.1713724 4.1691279 4.1673169 4.1657815 4.1644034
 4.1633797 4.162395  4.1616473 4.1610169 4.1603479 4.1597176 4.1591663]",0.5,25,2993.471112223985
157,"[4.1790895 4.1744828 4.1713724 4.1690102 4.1673169 4.1657419 4.1644034
 4.1632614 4.162395  4.1615682 4.1608205 4.1602297 4.1597176 4.1591272]",0.5,25,2992.4842491741274
158,"[4.1792865 4.1746798 4.1714907 4.1691675 4.1672382 4.1658602 4.1644821
 4.1634188 4.1624346 4.1616864 4.1610169 4.1603479 4.1597176 4.1592846]",0.5,25,2992.070584292127
159,"[4.1792474 4.1745224 4.1714907 4.1689706 4.1671596 4.1656237 4.1643639
 4.1633401 4.1623163 4.1615291 4.1607413 4.160151  4.1594815 4.1591272]",0.5,25,2990.6407048314068
160,"[4.1792865 4.1745224 4.1714511 4.1690493 4.1671596 4.1656237 4.1644034
 4.163301  4.1624346 4.1615682 4.1608596 4.1601901 4.1595211 4.1589699]",0.5,25,2989.89827968723
161,"[4.1791682 4.1744828 4.1712937 4.1689706 4.1670809 4.1655846 4.1644034
 4.163301  4.1622376 4.1614895 4.1607413 4.1600723 4.1594815 4.1589699]",0.5,25,2988.845982633598
162,"[4.1791682 4.1744437 4.1712151 4.1689706 4.1671596 4.1655059 4.1642852
 4.1631432 4.1622376 4.1616077 4.1607809 4.1602297 4.1594419 4.1589303]",0.5,25,2987.9536757845067
163,"[4.1791291 4.1744437 4.1712937 4.1690102 4.1670809 4.165545  4.1643248
 4.1631432 4.1623163 4.1614504 4.1606627 4.1599932 4.1593633 4.1589303]",0.5,25,2987.1023446190056
164,"[4.1790895 4.174365  4.1712151 4.1689315 4.1670809 4.1655059 4.1643248
 4.1631827 4.1622772 4.1614504 4.1607413 4.1600723 4.1595211 4.1589699]",0.5,25,2986.216184972599
165,"[4.1791291 4.1744041 4.1712151 4.1689706 4.1669626 4.1655059 4.1642065
 4.1632614 4.162159  4.1614108 4.1605449 4.1599541 4.1594028 4.1589699]",0.5,25,2985.3532692315007
166,"[4.1788926 4.1742859 4.1711364 4.1688132 4.1668444 4.165309  4.1640487
 4.1628284 4.1620803 4.1612926 4.160387  4.1597571 4.1592455 4.1587729]",0.5,25,2984.1186520243323
167,"[4.1790109 4.174365  4.1712151 4.1688919 4.166923  4.165545  4.1642456
 4.1631827 4.1620016 4.1613717 4.1606236 4.1599541 4.1593633 4.1589303]",0.5,25,2983.550582585175
168,"[4.1789322 4.1742859 4.1710572 4.1688132 4.1668444 4.1653481 4.1641278
 4.1630645 4.161962  4.1612139 4.1605449 4.1597967 4.1592455 4.1587729]",0.5,25,2982.367006407198
169,"[4.1789718 4.1742072 4.1710572 4.168695  4.1668444 4.1652694 4.1640882
 4.1629462 4.1620803 4.1610961 4.1604657 4.1598358 4.1593633 4.1587334]",0.5,25,2981.7461224601234
170,"[4.1790895 4.1741681 4.1711755 4.1687737 4.1668444 4.165309  4.1640096
 4.1629462 4.162159  4.1613321 4.1605449 4.1598358 4.1593242 4.1587729]",0.5,25,2980.976664909665
171,"[4.1788139 4.1741681 4.1710181 4.168695  4.1668839 4.165309  4.16397
 4.1629858 4.1620016 4.1611748 4.160387  4.1597176 4.1591663 4.1586547]",0.5,25,2979.942242107475
172,"[4.1789718 4.1742072 4.1711364 4.1688132 4.166923  4.165309  4.1641278
 4.1630254 4.1620407 4.1611352 4.1605449 4.1597176 4.1593242 4.1586547]",0.5,25,2979.178104370932
173,"[4.1788926 4.1742859 4.1710572 4.168695  4.1668839 4.1651907 4.1640096
 4.1628675 4.161962  4.1612139 4.1604657 4.1598358 4.1591663 4.1587334]",0.5,25,2978.2711828346087
174,"[4.1789322 4.1744041 4.1710181 4.1686559 4.1668053 4.1652694 4.1639309
 4.1628284 4.1619229 4.1610961 4.1603479 4.1597571 4.1591272 4.158576 ]",0.5,25,2977.463307783338
175,"[4.1786566 4.1741681 4.1708999 4.1684589 4.1664901 4.1650724 4.1636553
 4.1627102 4.1617651 4.1609383 4.1601901 4.1595998 4.158812  4.1583395]",0.5,25,2976.1523142731407
176,"[4.1788926 4.1741681 4.1710572 4.1685376 4.1667261 4.1652694 4.1638913
 4.1628284 4.1618438 4.1611748 4.1602297 4.1596785 4.159009  4.158576 ]",0.5,25,2975.575723091769
177,"[4.1788139 4.1740894 4.1710572 4.1685767 4.1668444 4.1653876 4.1639309
 4.1627889 4.1618834 4.1610961 4.1603479 4.1597571 4.1590486 4.158576 ]",0.5,25,2974.857412939046
178,"[4.1788139 4.1740894 4.1710181 4.1686559 4.166687  4.1651907 4.1637731
 4.1628675 4.1618834 4.1609383 4.1602297 4.1595998 4.1589699 4.1584187]",0.5,25,2974.002435947403
179,"[4.1787748 4.1740499 4.1709394 4.1685376 4.1666474 4.1651516 4.1639309
 4.1627102 4.1618047 4.1609383 4.1602693 4.1595602 4.1590486 4.1584187]",0.5,25,2973.129028783365
180,"[4.1789322 4.1740894 4.1709785 4.1685767 4.1667261 4.1651907 4.1638522
 4.1627889 4.1617651 4.1609778 4.1602693 4.1595211 4.159009  4.1584187]",0.5,25,2972.461942106255
181,"[4.1787353 4.1741285 4.1708212 4.168498  4.166687  4.1651907 4.1638126
 4.1627498 4.1616473 4.1610169 4.1601114 4.1595998 4.1589303 4.1584187]",0.5,25,2971.455797344021
182,"[4.1788535 4.1741285 4.1708999 4.1685767 4.166687  4.1651907 4.1639309
 4.1627498 4.1619229 4.1609778 4.1602297 4.1596389 4.1590486 4.158576 ]",0.5,25,2970.938700544297
183,"[4.1787748 4.1740499 4.1708999 4.1685376 4.1664901 4.1650724 4.1636944
 4.1625919 4.1617651 4.1609778 4.1601901 4.1594815 4.1588907 4.1583791]",0.5,25,2969.765928843995
184,"[4.1786962 4.1740103 4.1708212 4.168498  4.1664505 4.1650333 4.1636553
 4.1625919 4.1618047 4.1608205 4.1600327 4.1594419 4.1587729 4.1582217]",0.5,25,2968.7492325134253
185,"[4.1786566 4.1740103 4.1707425 4.1683803 4.1664505 4.1649151 4.1636944
 4.1625919 4.1616473 4.1607413 4.1600327 4.1594815 4.158812  4.1583004]",0.5,25,2967.918406350364
186,"[4.1786566 4.1738138 4.1706638 4.1683011 4.1664901 4.164876  4.1635766
 4.1625133 4.1615291 4.1607809 4.1599541 4.1593633 4.1586547 4.1582217]",0.5,25,2967.067008716092
187,"[4.1786566 4.1740499 4.1708608 4.1683803 4.1664505 4.1649938 4.163734
 4.1624742 4.1616473 4.1607022 4.1601114 4.1593633 4.1588516 4.1582217]",0.5,25,2966.3760735298656
188,"[4.1787353 4.1739712 4.1707425 4.168262  4.1664901 4.1649151 4.1637731
 4.1625528 4.1616473 4.1607022 4.1600723 4.1593242 4.1586943 4.1581821]",0.5,25,2965.445707655301
189,"[4.1786962 4.1737742 4.1705852 4.168262  4.1663718 4.164876  4.163537
 4.1624346 4.1614504 4.160584  4.1599932 4.1592846 4.158576  4.1581035]",0.5,25,2964.273523875732
190,"[4.1786566 4.1739316 4.1707816 4.1683803 4.1665688 4.1649151 4.1636553
 4.1625528 4.1615291 4.1606236 4.1599145 4.1592059 4.1586943 4.1581035]",0.5,25,2963.62288180135
191,"[4.1786566 4.1738925 4.1706243 4.168262  4.1664114 4.1648364 4.1634188
 4.1624742 4.1614895 4.1607413 4.1598754 4.1592846 4.1586151 4.1583004]",0.5,25,2962.8016344330517
192,"[4.1786962 4.1739712 4.1707425 4.1683803 4.1664505 4.1649547 4.1636553
 4.1625133 4.1615682 4.1607413 4.1600327 4.1592846 4.1585364 4.1582217]",0.5,25,2961.9719277133504
193,"[4.178617  4.1737742 4.1705456 4.1681437 4.1663327 4.1647182 4.1633797
 4.1623163 4.1614504 4.1605449 4.1597571 4.1590486 4.1583791 4.1579852]",0.5,25,2960.767965164388
194,"[4.1784992 4.1737347 4.170506  4.1681437 4.1662145 4.1645608 4.1632218
 4.1621194 4.1611352 4.160387  4.1595998 4.1589699 4.1583395 4.1578279]",0.5,25,2959.83184115438
195,"[4.1784992 4.1738925 4.1707029 4.1683011 4.1664505 4.1647968 4.1635766
 4.1622376 4.1614895 4.1606627 4.1599145 4.1591663 4.1586151 4.1581035]",0.5,25,2959.414411929795
196,"[4.1785383 4.1738529 4.1707029 4.168262  4.1663718 4.1646791 4.1634583
 4.1623559 4.1614895 4.1606236 4.1596785 4.1591663 4.1585364 4.1579852]",0.5,25,2958.516850413551
197,"[4.1784992 4.1737347 4.1705456 4.1680651 4.1662931 4.1646004 4.1633401
 4.1622376 4.1611748 4.160387  4.1596785 4.1589699 4.1584973 4.1579461]",0.5,25,2957.545754711239
198,"[4.178617  4.1738529 4.1706638 4.1681833 4.166254  4.1647968 4.1634188
 4.1622772 4.1613321 4.1605053 4.1598358 4.1591272 4.1584973 4.1579065]",0.5,25,2956.897586670466
199,"[4.178617  4.1738529 4.1705852 4.168262  4.1662931 4.1646395 4.1634974
 4.1622772 4.1613321 4.1604657 4.1596785 4.159009  4.1584973 4.1580248]",0.5,25,2956.3003763856327
200,"[4.1786962 4.1737347 4.1706638 4.1681437 4.1662145 4.1646791 4.1634188
 4.1621985 4.1612926 4.160584  4.1597967 4.1590486 4.1584973 4.1579461]",0.5,25,2955.162483374432
201,"[4.1784205 4.1737347 4.1703882 4.1680255 4.1661358 4.1646395 4.1632614
 4.1623163 4.1611748 4.1604266 4.1597176 4.1589699 4.1583395 4.1577883]",0.5,25,2954.006613942055
202,"[4.1784596 4.1737347 4.1704273 4.1681437 4.166254  4.1645608 4.1632614
 4.162159  4.1612139 4.1604657 4.1597571 4.1591272 4.1585364 4.1579065]",0.5,25,2953.2158314670173
203,"[4.1784992 4.173656  4.1705456 4.1681833 4.166254  4.1646395 4.163301
 4.162159  4.1611748 4.160387  4.1596389 4.1590877 4.1584187 4.1578674]",0.5,25,2952.6253132553443
204,"[4.1786566 4.173656  4.170506  4.1682224 4.166254  4.1646395 4.1634974
 4.1621194 4.1613717 4.1604657 4.1597176 4.1590877 4.1584187 4.1578674]",0.5,25,2951.755697561442
205,"[4.178381  4.1737347 4.1703486 4.1679864 4.1660175 4.1644821 4.1632218
 4.1620803 4.1611748 4.1603084 4.1595211 4.158812  4.1582217 4.1577096]",0.5,25,2950.626866904162
206,"[4.178381  4.173656  4.1704669 4.1680651 4.1660962 4.1645212 4.1632218
 4.1621985 4.1611748 4.1603084 4.1596785 4.1588907 4.1582608 4.1577096]",0.5,25,2949.90353880873
207,"[4.1783414 4.1736169 4.1703882 4.1679864 4.1661358 4.1646004 4.1632614
 4.1621194 4.1611352 4.1602297 4.1594419 4.158812  4.1581035 4.1576705]",0.5,25,2948.9777393490963
208,"[4.1783023 4.1735382 4.1703882 4.1679864 4.1660571 4.1644425 4.1632218
 4.1619229 4.1610961 4.1602693 4.1595602 4.1588516 4.158143  4.1577492]",0.5,25,2948.123985820043
209,"[4.1783414 4.1734986 4.170506  4.1680255 4.1661358 4.1644821 4.1632218
 4.1620407 4.1610961 4.1601901 4.1594419 4.1586547 4.1581821 4.1575522]",0.5,25,2947.355226839734
210,"[4.1784596 4.1735382 4.1705456 4.1679864 4.1661358 4.1646004 4.1631827
 4.161962  4.1611748 4.1602693 4.1594419 4.1589303 4.1580639 4.1575522]",0.5,25,2946.754261447618
211,"[4.1784596 4.173656  4.170506  4.1680255 4.1659784 4.1644821 4.1632614
 4.161962  4.1612139 4.160151  4.1593633 4.1587334 4.1581035 4.1575522]",0.5,25,2946.132018496772
212,"[4.1784205 4.173656  4.1703882 4.1680255 4.1660175 4.1644034 4.1631827
 4.1620803 4.1610961 4.1602297 4.1594815 4.1586943 4.1581035 4.1575918]",0.5,25,2945.3405017819564
213,"[4.178381  4.1735773 4.1703486 4.1679864 4.1659389 4.1645212 4.1631041
 4.1620803 4.1609383 4.1601114 4.1593242 4.1586547 4.158143  4.1575127]",0.5,25,2944.288136604549
214,"[4.1784205 4.173656  4.1704273 4.1680255 4.1660962 4.1645212 4.1631827
 4.1620803 4.1610169 4.1602693 4.1593633 4.158812  4.1582217 4.1575522]",0.5,25,2943.620874658745
215,"[4.1784596 4.1735773 4.1704273 4.1680651 4.1660571 4.1645212 4.1631041
 4.1621194 4.1611352 4.1601901 4.1594815 4.158812  4.1580248 4.1575918]",0.5,25,2943.026218211805
217,"[4.1783023 4.1735382 4.1703486 4.1678681 4.1658993 4.1644034 4.1631041
 4.1620016 4.1609383 4.160151  4.1594815 4.1586943 4.1581035 4.1575127]",0.5,25,2941.3204378833034
218,"[4.1782627 4.1735382 4.1703486 4.1678681 4.1659784 4.1644821 4.1631432
 4.1620803 4.1609778 4.1601114 4.1594028 4.1587729 4.1579852 4.1575127]",0.5,25,2940.7093916491717
219,"[4.1783023 4.1735773 4.1703882 4.1678681 4.1659784 4.1646395 4.1631827
 4.161962  4.1610169 4.160151  4.1594028 4.1586943 4.1580248 4.1575522]",0.5,25,2939.853161893989
220,"[4.1784205 4.173656  4.170506  4.1679468 4.1660175 4.1644821 4.1632614
 4.1620407 4.1610169 4.1601901 4.1594028 4.1586943 4.1581821 4.1575918]",0.5,25,2939.044341148275
221,"[4.178381  4.1736169 4.17027   4.1678681 4.1660962 4.1644821 4.1631827
 4.161962  4.1610169 4.1602297 4.1593633 4.1586943 4.1580639 4.157434 ]",0.5,25,2938.395044510904
222,"[4.178381  4.1734986 4.1703486 4.1679077 4.1659784 4.1646004 4.1631041
 4.161962  4.1608992 4.160151  4.1593242 4.158576  4.158143  4.157434 ]",0.5,25,2937.3445886078557
223,"[4.1783023 4.1736169 4.1704669 4.1680255 4.1659784 4.1644034 4.1632218
 4.1620803 4.1610169 4.160151  4.1594815 4.1587729 4.1581035 4.1575127]",0.5,25,2936.6891926931426
224,"[4.1782236 4.1733804 4.1701913 4.1677108 4.1658993 4.1641669 4.1629071
 4.1618834 4.1608992 4.1599932 4.1592455 4.158576  4.1579065 4.1573553]",0.5,25,2935.374006747234
225,"[4.1783023 4.1735382 4.1703095 4.1679077 4.1658993 4.1644034 4.1631041
 4.1620016 4.1611352 4.1600723 4.1594028 4.1586943 4.1580639 4.1575918]",0.5,25,2934.760575208469
226,"[4.1782236 4.1735773 4.1703486 4.1677895 4.1660175 4.1644034 4.1631041
 4.161962  4.1610565 4.160151  4.1592846 4.1586943 4.1580248 4.1575522]",0.5,25,2933.9178269434965
227,"[4.1783414 4.1735382 4.1703095 4.1680255 4.1660571 4.1645212 4.1632218
 4.1620407 4.1610565 4.1601901 4.1594419 4.1588907 4.158143  4.1576309]",0.5,25,2933.301068561198
228,"[4.1781054 4.1733804 4.1703095 4.1677895 4.1658993 4.1642852 4.1629858
 4.1620803 4.1609383 4.1603084 4.1593633 4.1586547 4.1579461 4.1574736]",0.5,25,2932.227045394831
229,"[4.178184  4.1733413 4.1703486 4.1677895 4.1658206 4.1643248 4.1628675
 4.1619229 4.1609778 4.1599932 4.1592059 4.1584973 4.1579065 4.1573949]",0.5,25,2931.118617976347
230,"[4.1780658 4.1735382 4.1701913 4.1677499 4.1658206 4.1643248 4.1631041
 4.1618438 4.1608596 4.1600723 4.1592455 4.1584973 4.1579065 4.1573162]",0.5,25,2930.0397186325404
231,"[4.1781054 4.1732626 4.1701517 4.1676321 4.1656632 4.1641669 4.1628284
 4.1616473 4.1607413 4.1597571 4.1590486 4.1584973 4.1577492 4.1571193]",0.5,25,2929.0044177223053
232,"[4.1780267 4.1733413 4.1699944 4.1673956 4.1656632 4.1640882 4.1625919
 4.1614895 4.1606236 4.1596389 4.158812  4.1583395 4.1576309 4.1571193]",0.5,25,2927.500595677625
233,"[4.1780267 4.1731443 4.1699548 4.1675138 4.165545  4.16397   4.1627102
 4.1614108 4.160584  4.1595602 4.1588516 4.1583004 4.1576309 4.1570797]",0.5,25,2926.4429207100457
234,"[4.1779871 4.173223  4.170073  4.1675925 4.1656237 4.1640487 4.1627498
 4.161726  4.1606627 4.1599145 4.1588907 4.1582217 4.1575918 4.1571584]",0.5,25,2925.950666494005
235,"[4.1779084 4.1731443 4.170073  4.1676321 4.1656237 4.1640096 4.1626706
 4.1615682 4.160584  4.1597176 4.159009  4.1582217 4.1576309 4.1570797]",0.5,25,2924.9307240722665
236,"[4.1780267 4.173223  4.1699548 4.1675529 4.1656237 4.1640487 4.1627102
 4.161726  4.1605449 4.1596785 4.1587334 4.1582608 4.1575918 4.1570797]",0.5,25,2923.877131790636
237,"[4.1780267 4.1731048 4.1697583 4.1673169 4.1654663 4.1639309 4.1625133
 4.1613321 4.1604657 4.1595211 4.1586151 4.1580639 4.1575127 4.1568041]",0.5,25,2922.618124954836
238,"[4.177948  4.1731443 4.1699548 4.1675138 4.165545  4.16397   4.1625919
 4.1614895 4.1605053 4.1595998 4.158812  4.158143  4.1575522 4.1570797]",0.5,25,2921.9511898563624
239,"[4.1780658 4.1730261 4.169837  4.1674352 4.1655059 4.1638913 4.1625528
 4.1614895 4.1604266 4.1595998 4.1587729 4.158143  4.1575918 4.1568828]",0.5,25,2921.223354390327
240,"[4.1780267 4.1731048 4.1698761 4.1673565 4.1655059 4.1638913 4.1624742
 4.1613717 4.1604266 4.1595602 4.1588516 4.1582608 4.157434  4.1568828]",0.5,25,2920.2939846389427
241,"[4.1779084 4.1731048 4.169837  4.1673956 4.1654272 4.1639309 4.1624346
 4.1613717 4.160387  4.1594419 4.158576  4.158143  4.1573949 4.1568437]",0.5,25,2919.089657283394
242,"[4.1778297 4.1730261 4.1697974 4.1672773 4.1653481 4.1637731 4.1624346
 4.1613717 4.1603479 4.1595211 4.1586943 4.1579065 4.1573553 4.1566858]",0.5,25,2917.994065938858
243,"[4.1777902 4.172987  4.1696401 4.1671987 4.1654663 4.1636553 4.1622376
 4.1612139 4.1602693 4.1592846 4.1586151 4.1577883 4.1571584 4.1566858]",0.5,25,2916.9091642704293
244,"[4.1778297 4.1729474 4.1697187 4.1672773 4.1653481 4.1638522 4.1624742
 4.1612535 4.1603479 4.1593242 4.1586943 4.1579461 4.1573949 4.1566858]",0.5,25,2916.195949767524
245,"[4.177948  4.1729474 4.1697187 4.1672773 4.1653876 4.163734  4.1622772
 4.1613321 4.1604266 4.1593242 4.158576  4.1579065 4.1573162 4.156765 ]",0.5,25,2915.131790098875
246,"[4.1778693 4.1729474 4.169837  4.1673565 4.165309  4.1638126 4.1625133
 4.1613717 4.1602297 4.1594815 4.1586151 4.1579461 4.1573162 4.156765 ]",0.5,25,2914.478249314236
247,"[4.1777902 4.1729474 4.1696792 4.1672773 4.1652694 4.163734  4.1622772
 4.1611352 4.1601901 4.1592846 4.1586547 4.1578279 4.1570406 4.1566072]",0.5,25,2913.1560201104103
248,"[4.1777902 4.1729474 4.1696401 4.1671987 4.165309  4.1636553 4.1621985
 4.1611352 4.1602297 4.1594028 4.1584578 4.1577492 4.1571193 4.1565681]",0.5,25,2912.043949620768
249,"[4.1778693 4.1730261 4.1697583 4.1672382 4.165309  4.1637731 4.1623559
 4.1611748 4.1602297 4.1592455 4.1586151 4.1578674 4.1572371 4.1565681]",0.5,25,2911.069848291016
250,"[4.1777511 4.1727901 4.1695218 4.1670809 4.1651907 4.1636157 4.1623163
 4.1610565 4.1600723 4.1592059 4.1584578 4.1578279 4.1570406 4.1566072]",0.5,25,2910.014934033612
251,"[4.1777511 4.1729078 4.1695614 4.16712   4.165112  4.1636553 4.1623559
 4.1611352 4.1599541 4.1592059 4.1584187 4.1576705 4.1571584 4.1566072]",0.5,25,2909.199338282741
252,"[4.1776724 4.1729078 4.1696005 4.1670413 4.1652303 4.163537  4.1622376
 4.1608992 4.1599932 4.1591663 4.1584187 4.1576309 4.1570797 4.1564102]",0.5,25,2908.236900650774
253,"[4.1775541 4.1727505 4.1694036 4.1668839 4.1650724 4.1634974 4.1621985
 4.1609383 4.1598754 4.1592455 4.1582608 4.1577096 4.1569223 4.1563711]",0.5,25,2907.011701607531
254,"[4.1776328 4.1727505 4.1694036 4.1670017 4.1649938 4.1634583 4.1620803
 4.1609778 4.1598754 4.159009  4.1581821 4.1575918 4.1568828 4.1562924]",0.5,25,2906.06890408922
255,"[4.1777902 4.1728292 4.1695614 4.1670809 4.165112  4.163537  4.1622772
 4.1609383 4.1601901 4.1591272 4.1582608 4.1575918 4.1570406 4.1563711]",0.5,25,2905.404087871906
256,"[4.1776328 4.1727114 4.1694827 4.1670413 4.1649547 4.1634583 4.1621194
 4.1607809 4.1599145 4.1591663 4.1583004 4.1575127 4.1569223 4.1562529]",0.5,25,2904.213285146754
257,"[4.1776724 4.1726718 4.1694431 4.166923  4.1650333 4.1634188 4.1620407
 4.1607809 4.1598754 4.1588907 4.1581821 4.157434  4.1568041 4.1561346]",0.5,25,2903.210137345919
258,"[4.1775541 4.1727114 4.1694036 4.1670017 4.1649938 4.1634974 4.1620016
 4.1608596 4.1598754 4.1589699 4.1581035 4.1575522 4.156765  4.1563315]",0.5,25,2902.331066812339
259,"[4.1776328 4.1726718 4.1695614 4.1669626 4.1651516 4.1633797 4.1620803
 4.1608992 4.1598754 4.159009  4.1581035 4.1575127 4.1568041 4.1561346]",0.5,25,2901.321852366267
260,"[4.1775541 4.1726322 4.1694827 4.1668839 4.1649938 4.1633401 4.1620803
 4.1607022 4.1597571 4.159009  4.1580639 4.1573162 4.1566858 4.1561346]",0.5,25,2900.453150265434
261,"[4.1775146 4.1726718 4.1693645 4.166923  4.1649547 4.1633401 4.1619229
 4.1607809 4.1597571 4.1588516 4.1579852 4.1573553 4.1566858 4.1563315]",0.5,25,2899.617886362714
262,"[4.1775937 4.1727114 4.1694036 4.1668839 4.1649547 4.1632218 4.1618047
 4.160584  4.1598358 4.1586943 4.1579461 4.1571584 4.1567254 4.1560955]",0.5,25,2898.586802257213
263,"[4.1775541 4.1726322 4.1694036 4.1668839 4.1649151 4.1632614 4.1618834
 4.1607413 4.1597967 4.158812  4.1579852 4.1572371 4.1565285 4.1560168]",0.5,25,2897.733911078967
264,"[4.1773572 4.1726322 4.1693249 4.1668444 4.1647577 4.163301  4.1619229
 4.1606627 4.1597967 4.1587729 4.1580639 4.1572766 4.1565681 4.1561346]",0.5,25,2896.747892799749
265,"[4.1775146 4.1727114 4.1694431 4.1669626 4.1649547 4.1633401 4.161962
 4.1606236 4.1597571 4.1588516 4.1578674 4.1573949 4.1566467 4.1559772]",0.5,25,2895.573509098308
266,"[4.1774755 4.1725144 4.1693249 4.1667657 4.164876  4.1631041 4.1618438
 4.1607022 4.1595602 4.1587334 4.1580248 4.1571584 4.1564498 4.1558986]",0.5,25,2893.943632271323
267,"[4.1775146 4.1725144 4.1692462 4.1668053 4.1647577 4.1632614 4.1617651
 4.1605449 4.1596785 4.1587729 4.1579461 4.1571584 4.1565681 4.1558986]",0.5,25,2892.667384124484
268,"[4.1773968 4.1723962 4.1692462 4.1667657 4.1647968 4.1632218 4.1618438
 4.1606236 4.1595998 4.1586547 4.1579461 4.1571584 4.1566467 4.1558986]",0.5,25,2891.648831320668
269,"[4.1773968 4.1726718 4.1693249 4.1668444 4.1647968 4.1631041 4.1619229
 4.1606627 4.1595998 4.1587729 4.1578674 4.1571193 4.1564894 4.1559381]",0.5,25,2890.704007036134
270,"[4.1774359 4.1726718 4.1692462 4.1668444 4.1647968 4.163301  4.161962
 4.1606627 4.1596389 4.1587334 4.1579461 4.1571584 4.1565285 4.1559381]",0.5,25,2889.6813414877647
271,"[4.1776724 4.1726322 4.1692462 4.166923  4.1647968 4.1632218 4.1618834
 4.1607413 4.1596389 4.1587729 4.1579461 4.1571193 4.1564498 4.155859 ]",0.5,25,2888.610641797956
272,"[4.1774755 4.1725931 4.1692462 4.166687  4.1648364 4.1631827 4.1617651
 4.1606236 4.1594815 4.1585364 4.1577883 4.1571193 4.1564102 4.1557803]",0.5,25,2887.496896087781
273,"[4.1774755 4.1726322 4.1692858 4.1667657 4.164876  4.1630645 4.1618047
 4.1606236 4.1595602 4.1586151 4.1577492 4.157198  4.1565681 4.1559772]",0.5,25,2886.548277780218
274,"[4.1774359 4.1724749 4.1693249 4.1668444 4.1649151 4.163301  4.1618438
 4.1606236 4.1597571 4.158812  4.1579065 4.1573162 4.1566858 4.1560955]",0.5,25,2885.975806125356
275,"[4.1774359 4.1725144 4.1690102 4.1666474 4.1646791 4.1630645 4.1616077
 4.1605053 4.1594815 4.1585364 4.1579065 4.1571193 4.1564894 4.1558986]",0.5,25,2884.372371264923
276,"[4.1773968 4.1723175 4.1690888 4.1665688 4.1647577 4.1630645 4.161726
 4.1604657 4.1594419 4.1586151 4.1578279 4.1571193 4.1563711 4.1557412]",0.5,25,2883.324477814669
277,"[4.1772389 4.1724353 4.1690102 4.1665688 4.1644821 4.1628675 4.1614108
 4.1602693 4.1594815 4.1584187 4.1575918 4.1568437 4.1561346 4.1555443]",0.5,25,2881.752173942733
278,"[4.1773572 4.1724353 4.1691279 4.1665688 4.1646004 4.1629858 4.1616473
 4.1604266 4.1595998 4.1584187 4.1575918 4.1570406 4.1563315 4.1557016]",0.5,25,2880.837195525036
279,"[4.1772389 4.1723175 4.1690102 4.1664901 4.1645212 4.1629462 4.1616077
 4.1602297 4.1594028 4.1584973 4.1575127 4.1568041 4.1561742 4.155623 ]",0.5,25,2879.401076874049
280,"[4.1771998 4.1723175 4.1689315 4.1665297 4.1645608 4.1629071 4.1615682
 4.1603084 4.1592059 4.1583791 4.1575918 4.1568437 4.1562529 4.1555443]",0.5,25,2878.3849535451923
281,"[4.1773968 4.1723175 4.1690493 4.1664901 4.1645608 4.1629071 4.1614895
 4.160387  4.1593633 4.1584187 4.1575918 4.1568437 4.1562138 4.1555443]",0.5,25,2877.110429957544
282,"[4.1772785 4.1723566 4.1690493 4.1665688 4.1646791 4.1629858 4.1616077
 4.1603479 4.1593633 4.1584187 4.1577096 4.1568828 4.1561742 4.1555834]",0.5,25,2876.269930459664
283,"[4.1772785 4.1723566 4.1690493 4.1665688 4.1645608 4.1629071 4.1615682
 4.160387  4.1593242 4.1584187 4.1577492 4.1568041 4.1562138 4.155623 ]",0.5,25,2874.9750342274324
284,"[4.1772785 4.1722779 4.1690102 4.1666083 4.1644821 4.1629071 4.1615682
 4.1602297 4.1592846 4.1583395 4.1575918 4.1567254 4.1561742 4.1555443]",0.5,25,2873.758789595949
285,"[4.1771998 4.1723175 4.1690888 4.1664901 4.1644425 4.1628675 4.1614895
 4.1602693 4.1592455 4.1584187 4.1576309 4.1569614 4.1560955 4.1555443]",0.5,25,2872.6098947915334
286,"[4.1771603 4.1722388 4.1690888 4.1664114 4.1644821 4.1630254 4.1614504
 4.1603084 4.1592059 4.1584187 4.1576309 4.1567254 4.1560955 4.1555443]",0.5,25,2871.63445202623
287,"[4.1772389 4.1721992 4.1689315 4.1664114 4.1644425 4.1628284 4.1614895
 4.1602693 4.1591663 4.1582608 4.1575127 4.1566858 4.1560559 4.1553078]",0.5,25,2870.431442529434
288,"[4.1771212 4.1721597 4.1689315 4.1665297 4.1644034 4.1627498 4.1614504
 4.1603084 4.1592455 4.1582217 4.1574736 4.156765  4.1559772 4.1555047]",0.5,25,2869.473760046794
289,"[4.1771603 4.172081  4.1688523 4.1663327 4.1643639 4.1625919 4.1613717
 4.160151  4.1590486 4.158143  4.1575522 4.1566072 4.1559772 4.1553473]",0.5,25,2868.5386152811684
290,"[4.1770425 4.1721206 4.1688132 4.1662145 4.1643639 4.1625528 4.1611352
 4.1600327 4.1589303 4.1580639 4.1573949 4.1566858 4.155859  4.1551504]",0.5,25,2867.2170852034496
291,"[4.1769633 4.1719236 4.1686163 4.166254  4.1642065 4.1625919 4.1610961
 4.1600327 4.1589303 4.1579065 4.157198  4.1563711 4.155859  4.1551108]",0.5,25,2866.211474810927
292,"[4.1771603 4.1719632 4.1687737 4.1662931 4.1642852 4.1626315 4.1612139
 4.1598358 4.1589699 4.158143  4.1571193 4.1564498 4.1557412 4.1552687]",0.5,25,2864.6878524925423
293,"[4.1769633 4.1720419 4.1687346 4.1662145 4.1643248 4.1626315 4.1612139
 4.1600327 4.1589699 4.1579852 4.157198  4.1564498 4.1557016 4.1551504]",0.5,25,2863.023166599392
294,"[4.1770425 4.1721206 4.1688132 4.1661358 4.1642065 4.1625133 4.1611748
 4.1599932 4.1590486 4.1580639 4.1571193 4.1564498 4.1557412 4.1551504]",0.5,25,2861.5137241352004
295,"[4.1770816 4.1720419 4.168695  4.1661358 4.1643248 4.1625528 4.1612139
 4.1600327 4.1588907 4.1580639 4.157198  4.1564498 4.1556621 4.1551108]",0.5,25,2860.364052756756
296,"[4.1770816 4.1721206 4.1688523 4.1662145 4.1644425 4.1627102 4.1612139
 4.160151  4.159009  4.1580248 4.1571584 4.1564894 4.155859  4.15519  ]",0.5,25,2859.623730395915
297,"[4.1771212 4.1722388 4.1688523 4.1662931 4.1644034 4.1626706 4.1614504
 4.1601114 4.159009  4.1580639 4.157434  4.1564498 4.1558986 4.15519  ]",0.5,25,2858.5752731081816
298,"[4.1770029 4.1721206 4.1687737 4.1662145 4.1642852 4.1627102 4.1612926
 4.1601114 4.1589699 4.1582217 4.1572766 4.1565285 4.1558199 4.1552687]",0.5,25,2857.290685785727
299,"[4.1770816 4.172081  4.168695  4.1662931 4.1642065 4.1625919 4.1612535
 4.1600723 4.1589699 4.1580639 4.1572766 4.1564894 4.1557803 4.1552291]",0.5,25,2855.728128540581
300,"[4.1769242 4.1719632 4.1685376 4.1660571 4.1642852 4.1625919 4.1611748
 4.1599541 4.1590486 4.1579461 4.1570406 4.1563711 4.1557412 4.1550717]",0.5,25,2854.27755434394
301,"[4.1769633 4.1719632 4.168498  4.1661749 4.1641669 4.1624742 4.1610169
 4.1598754 4.1586943 4.1579065 4.1571193 4.1562138 4.155623  4.1548748]",0.5,25,2852.784233508439
302,"[4.1768847 4.171845  4.1686163 4.1660962 4.1642065 4.1624346 4.1610565
 4.1598754 4.1587334 4.1579065 4.1570797 4.1563315 4.1557016 4.1548748]",0.5,25,2851.521983436959
303,"[4.1768847 4.1719632 4.1686163 4.1660571 4.1640487 4.162395  4.1610565
 4.1598754 4.158812  4.1579065 4.1568828 4.1562924 4.1555047 4.1548352]",0.5,25,2850.4389012178526
304,"[4.1769242 4.1718841 4.1685376 4.1658993 4.1640882 4.1625528 4.1609778
 4.1597967 4.1586547 4.1578279 4.1569223 4.1561742 4.155426  4.1549931]",0.5,25,2849.648841233181
305,"[4.176806  4.1719632 4.1686163 4.1661358 4.1640096 4.1624346 4.1610961
 4.1598754 4.1588907 4.1579461 4.1571193 4.1564498 4.1556621 4.1549931]",0.5,25,2848.026416512997
306,"[4.1768847 4.171845  4.1684194 4.1658993 4.1639309 4.1623163 4.1608205
 4.1597571 4.1586943 4.1577096 4.1569223 4.1561742 4.1555443 4.1548748]",0.5,25,2846.248114342179
307,"[4.176806  4.1718841 4.1685767 4.1660962 4.1641669 4.1623559 4.1609778
 4.1596785 4.1587334 4.1577883 4.1569614 4.1562529 4.1555834 4.1547961]",0.5,25,2845.140931416557
308,"[4.1768456 4.171845  4.1684589 4.1659389 4.1640487 4.1622772 4.1608992
 4.1598358 4.1586547 4.1578279 4.1568828 4.1561742 4.1555443 4.1548748]",0.5,25,2844.0307192498103
309,"[4.1767273 4.1718054 4.168498  4.1658993 4.1638913 4.1621985 4.1608992
 4.1597176 4.158576  4.1576309 4.156765  4.1561346 4.1553864 4.1547565]",0.5,25,2842.755925943603
310,"[4.1766877 4.171648  4.1683803 4.1657815 4.1638522 4.162159  4.1607413
 4.1594815 4.1584973 4.1575918 4.1567254 4.1559772 4.1553864 4.1546388]",0.5,25,2841.461387458769
311,"[4.1768456 4.1718054 4.1683803 4.1658206 4.1638913 4.1622772 4.1608992
 4.1596389 4.1587729 4.1575918 4.156765  4.1560559 4.1553864 4.1547565]",0.5,25,2840.4210589005543
312,"[4.1765304 4.1718054 4.1683407 4.1657815 4.1638913 4.1621194 4.1606236
 4.1594419 4.1583791 4.1576309 4.1567254 4.1559381 4.1552687 4.1545992]",0.5,25,2838.284719028999
313,"[4.1767669 4.1717267 4.1684589 4.1658993 4.1638126 4.1621194 4.1607809
 4.1595998 4.1585364 4.1576705 4.1566467 4.1560168 4.1553078 4.1546388]",0.5,25,2837.0112155844454
314,"[4.1766877 4.1717267 4.1683407 4.1658602 4.1638126 4.1621985 4.1608205
 4.1596785 4.158576  4.1576309 4.1566858 4.1559381 4.1552687 4.1546388]",0.5,25,2835.874277608647
315,"[4.1766486 4.1717267 4.1684194 4.1658602 4.1637731 4.1621985 4.1608992
 4.1595602 4.1584578 4.1575918 4.156765  4.1558986 4.1551504 4.1546779]",0.5,25,2834.5636064763758
316,"[4.1768456 4.1718054 4.168498  4.1657815 4.1638913 4.1622376 4.1608205
 4.1596389 4.1585364 4.1576309 4.1569223 4.1560559 4.1553078 4.1547174]",0.5,25,2833.6622063248687
317,"[4.1766486 4.171648  4.1683407 4.1658993 4.1638913 4.1620407 4.1608992
 4.1595211 4.1583791 4.1575918 4.1567254 4.155859  4.1553864 4.1546388]",0.5,25,2831.918604471301
318,"[4.1766486 4.171648  4.1683011 4.1657028 4.1636944 4.1619229 4.160584
 4.1593242 4.1583791 4.1574736 4.1565681 4.155859  4.1551108 4.1545596]",0.5,25,2830.063880438233
319,"[4.1765699 4.1716084 4.1681437 4.1656237 4.1636157 4.1620407 4.1605449
 4.1594028 4.1582608 4.157434  4.1565681 4.1557412 4.1551108 4.1545205]",0.5,25,2828.511973556043
320,"[4.1765304 4.1715298 4.1681833 4.1656632 4.1636157 4.1620407 4.1606236
 4.1594028 4.1583004 4.1574736 4.1566072 4.1560168 4.1553078 4.1545205]",0.5,25,2827.204858396672
321,"[4.1765699 4.1716084 4.1683011 4.1657028 4.1636157 4.1620016 4.160584
 4.1595998 4.1584578 4.1574736 4.1566467 4.1558986 4.1552687 4.1545992]",0.5,25,2825.6659098312707
322,"[4.1765304 4.1714907 4.1680255 4.1656237 4.163537  4.161962  4.1605053
 4.1592455 4.1583004 4.1572371 4.1564498 4.1555834 4.1550717 4.154284 ]",0.5,25,2824.0814193514
323,"[4.1764517 4.1713724 4.1680651 4.165545  4.1633797 4.1619229 4.1605053
 4.1590486 4.158143  4.157198  4.1562529 4.1555834 4.1548352 4.1542449]",0.5,25,2822.160183449305
324,"[4.176373  4.171412  4.1679468 4.1654663 4.1634188 4.1618834 4.1604266
 4.1592846 4.158143  4.1571584 4.1563711 4.1555443 4.1549931 4.1542449]",0.5,25,2821.081569486626
325,"[4.1765699 4.1714511 4.1679864 4.1656632 4.1634974 4.1619229 4.1604657
 4.1592455 4.158143  4.1574736 4.1564102 4.1555834 4.1549535 4.1544023]",0.5,25,2820.4495089637608
326,"[4.176373  4.171412  4.1679864 4.165309  4.1633401 4.161726  4.1603084
 4.1591272 4.1579461 4.1572766 4.1562529 4.1555443 4.1547565 4.1540875]",0.5,25,2818.8104418688977
327,"[4.1763334 4.1712542 4.1679864 4.1653876 4.163301  4.161726  4.1601114
 4.1589699 4.1581035 4.1569614 4.1560559 4.1553473 4.1548352 4.1540875]",0.5,25,2816.488691276585
328,"[4.1763334 4.1714511 4.1679864 4.1655059 4.1633797 4.1617651 4.1603084
 4.159009  4.1579065 4.1570797 4.1561346 4.1553864 4.1545992 4.1540875]",0.5,25,2814.927362990989
329,"[4.1764121 4.1714511 4.1679864 4.165545  4.1634583 4.1617651 4.1602693
 4.1590877 4.1580248 4.1571193 4.1562138 4.1554656 4.1547174 4.1540875]",0.5,25,2813.960800017497
330,"[4.1762943 4.1713328 4.1679468 4.1655059 4.1634188 4.1618438 4.160387
 4.1592455 4.1581821 4.1571193 4.1562529 4.1554656 4.1547961 4.1542053]",0.5,25,2812.354229018285
331,"[4.1765304 4.1713724 4.1681437 4.1656237 4.163537  4.1618438 4.1604657
 4.1592846 4.1582217 4.1572766 4.1564894 4.155623  4.1549535 4.1543236]",0.5,25,2811.224334316137
332,"[4.1761761 4.1711755 4.1678681 4.1653876 4.1632614 4.1615291 4.1601901
 4.1588907 4.1577883 4.1569223 4.1560168 4.1552687 4.1546388 4.153851 ]",0.5,25,2808.700626143937
333,"[4.1761761 4.1712937 4.1678286 4.1652694 4.163301  4.1615682 4.1601901
 4.1589303 4.1577492 4.1568828 4.1559772 4.1552687 4.1545205 4.1539693]",0.5,25,2807.139085836996
334,"[4.1764121 4.1712542 4.1679864 4.1654272 4.1634583 4.1617651 4.1603084
 4.1590486 4.1579852 4.157001  4.1563315 4.1553864 4.1546388 4.1539297]",0.5,25,2806.0037263296163
335,"[4.1764121 4.1713328 4.1679468 4.1653876 4.1634188 4.161726  4.1602297
 4.1589303 4.1579065 4.157001  4.1561742 4.1553473 4.1546388 4.1540084]",0.5,25,2804.638412976343
336,"[4.1761761 4.1712542 4.1679864 4.1654272 4.1632218 4.1616473 4.1601114
 4.1589303 4.1578674 4.1568437 4.1560168 4.1551504 4.1544809 4.1538906]",0.5,25,2802.585961334228
337,"[4.1762943 4.1712542 4.1678286 4.165309  4.163301  4.1615291 4.1601901
 4.1589303 4.1577492 4.1569223 4.1559772 4.15519   4.1545205 4.1538906]",0.5,25,2801.2154461809614
338,"[4.1761365 4.1712542 4.1677895 4.1652303 4.1632614 4.1615291 4.1601901
 4.1588907 4.1577883 4.156765  4.1559381 4.15519   4.1545205 4.1539693]",0.5,25,2800.0987187835008
339,"[4.1761761 4.1711364 4.1677499 4.165309  4.1632218 4.1616077 4.160151
 4.1589699 4.1577883 4.1566467 4.1558986 4.1552687 4.1544809 4.153851 ]",0.5,25,2798.892243811576
340,"[4.1762152 4.1710968 4.1677499 4.1652694 4.1631432 4.1614108 4.1600327
 4.158812  4.1576705 4.1566858 4.1558199 4.1550322 4.1544809 4.1537328]",0.5,25,2796.497988815512
341,"[4.1761761 4.1712151 4.1676712 4.165112  4.1632614 4.1615682 4.160151
 4.1588516 4.1577096 4.1567254 4.1559381 4.1551108 4.1544809 4.1537724]",0.5,25,2794.868763250869
342,"[4.1762547 4.1711755 4.1677499 4.1651907 4.1631432 4.1614108 4.1599541
 4.1589699 4.1577883 4.156765  4.1559772 4.1553078 4.1544809 4.1538119]",0.5,25,2793.7078892116992
343,"[4.1762943 4.1710968 4.1677895 4.1650333 4.1631432 4.1613717 4.1600723
 4.1588516 4.1576309 4.1568041 4.1559381 4.1550717 4.1544023 4.1540084]",0.5,25,2792.070782538658
344,"[4.1760974 4.1711364 4.1676712 4.1651907 4.1633401 4.1614895 4.1601901
 4.1588907 4.1579852 4.1569223 4.1560955 4.1553078 4.1545205 4.1538906]",0.5,25,2790.504800866156
345,"[4.1759396 4.1710181 4.1675529 4.1649938 4.1629462 4.1612926 4.1598754
 4.1586547 4.1575918 4.1565285 4.1557016 4.1549931 4.1541662 4.1534181]",0.5,25,2787.892580943741
346,"[4.1760974 4.1710572 4.1677108 4.1651516 4.1630645 4.1612926 4.1600327
 4.1587334 4.1575522 4.1566467 4.1557803 4.1550717 4.1544023 4.153615 ]",0.5,25,2786.453340412189
347,"[4.1759396 4.1709394 4.1675529 4.1649938 4.1629858 4.1612926 4.1598754
 4.1585364 4.1575127 4.1566072 4.1557016 4.1549931 4.1542053 4.1535363]",0.5,25,2784.724557723528
348,"[4.1759005 4.1709394 4.1675138 4.1652694 4.1629462 4.1612926 4.1598358
 4.1587334 4.157434  4.1565285 4.1557412 4.1549931 4.1542053 4.1535754]",0.5,25,2782.974456506484
349,"[4.1758609 4.1708608 4.1676712 4.1649151 4.1629071 4.1612926 4.1598358
 4.1584973 4.1575127 4.1564102 4.1555443 4.1547961 4.154048  4.1534572]",0.5,25,2781.3186152775047
350,"[4.1759791 4.1708608 4.1675529 4.1649938 4.1629462 4.1613321 4.1598754
 4.1586151 4.1575522 4.1565681 4.1555834 4.1549931 4.1540875 4.1535363]",0.5,25,2780.429708742676
351,"[4.1759005 4.1710181 4.1675529 4.1649547 4.1628675 4.1611352 4.1597176
 4.1585364 4.1573162 4.1565285 4.1555047 4.1547174 4.1541662 4.1533785]",0.5,25,2778.412650582545
352,"[4.1758218 4.1708608 4.1675138 4.1649151 4.1628675 4.1612926 4.1598754
 4.1584973 4.1573162 4.1564102 4.1555443 4.1547961 4.1540875 4.1533394]",0.5,25,2776.185602532691
353,"[4.1760187 4.1709394 4.1674743 4.1649547 4.1628675 4.1612926 4.1599145
 4.1586151 4.1574736 4.1565285 4.1555834 4.1548352 4.1541662 4.1534967]",0.5,25,2774.9261642735496
354,"[4.1759005 4.1710968 4.1673956 4.1648364 4.1627102 4.1612139 4.1596785
 4.1586943 4.1575127 4.1564498 4.1555834 4.1546779 4.1541662 4.1534572]",0.5,25,2773.086976779381
355,"[4.1757822 4.1706638 4.1672382 4.1647968 4.1626706 4.1609778 4.1595998
 4.1583004 4.1572766 4.1562924 4.1553864 4.1545992 4.1537724 4.1531425]",0.5,25,2770.7750776235603
356,"[4.1757035 4.1706243 4.1672773 4.1647968 4.1628284 4.1609383 4.1595602
 4.1585364 4.1571193 4.1562138 4.155426  4.1544023 4.1538906 4.1530242]",0.5,25,2768.885596390244
357,"[4.1757822 4.1707425 4.1673956 4.164876  4.1627498 4.1611352 4.1596389
 4.1582217 4.157198  4.1562529 4.1555047 4.1545205 4.153851  4.1531816]",0.5,25,2767.526213039688
358,"[4.1757431 4.1707425 4.1673565 4.1646791 4.1628284 4.1609383 4.1596785
 4.1582217 4.1571584 4.1563711 4.1553078 4.1544809 4.1536937 4.1531425]",0.5,25,2765.637526900364
359,"[4.1757035 4.1707425 4.1673565 4.1647577 4.1625919 4.1610961 4.1595998
 4.1582217 4.1571584 4.1561346 4.1552687 4.1544809 4.1537328 4.1530242]",0.5,25,2763.949502361651
360,"[4.1756639 4.1707029 4.1672773 4.1647968 4.1626315 4.1608992 4.1593242
 4.1581821 4.1570406 4.1560955 4.1553078 4.1543632 4.1536541 4.1529455]",0.5,25,2762.895265304901
361,"[4.1755066 4.1704669 4.1671596 4.1644821 4.162395  4.1608205 4.1594419
 4.1580639 4.156765  4.1559381 4.1549931 4.154284  4.1534181 4.1527882]",0.5,25,2760.887334499783
362,"[4.1757035 4.1706638 4.1672382 4.1646395 4.1625919 4.1608596 4.1594028
 4.158143  4.1570797 4.1560955 4.1551504 4.1543236 4.1536541 4.1529851]",0.5,25,2758.978105221222
363,"[4.1757035 4.1706638 4.1673169 4.1646791 4.1627102 4.1610961 4.1595211
 4.1582217 4.1572766 4.1561742 4.1553078 4.1544809 4.1537328 4.1530638]",0.5,25,2757.822660272355
364,"[4.1757822 4.1707816 4.1672773 4.1646791 4.1626706 4.1610169 4.1595998
 4.1584187 4.157198  4.1562138 4.1553473 4.1545205 4.1538119 4.1532211]",0.5,25,2757.136852253962
365,"[4.1755462 4.1704669 4.1670809 4.1644425 4.1624346 4.1607809 4.1592059
 4.1580639 4.1568828 4.1559772 4.1550717 4.1542053 4.1534967 4.1527882]",0.5,25,2754.250926331109
366,"[4.1756248 4.1706243 4.1670413 4.1645212 4.1624346 4.1607022 4.1593242
 4.158143  4.1568437 4.155859  4.1550717 4.1541266 4.1534572 4.1528668]",0.5,25,2752.459637503257
367,"[4.1756639 4.1705456 4.1670413 4.1646004 4.1625133 4.1607413 4.1594815
 4.1579065 4.1568828 4.1558986 4.1551504 4.1541662 4.1534572 4.1527882]",0.5,25,2750.957146871338
368,"[4.1755066 4.1704669 4.1670809 4.1644425 4.1624346 4.1606627 4.1593242
 4.1579461 4.1567254 4.155859  4.1549931 4.154284  4.1535363 4.1527095]",0.5,25,2749.355750013158
369,"[4.1754675 4.1703486 4.1670017 4.1644425 4.162159  4.1606236 4.1591663
 4.1577492 4.1567254 4.1557803 4.1549144 4.1541266 4.1533394 4.1525517]",0.5,25,2748.4276505215107
370,"[4.1753883 4.1703882 4.1668839 4.1642852 4.1622772 4.1605053 4.159009
 4.1577883 4.156765  4.1556621 4.1547174 4.1540875 4.1533394 4.1525126]",0.5,25,2747.250528959012
371,"[4.1754675 4.1703095 4.1670017 4.1643248 4.1622772 4.1605053 4.1589303
 4.1577883 4.156765  4.1558199 4.1547961 4.1540084 4.1531816 4.1526699]",0.5,25,2744.864473009303
372,"[4.1753883 4.1704273 4.166923  4.1645212 4.162395  4.1606236 4.1591272
 4.1579852 4.1568041 4.155859  4.1549535 4.154048  4.1533394 4.1527486]",0.5,25,2743.553544314372
373,"[4.1756248 4.1705852 4.1671987 4.1645212 4.1625133 4.1608596 4.1592846
 4.1581035 4.1569223 4.1559381 4.1551108 4.1542053 4.1535754 4.1528668]",0.5,25,2742.691169692655
374,"[4.1752706 4.1703486 4.1668839 4.1642852 4.1621194 4.1604657 4.1590486
 4.1577492 4.1566858 4.1556621 4.1545596 4.1537724 4.1532211 4.1523943]",0.5,25,2740.1476295166017
375,"[4.1752706 4.1700339 4.1668053 4.1641278 4.1618438 4.1601901 4.1588907
 4.1575127 4.1563711 4.155426  4.1545992 4.1536541 4.1529059 4.152276 ]",0.5,25,2737.87264092136
376,"[4.1754279 4.1703095 4.166923  4.1643639 4.1623559 4.1604657 4.1589699
 4.1577492 4.1565681 4.1555834 4.1547961 4.1539297 4.1531425 4.1523547]",0.5,25,2736.821188479139
377,"[4.1753097 4.1701517 4.1667657 4.1640882 4.1620407 4.1602693 4.158812
 4.1576309 4.1565285 4.1553473 4.1545205 4.1536541 4.1529851 4.1524339]",0.5,25,2734.858184547658
378,"[4.1753883 4.1701126 4.1666474 4.1640487 4.1618834 4.1601901 4.1586943
 4.1573949 4.1562138 4.1553078 4.1544418 4.153615  4.1528668 4.1521974]",0.5,25,2733.574591549479
379,"[4.1751919 4.170073  4.1666474 4.1640487 4.1618834 4.1601901 4.1586547
 4.1573553 4.1561742 4.1553078 4.1543632 4.1536541 4.1529059 4.1521974]",0.5,25,2731.4380884247494
380,"[4.1752706 4.1700339 4.1666083 4.1640882 4.1618834 4.1601114 4.158576
 4.1574736 4.1563315 4.1552687 4.154284  4.153615  4.1527882 4.1521583]",0.5,25,2729.496322760552
381,"[4.1753492 4.1702304 4.1668444 4.1641669 4.1620803 4.1603479 4.1589303
 4.1575522 4.1564894 4.1554656 4.1545205 4.1537724 4.1529851 4.1523156]",0.5,25,2728.129853435329
382,"[4.1751523 4.1699548 4.1665297 4.1639309 4.1617651 4.1601114 4.1586547
 4.1573162 4.1561346 4.15519   4.1542449 4.1534181 4.1526699 4.1518826]",0.5,25,2725.445666322428
383,"[4.1751523 4.1701126 4.1664901 4.1640096 4.1618438 4.160151  4.1586151
 4.1572371 4.1561346 4.1551504 4.154284  4.1534572 4.1527095 4.1518826]",0.5,25,2723.229331871743
384,"[4.175231  4.1701126 4.1666083 4.1639309 4.1618047 4.1600723 4.1586151
 4.1572766 4.1561742 4.15519   4.1542449 4.1534967 4.1527486 4.1518431]",0.5,25,2720.9263051192183
385,"[4.1751523 4.1698761 4.1664901 4.1638126 4.161726  4.1599932 4.1584578
 4.1571584 4.1559772 4.1549931 4.154048  4.1532607 4.1525126 4.1518035]",0.5,25,2718.577842856581
386,"[4.175034  4.1698761 4.1664114 4.1638522 4.1616864 4.1599541 4.1585364
 4.1571584 4.1560168 4.1550717 4.1540875 4.1532607 4.1525517 4.1518826]",0.5,25,2717.452043597953
387,"[4.175034  4.1697583 4.1664114 4.163734  4.1614895 4.1599541 4.1585364
 4.1569614 4.155859  4.1547961 4.1538906 4.1531029 4.1523156 4.1514492]",0.5,25,2714.2207433862327
388,"[4.1750736 4.1698761 4.1663718 4.1638126 4.1616473 4.1599932 4.1584973
 4.157198  4.1559772 4.1549931 4.154048  4.1532607 4.1524339 4.1516857]",0.5,25,2712.975267421604
389,"[4.175231  4.1699944 4.1664901 4.1638522 4.1617651 4.1600723 4.1585364
 4.1573162 4.1560559 4.1550322 4.1541266 4.1532998 4.152473  4.1517644]",0.5,25,2711.149420746799
390,"[4.1749554 4.1700339 4.1663327 4.1637731 4.1614895 4.1598754 4.1582608
 4.1570406 4.1558986 4.1548748 4.1538119 4.1529455 4.1523943 4.1516066]",0.5,25,2708.68038411933
391,"[4.1749554 4.1697974 4.1661749 4.163537  4.1614895 4.1595998 4.1581821
 4.1568437 4.1557412 4.1546388 4.1537328 4.1529059 4.1521187 4.1513705]",0.5,25,2706.128691977949
392,"[4.1748767 4.1696401 4.1663327 4.1635766 4.1614504 4.1595211 4.1581035
 4.1568828 4.1557412 4.1545992 4.1536541 4.1527882 4.1521187 4.1513705]",0.5,25,2704.2233425899262
393,"[4.1747193 4.1693249 4.1658993 4.1631827 4.1610169 4.1593633 4.1577096
 4.1564894 4.1553078 4.1543236 4.1532211 4.1524339 4.1516461 4.1510553]",0.5,25,2702.808774527723
394,"[4.174798  4.1696005 4.1660962 4.1633797 4.1612139 4.1594419 4.1579461
 4.1566858 4.155426  4.1544418 4.1535363 4.1526303 4.1518035 4.1510553]",0.5,25,2701.79401466363
395,"[4.1748767 4.1696005 4.1660962 4.1633797 4.1612926 4.1594419 4.1579461
 4.1566467 4.155426  4.1543632 4.1534181 4.1525912 4.1517644 4.1510553]",0.5,25,2699.892432216798
396,"[4.1749554 4.1697974 4.166254  4.1635766 4.1614108 4.1597176 4.1581821
 4.1568437 4.1555443 4.1545596 4.1536541 4.1527882 4.15204   4.1512918]",0.5,25,2699.967243146974
397,"[4.1747193 4.1694827 4.1660175 4.1631432 4.1610565 4.1593633 4.1577883
 4.1563711 4.1552291 4.1540875 4.1532607 4.1524339 4.1515675 4.1508589]",0.5,25,2697.7158860738127
398,"[4.174798  4.1695614 4.1659784 4.1634583 4.1611748 4.1593242 4.1579461
 4.1565285 4.155426  4.1544023 4.1534181 4.1525912 4.1516857 4.1510553]",0.5,25,2696.514281078557
399,"[4.174798  4.1694827 4.1658993 4.1634583 4.1612535 4.1593633 4.1577883
 4.1565285 4.1553078 4.154284  4.1532998 4.152473  4.1516857 4.1509376]",0.5,25,2696.358831830918
400,"[4.1746011 4.1694431 4.1658993 4.1632218 4.1609778 4.1592059 4.1577492
 4.1563711 4.1551504 4.154048  4.1530638 4.1522369 4.1514492 4.1506224]",0.5,25,2696.027880003117
401,"[4.1746798 4.1694827 4.1660175 4.163301  4.1610169 4.1592846 4.1577096
 4.1565285 4.1552687 4.1541662 4.1532607 4.152276  4.1516066 4.1508193]",0.5,25,2694.7886024391
402,"[4.1747584 4.1694036 4.1659389 4.1631827 4.1610565 4.1592455 4.1577492
 4.1562529 4.1549931 4.1540084 4.1531816 4.152276  4.1514492 4.1507406]",0.5,25,2692.902232934028
403,"[4.1748371 4.1696401 4.1660962 4.1633797 4.1612926 4.1594419 4.1579852
 4.1564894 4.1553864 4.1544418 4.1533785 4.1524339 4.1517248 4.1510162]",0.5,25,2691.561141809627
404,"[4.1745615 4.1693645 4.1659389 4.1631432 4.1608992 4.1592059 4.1576309
 4.1562924 4.1549931 4.1540084 4.1529455 4.1519613 4.1512523 4.1504254]",0.5,25,2689.685470684952
405,"[4.1747193 4.1696005 4.1658602 4.1631827 4.1610169 4.1592846 4.1577096
 4.1563711 4.1550322 4.1540084 4.1529851 4.1520004 4.1512918 4.150465 ]",0.5,25,2689.001351652966
406,"[4.1751127 4.1699548 4.1662931 4.163734  4.1616864 4.1597176 4.1582217
 4.1568437 4.1557412 4.1545992 4.1536541 4.1528273 4.1519217 4.1512132]",0.5,25,2688.1292159649
407,"[4.174798  4.1694827 4.1658206 4.1631432 4.1610169 4.1591663 4.157434
 4.1562924 4.1549931 4.1537724 4.1529059 4.1519613 4.1511345 4.1503468]",0.5,25,2685.532128884008
408,"[4.1748767 4.1695614 4.1660175 4.1634188 4.1610961 4.1594028 4.1577883
 4.1563711 4.1551108 4.154048  4.1529851 4.1520791 4.1513705 4.1505833]",0.5,25,2681.6388119580083
409,"[4.174798  4.1696792 4.1661749 4.1634188 4.1611748 4.1594419 4.1578674
 4.1566072 4.1552291 4.1540084 4.1532211 4.1523943 4.1513309 4.150701 ]",0.5,25,2677.896052553031
410,"[4.174798  4.1696005 4.1660571 4.1634188 4.1612139 4.1594419 4.1579852
 4.1564894 4.1552291 4.154284  4.1532607 4.1523547 4.1514492 4.1506619]",0.5,25,2673.18227499376
411,"[4.1746011 4.1695218 4.1659784 4.1632614 4.1610961 4.1592846 4.1577883
 4.1564498 4.15519   4.1541662 4.1531816 4.1521583 4.1514101 4.1506224]",0.5,25,2668.16988897081
412,"[4.1746798 4.1696005 4.1659784 4.1634188 4.1612139 4.1594028 4.1579065
 4.1564894 4.1553078 4.1540875 4.1531816 4.1523943 4.1514888 4.150701 ]",0.5,25,2663.523183115778
413,"[4.1744828 4.1693249 4.1658602 4.1630645 4.1610169 4.1591663 4.1575918
 4.1562138 4.1549535 4.1538119 4.1528668 4.15204   4.1511736 4.150465 ]",0.5,25,2659.2712597687428
414,"[4.1745224 4.1693645 4.1658602 4.1632218 4.1610961 4.1592059 4.1575522
 4.1561742 4.1549144 4.1538906 4.1530242 4.1520791 4.1512132 4.1503077]",0.5,25,2655.183108584664
415,"[4.1745224 4.1694036 4.1657028 4.1632218 4.1608992 4.1592059 4.1575918
 4.1561346 4.1548748 4.1537724 4.1528273 4.1519217 4.1510162 4.1503863]",0.5,25,2650.508696789686
416,"[4.1746798 4.1695614 4.1658993 4.163301  4.1612139 4.1592846 4.1577492
 4.1564102 4.1552687 4.1541266 4.1530242 4.1521187 4.1512918 4.1505437]",0.5,25,2647.805765408802
417,"[4.1744437 4.1692462 4.1656632 4.1628675 4.1609778 4.1589303 4.1573162
 4.1559772 4.1547961 4.1537328 4.1526699 4.1519217 4.1507797 4.1501107]",0.5,25,2642.608510207114
418,"[4.1744828 4.1691279 4.1657028 4.1628675 4.1607413 4.1587729 4.1572371
 4.1559381 4.1546388 4.1535754 4.152473  4.1516461 4.1508193 4.150032 ]",0.5,25,2638.710284268797
419,"[4.174365  4.1690493 4.1654272 4.1627889 4.1605449 4.1586943 4.1571584
 4.155859  4.1544809 4.1535754 4.1523547 4.1515675 4.1507797 4.1497955]",0.5,25,2635.138303991837
420,"[4.174365  4.1690888 4.1654663 4.1627498 4.160584  4.1586943 4.1572766
 4.1557412 4.1545596 4.1534967 4.1523547 4.1516066 4.1507406 4.1498351]",0.5,25,2632.649605150418
421,"[4.174365  4.1691279 4.1653876 4.1625919 4.1605053 4.1587334 4.1570406
 4.1557016 4.1545205 4.1533785 4.1524339 4.1513309 4.1505041 4.1498742]",0.5,25,2627.450476754016
422,"[4.1744828 4.1692462 4.165545  4.1628675 4.160584  4.1587729 4.1571584
 4.1559381 4.1544418 4.1534181 4.1525126 4.1516066 4.1509767 4.1499925]",0.5,25,2625.32234241116
423,"[4.1740499 4.1688523 4.1651516 4.1623559 4.1601114 4.1583004 4.1568437
 4.1553864 4.1542449 4.1531816 4.1521583 4.1510949 4.1504254 4.1495199]",0.5,25,2621.834477096219
424,"[4.1740894 4.1687346 4.1650724 4.1623559 4.160387  4.1583395 4.1566858
 4.1553864 4.1542449 4.1530638 4.1521583 4.1510553 4.1503468 4.1495595]",0.5,25,2618.9789674629747
425,"[4.1741681 4.1689315 4.1652694 4.1625133 4.160387  4.1584973 4.1570406
 4.1555834 4.1543236 4.1530242 4.1523156 4.1512523 4.1505041 4.1496773]",0.5,25,2616.593840634359
426,"[4.1739316 4.1685767 4.1649151 4.1621985 4.1598754 4.1583395 4.1565681
 4.15519   4.1539693 4.1527486 4.1518431 4.1510162 4.1501107 4.149323 ]",0.5,25,2614.409081299235
427,"[4.1740894 4.1686163 4.1650724 4.1623163 4.1600723 4.1582217 4.1568041
 4.1552687 4.1540875 4.1529455 4.1520004 4.1511345 4.1501498 4.1494017]",0.5,25,2611.810667906224
428,"[4.1741681 4.1687737 4.1651907 4.162395  4.1602693 4.1583395 4.1568041
 4.1552687 4.1540875 4.1529851 4.15204   4.1510162 4.1501107 4.1495986]",0.5,25,2609.948947419433
429,"[4.1739712 4.1687737 4.1651516 4.1623163 4.1601114 4.1582217 4.1566467
 4.1553473 4.154048  4.1529455 4.1519217 4.1510553 4.1502285 4.1494017]",0.5,25,2607.668886429037
430,"[4.1738925 4.1686559 4.1648364 4.1621985 4.1599541 4.1582608 4.1565681
 4.1551108 4.1538119 4.1527486 4.1517644 4.1509376 4.1501107 4.1493626]",0.5,25,2605.008453034533
431,"[4.1740103 4.1685376 4.1650724 4.1621985 4.1599541 4.1581821 4.1564894
 4.1551108 4.1538119 4.1528273 4.1518826 4.150898  4.1499925 4.1492839]",0.5,25,2602.859962926837
432,"[4.1739316 4.168498  4.1649151 4.1620016 4.1598754 4.1580639 4.1564498
 4.1549535 4.1538906 4.1529059 4.1517248 4.1508589 4.1499529 4.1492839]",0.5,25,2601.11353874254
433,"[4.1737347 4.1683011 4.1647577 4.1620407 4.1598358 4.1579065 4.1562529
 4.1547961 4.1535754 4.1525912 4.1514888 4.1506619 4.1496773 4.1489296]",0.5,25,2598.07400398329
434,"[4.1739712 4.1684589 4.1648364 4.1621194 4.1598754 4.1579852 4.1564498
 4.1550322 4.1537328 4.1527882 4.1516461 4.1506619 4.1498742 4.1490083]",0.5,25,2595.969022953017
435,"[4.1739712 4.1685376 4.1648364 4.162159  4.1599932 4.1579461 4.1564894
 4.1551504 4.1540875 4.1528273 4.1518035 4.1508589 4.1499529 4.1492052]",0.5,25,2594.27426915948
436,"[4.1737742 4.1683407 4.1646791 4.1620016 4.1596785 4.1578674 4.1562924
 4.1547961 4.1536937 4.1525126 4.1516066 4.1505041 4.1497564 4.14889  ]",0.5,25,2591.044374059244
437,"[4.1738138 4.1683803 4.1648364 4.161962  4.1597571 4.1579852 4.1562529
 4.1549535 4.153615  4.1525126 4.1517248 4.1507797 4.1497564 4.14889  ]",0.5,25,2589.052939410942
438,"[4.1738138 4.168262  4.1646395 4.1620016 4.1595998 4.1577492 4.1560955
 4.1547174 4.1534967 4.1523547 4.1513705 4.1506224 4.1496382 4.1488113]",0.5,25,2586.737862779542
439,"[4.1736169 4.1683011 4.1646791 4.1617651 4.1595602 4.1576309 4.1560955
 4.1547174 4.1534967 4.1523547 4.1514101 4.1503468 4.1496382 4.14889  ]",0.5,25,2584.02421165134
440,"[4.1737742 4.1684194 4.1647182 4.161962  4.1596785 4.1579065 4.1563711
 4.1549144 4.1535754 4.1525126 4.1515675 4.1506224 4.1496773 4.14889  ]",0.5,25,2581.917528777129
441,"[4.1736956 4.1683407 4.1647577 4.1618834 4.1596785 4.1577492 4.1561742
 4.1547961 4.1536541 4.1525126 4.1515279 4.1505437 4.1496773 4.1490474]",0.5,25,2579.441126448566
442,"[4.173656  4.1681833 4.1645212 4.161726  4.1595211 4.1574736 4.1558986
 4.1545992 4.1534181 4.152276  4.1512132 4.1502681 4.1494808 4.1486931]",0.5,25,2575.981403576523
443,"[4.1736169 4.1681437 4.1645212 4.161726  4.1595602 4.1576309 4.1561346
 4.1545992 4.1533785 4.1523156 4.1512132 4.1503863 4.1494412 4.1487718]",0.5,25,2573.512694502092
444,"[4.1736956 4.1681437 4.1645608 4.161726  4.1594028 4.1575522 4.1558986
 4.1546779 4.1533785 4.1521187 4.1512132 4.1502681 4.1494017 4.1486144]",0.5,25,2572.155015023603
445,"[4.1735382 4.1680651 4.1644425 4.1614504 4.1593633 4.1573949 4.1558199
 4.1543632 4.1532211 4.1520004 4.1510162 4.1501107 4.1492443 4.1484175]",0.5,25,2568.713878953448
446,"[4.1737347 4.1683011 4.1647182 4.1618047 4.1595998 4.1577883 4.1560559
 4.1548352 4.1535363 4.152276  4.1511736 4.1503863 4.1495199 4.1488504]",0.5,25,2567.276624998914
447,"[4.1735382 4.1681437 4.1644821 4.1617651 4.1594419 4.1575522 4.1559381
 4.1544809 4.1532998 4.1522369 4.1510949 4.1501498 4.1493626 4.1485748]",0.5,25,2564.42166017402
448,"[4.1735382 4.1683011 4.1645608 4.1616077 4.1594419 4.1575918 4.1558986
 4.1544418 4.1532211 4.1521187 4.1511736 4.1502285 4.149323  4.148654 ]",0.5,25,2562.025226415882
449,"[4.1733804 4.1679077 4.1644034 4.1614504 4.1592455 4.1573553 4.1557803
 4.154284  4.1531816 4.1520004 4.1510162 4.150032  4.1491656 4.1485748]",0.5,25,2559.956806223551
450,"[4.17342   4.1678681 4.1641669 4.1614108 4.1592059 4.1573553 4.1555443
 4.1542449 4.1529851 4.1519613 4.1508193 4.1498742 4.1490083 4.1482601]",0.5,25,2557.418562353245
451,"[4.1734591 4.1679864 4.1643248 4.1614895 4.1593242 4.1574736 4.1557803
 4.1543236 4.1531029 4.1519613 4.1507797 4.1499138 4.1491261 4.1482205]",0.5,25,2555.066645024549
452,"[4.1733413 4.1679864 4.1644034 4.1616864 4.1593633 4.1575918 4.1559772
 4.1543236 4.1532607 4.15204   4.1510949 4.1501498 4.1492052 4.1484571]",0.5,25,2553.246613469918
453,"[4.1733804 4.1679864 4.1642065 4.1614895 4.1592059 4.1574736 4.1557016
 4.1543236 4.1530638 4.1518431 4.1507797 4.1499138 4.1491656 4.1482205]",0.5,25,2550.540806337624
454,"[4.1733804 4.1677895 4.1643248 4.1614504 4.1591663 4.157434  4.1557016
 4.1543632 4.1529455 4.1520004 4.1508589 4.1498351 4.149087  4.1482601]",0.5,25,2548.348670846627
455,"[4.1733017 4.1679468 4.1642065 4.1614895 4.1591272 4.1573162 4.1557016
 4.154284  4.1529851 4.1518826 4.1507797 4.1498742 4.1491261 4.1481419]",0.5,25,2547.509527507325
456,"[4.1731834 4.1677108 4.1640487 4.1611352 4.1589699 4.1570797 4.1555834
 4.1540084 4.1528668 4.1516461 4.1506619 4.1496382 4.1488113 4.1480632]",0.5,25,2544.0863600850407
457,"[4.1734986 4.1681437 4.1644034 4.1616864 4.1593633 4.1575522 4.1557803
 4.1545205 4.1532998 4.152276  4.1510949 4.1501107 4.1493626 4.1484962]",0.5,25,2543.916113975152
458,"[4.173223  4.1678681 4.16397   4.1611748 4.159009  4.1571584 4.155426
 4.1540875 4.1527095 4.1517644 4.1507406 4.1497564 4.1488504 4.1481419]",0.5,25,2540.315451722817
459,"[4.1732626 4.1677895 4.1641669 4.1613321 4.1592059 4.1575127 4.1556621
 4.1541662 4.1530242 4.1517644 4.150898  4.1499529 4.1489687 4.1482205]",0.5,25,2538.798857754045
460,"[4.1731834 4.1676712 4.1641278 4.1612926 4.1591272 4.1570797 4.1554656
 4.1540875 4.1527882 4.1517248 4.1507797 4.1497564 4.1488504 4.1480632]",0.5,25,2538.150422458361
461,"[4.173223  4.1676712 4.16397   4.1612926 4.1590486 4.1570797 4.1555047
 4.154048  4.1527486 4.1517248 4.1506619 4.1498742 4.14889   4.1481028]",0.5,25,2536.1821847820347
462,"[4.1733017 4.1678286 4.1642456 4.1615291 4.1593242 4.1573553 4.1557412
 4.1542449 4.1531425 4.1520791 4.1509767 4.1499925 4.149087  4.1483388]",0.5,25,2535.609836435413
463,"[4.1731443 4.1677895 4.1641669 4.1612926 4.159009  4.1571584 4.155426
 4.1540875 4.1529059 4.1517248 4.1506619 4.1498351 4.1488113 4.1481419]",0.5,25,2532.779101976183
464,"[4.1730657 4.1677108 4.16397   4.1611748 4.1588907 4.1571193 4.1554656
 4.154048  4.1527095 4.1516857 4.1507406 4.1497169 4.14889   4.1482992]",0.5,25,2530.917372790796
465,"[4.1730261 4.1675925 4.1637731 4.1611352 4.158812  4.1569614 4.155426
 4.1540875 4.1526699 4.1516461 4.1505833 4.1495986 4.1488113 4.1480632]",0.5,25,2529.379569479031
466,"[4.1731443 4.1675529 4.1638522 4.1611748 4.1588907 4.1570406 4.155426
 4.1541266 4.1527095 4.1515675 4.1504254 4.1497564 4.1487327 4.1480632]",0.5,25,2526.669720941434
467,"[4.1731048 4.1676712 4.1640096 4.1611748 4.1588907 4.1571193 4.1553473
 4.1539693 4.1526699 4.1517644 4.1506224 4.1497169 4.1486931 4.1479845]",0.5,25,2525.067868385415
468,"[4.172987  4.1676712 4.1640487 4.1610565 4.1588516 4.1568828 4.1552291
 4.1539693 4.1525912 4.1515675 4.1505041 4.1495986 4.1487327 4.1479845]",0.5,25,2522.328461023085
469,"[4.172987  4.1675138 4.1637731 4.1609383 4.1586943 4.157001  4.1552291
 4.1538906 4.1527486 4.1514492 4.150465  4.1495199 4.148654  4.1477089]",0.5,25,2520.38800907281
470,"[4.1729078 4.1674743 4.1638522 4.1609383 4.1586547 4.1568437 4.1552291
 4.1537724 4.1526303 4.1512918 4.1503077 4.1495199 4.1486931 4.1476693]",0.5,25,2519.021477654083
471,"[4.1727901 4.1675138 4.1636553 4.1608992 4.1586547 4.1567254 4.1551504
 4.1537328 4.1524339 4.1513705 4.1503077 4.149323  4.1484962 4.1477089]",0.5,25,2516.188099075252
472,"[4.1729474 4.1676712 4.1639309 4.1610169 4.1587729 4.1569614 4.1552687
 4.1538906 4.1527486 4.1516461 4.1503863 4.1495595 4.1487327 4.1479845]",0.5,25,2515.365828312581
473,"[4.1728292 4.1673169 4.1637731 4.1609383 4.1585364 4.1568041 4.1553078
 4.1536937 4.1525912 4.1512523 4.1503468 4.1492839 4.1485748 4.1474724]",0.5,25,2512.500533641357
474,"[4.1728687 4.1674352 4.1636944 4.1609383 4.1586943 4.1568041 4.1551108
 4.1538119 4.152473  4.1513309 4.1502681 4.149323  4.1483388 4.1475906]",0.5,25,2510.408572535263
475,"[4.1728292 4.1673565 4.1636157 4.1607809 4.1584578 4.1567254 4.1550322
 4.1536541 4.1521187 4.1511736 4.1501498 4.1492839 4.1482205 4.147512 ]",0.5,25,2509.505785777722
476,"[4.1726718 4.1671596 4.1633401 4.1606627 4.1583395 4.1563315 4.1547565
 4.1531816 4.1520791 4.1509376 4.1497564 4.14889   4.1480632 4.1471968]",0.5,25,2506.190583192682
477,"[4.1727505 4.1672773 4.1636553 4.1608992 4.1585364 4.1566858 4.1549931
 4.1535754 4.1523547 4.1512523 4.1501894 4.1492052 4.1483388 4.147512 ]",0.5,25,2505.155634289415
478,"[4.1726322 4.16712   4.1634583 4.1606627 4.1583004 4.1563711 4.1549144
 4.1533394 4.1520791 4.1510162 4.1499138 4.149087  4.1481419 4.147315 ]",0.5,25,2502.438824290365
479,"[4.1726322 4.1671987 4.1633797 4.1606627 4.1583395 4.1564102 4.1548352
 4.1532998 4.1521187 4.1509767 4.1497955 4.149087  4.1480632 4.1472363]",0.5,25,2500.209262207574
480,"[4.1725535 4.16712   4.1633401 4.1605053 4.1582217 4.1563711 4.1547961
 4.1532998 4.1520004 4.150898  4.1497955 4.1489296 4.1479845 4.1471968]",0.5,25,2500.953329393445
1,"[4.1818972 4.1774483 4.1744561 4.1721721 4.1705976 4.1691408 4.1678805
 4.1666207 4.1657939 4.1649671 4.1642189 4.1638646 4.1630774 4.1623683]",0.5,25,3174.979387022569
2,"[4.1818972 4.17733   4.1743379 4.1721721 4.1704006 4.168983  4.1678414
 4.1665812 4.1656365 4.1648488 4.1641011 4.1634707 4.1627622 4.1622896]",0.5,25,3176.980804840221
3,"[4.1819367 4.1773696 4.1746135 4.1721721 4.1706367 4.168983  4.1677628
 4.1666207 4.1658335 4.1648097 4.1641402 4.1634707 4.1629987 4.1623683]",0.5,25,3177.417494388291
4,"[4.1819763 4.1774483 4.1744561 4.1722116 4.170361  4.1689043 4.1676445
 4.1665812 4.1656756 4.1650066 4.164022  4.1633921 4.1628804 4.1623683]",0.5,25,3176.263278863391
5,"[4.1818185 4.17733   4.1742592 4.172133  4.1702037 4.168786  4.1675262
 4.1665421 4.1654787 4.164731  4.1638255 4.1632743 4.1628017 4.1620927]",0.5,25,3174.8224911341717
6,"[4.1818185 4.1772513 4.1742592 4.1720543 4.1702824 4.16855   4.1676049
 4.1663847 4.1655183 4.1648097 4.1639433 4.1633134 4.1627231 4.1622109]",0.5,25,3173.3179983151595
7,"[4.1817794 4.1772122 4.174377  4.1722116 4.1704006 4.1688652 4.1674871
 4.1666207 4.1656365 4.1647701 4.1641011 4.1634707 4.1626835 4.1622896]",0.5,25,3171.46875622545
8,"[4.1816611 4.1771331 4.1742592 4.1719756 4.170125  4.1686683 4.1673689
 4.1663847 4.1655183 4.1646128 4.1638255 4.1633134 4.1626439 4.1622505]",0.5,25,3168.641950304092
9,"[4.1815825 4.1772122 4.1741409 4.171936  4.1701641 4.1686683 4.167408
 4.1663055 4.1652822 4.1645341 4.1638646 4.1634316 4.1626439 4.1619749]",0.5,25,3165.981720975885
10,"[4.1817007 4.177094  4.1740227 4.1718965 4.1700854 4.1684713 4.1672902
 4.1661482 4.1653214 4.1644158 4.163589  4.1631951 4.1625261 4.1620536]",0.5,25,3163.745970574269
11,"[4.1816611 4.177094  4.1741409 4.1718178 4.1700854 4.16855   4.1673689
 4.1663055 4.1652822 4.1645341 4.1637464 4.1632347 4.1625652 4.1620927]",0.5,25,3161.488910240614
12,"[4.1816611 4.1771727 4.1741409 4.1717391 4.1700068 4.1683927 4.1672506
 4.1663451 4.1652822 4.1644945 4.1637464 4.1632743 4.1626048 4.1618962]",0.5,25,3158.850483702121
13,"[4.1813459 4.1768575 4.1737471 4.1715817 4.1699677 4.168314  4.166975
 4.1659513 4.165164  4.1642585 4.1634316 4.1629987 4.1623683 4.1616993]",0.5,25,3155.9034042749013
14,"[4.1817007 4.177094  4.1741409 4.1717391 4.1700854 4.1685104 4.1672902
 4.1662269 4.1653609 4.1645732 4.1637464 4.1632347 4.1625261 4.162014 ]",0.5,25,3154.232106813286
15,"[4.1816216 4.1772122 4.1739836 4.1717787 4.1698885 4.1684713 4.1673293
 4.1660695 4.1652427 4.1644554 4.1637073 4.1628804 4.1624475 4.1619749]",0.5,25,3151.262695178494
16,"[4.1813459 4.176897  4.1737471 4.1715817 4.1698098 4.1681957 4.1670146
 4.1659513 4.1650066 4.1642189 4.1635103 4.1629195 4.1623683 4.1617384]",0.5,25,3148.465680071075
17,"[4.1816216 4.1770544 4.173944  4.1717787 4.1700068 4.1684713 4.1672506
 4.1662269 4.1652427 4.1645341 4.1638255 4.1631165 4.1624475 4.1621323]",0.5,25,3146.680904481068
18,"[4.1815429 4.1770153 4.1739836 4.1716604 4.1699281 4.1686287 4.1671324
 4.1661878 4.165164  4.1644945 4.1638255 4.1630378 4.1625261 4.1618171]",0.5,25,3144.307939171554
19,"[4.1815825 4.1770544 4.1740623 4.1717391 4.170125  4.1684713 4.1673293
 4.1663451 4.1652427 4.1644554 4.1637859 4.163353  4.1625261 4.1620536]",0.5,25,3142.102765626084
20,"[4.1814251 4.1769757 4.173944  4.1715031 4.1698885 4.1682348 4.1670537
 4.1660695 4.1650853 4.1642976 4.1637464 4.1629987 4.1623292 4.1619749]",0.5,25,3138.759189259439
21,"[4.1813855 4.1767001 4.173708  4.1715422 4.1698098 4.1681957 4.1669359
 4.1658726 4.1651244 4.1642976 4.1634707 4.1628017 4.1623292 4.1618171]",0.5,25,3136.160525989037
22,"[4.1813855 4.176897  4.1738653 4.1715422 4.1698098 4.1681957 4.1671324
 4.1659908 4.1650066 4.1641798 4.1635103 4.1628017 4.1622505 4.1616993]",0.5,25,3134.0617843164064
23,"[4.1813855 4.1769757 4.1737866 4.1716208 4.1698885 4.168314  4.1672902
 4.1660299 4.1651244 4.1642585 4.1636286 4.1629987 4.1624475 4.1618962]",0.5,25,3132.275037128904
24,"[4.1814251 4.1768184 4.1737866 4.1716604 4.1697311 4.168314  4.1670146
 4.1658726 4.1650457 4.1642189 4.1634707 4.1628804 4.1622896 4.161778 ]",0.5,25,3129.967288767632
25,"[4.1814251 4.1767001 4.173708  4.1715422 4.1697707 4.1683531 4.1670933
 4.1659908 4.1649671 4.1642585 4.1635103 4.1627622 4.1622896 4.1617384]",0.5,25,3127.243401698539
26,"[4.1813459 4.1767788 4.1737866 4.1716208 4.1695738 4.1681561 4.166975
 4.1660299 4.165164  4.1642976 4.1635499 4.1628408 4.1621718 4.1617384]",0.5,25,3124.869986982012
27,"[4.1811495 4.176661  4.173511  4.1714244 4.1694555 4.1680384 4.1666603
 4.1656365 4.1646523 4.1639042 4.1632347 4.1628408 4.1619353 4.1614628]",0.5,25,3122.268304249538
28,"[4.1813068 4.1767397 4.173708  4.1715422 4.1697311 4.1682348 4.1670146
 4.1660299 4.1651244 4.1642585 4.1635103 4.1629195 4.1623683 4.1618171]",0.5,25,3120.8804635337983
29,"[4.1811099 4.1765428 4.1736293 4.1713457 4.1695342 4.1679988 4.1668963
 4.1657543 4.1648884 4.1639042 4.1635103 4.1628017 4.1619749 4.1616206]",0.5,25,3118.540686185978
30,"[4.1812673 4.1767788 4.1736293 4.1714244 4.1696129 4.168117  4.1668568
 4.1659122 4.1648097 4.1641011 4.1633134 4.1628017 4.1620927 4.1616993]",0.5,25,3116.709924719236
31,"[4.1812673 4.1768575 4.1737471 4.1715817 4.169692  4.1683531 4.1670537
 4.1658335 4.1650457 4.1640615 4.1633921 4.1627231 4.1622505 4.161778 ]",0.5,25,3114.455719768203
32,"[4.1812282 4.1767788 4.1737471 4.1713848 4.1696129 4.1680384 4.1668177
 4.1657152 4.1647701 4.1639829 4.1633134 4.1625652 4.1621718 4.161581 ]",0.5,25,3112.234595910913
33,"[4.1813459 4.176661  4.1736293 4.1715031 4.1695738 4.1680384 4.166739
 4.1657543 4.164928  4.1639829 4.163353  4.1627622 4.1620536 4.1616206]",0.5,25,3110.138458834229
34,"[4.1813068 4.1766214 4.1736684 4.1714635 4.1696129 4.1679988 4.1667781
 4.1657152 4.1648097 4.1639433 4.1632743 4.1627231 4.1620536 4.161581 ]",0.5,25,3108.2377987310083
35,"[4.1811495 4.1766214 4.1735501 4.1712666 4.1694951 4.1679592 4.1666603
 4.1657152 4.1648884 4.1639829 4.1633134 4.1626439 4.1619353 4.1615024]",0.5,25,3106.125469769016
36,"[4.1813068 4.1767397 4.1735897 4.1714244 4.1694555 4.1680775 4.1666603
 4.1657939 4.164731  4.1641011 4.1634316 4.1626439 4.162014  4.1616206]",0.5,25,3104.555546769342
37,"[4.1812282 4.1766214 4.1736293 4.1713061 4.1694951 4.168117  4.166739
 4.1657543 4.1648097 4.164022  4.1634316 4.1626835 4.1621718 4.161581 ]",0.5,25,3102.704820667588
38,"[4.1811886 4.1766214 4.1735501 4.1713061 4.1694951 4.1679988 4.166739
 4.1656365 4.1648488 4.1639433 4.1633134 4.1625652 4.162014  4.1615024]",0.5,25,3100.7813776706266
39,"[4.1812282 4.176661  4.1735501 4.1712275 4.1696525 4.1679592 4.1666603
 4.1657939 4.1648097 4.1639433 4.1633921 4.1626835 4.1621323 4.1616206]",0.5,25,3099.0728322090667
40,"[4.1811495 4.1766214 4.1735897 4.1713457 4.1695738 4.1679201 4.1668568
 4.1656756 4.1648884 4.164022  4.163156  4.1626048 4.1619749 4.1615415]",0.5,25,3097.242317044676
41,"[4.1813068 4.1765819 4.1736293 4.1712666 4.1695738 4.1679988 4.1668963
 4.1656756 4.1646914 4.1639433 4.1631165 4.1624866 4.1620536 4.1614628]",0.5,25,3095.450317182211
42,"[4.1810703 4.1765428 4.173511  4.1711488 4.1692982 4.1678805 4.1666207
 4.165597  4.1644945 4.1637859 4.1631951 4.1624475 4.1618567 4.1613054]",0.5,25,3093.6556939286293
43,"[4.1810312 4.1765032 4.1734715 4.1713061 4.1692982 4.1679592 4.1665421
 4.1654787 4.1645341 4.1638255 4.1631951 4.1624475 4.1619749 4.1614628]",0.5,25,3091.349098902045
44,"[4.1811886 4.1765428 4.1736293 4.1713848 4.1695738 4.168117  4.1668568
 4.1657152 4.164928  4.164022  4.1631951 4.1626835 4.1623292 4.1617384]",0.5,25,3090.2432965214007
45,"[4.1812282 4.1767001 4.173511  4.1714244 4.1694164 4.1679592 4.1668177
 4.1657543 4.1646914 4.1641011 4.1632347 4.1626439 4.162014  4.1615024]",0.5,25,3087.999310072699
46,"[4.1812673 4.176661  4.1735501 4.1712666 4.1693373 4.1679988 4.166739
 4.1656756 4.164731  4.1639042 4.1633134 4.1626048 4.1620927 4.1616597]",0.5,25,3086.2255778306767
47,"[4.1812282 4.1766214 4.1736684 4.1713061 4.169692  4.1680384 4.1668177
 4.1657152 4.1649671 4.1639829 4.1631951 4.1626835 4.1621323 4.1615024]",0.5,25,3084.67899989529
48,"[4.1811099 4.1765428 4.1733141 4.1711879 4.1694555 4.1678019 4.1665421
 4.1653609 4.1646523 4.1637464 4.1629987 4.1623683 4.1618962 4.1615415]",0.5,25,3082.401477166477
49,"[4.180913  4.1764641 4.1733537 4.1710305 4.1692982 4.1678414 4.1665025
 4.1655579 4.1644554 4.1637073 4.1630774 4.1624079 4.1617384 4.161345 ]",0.5,25,3081.390132030298
50,"[4.1809916 4.1763458 4.1733141 4.1712275 4.1692195 4.1677232 4.1663451
 4.1654    4.1645341 4.1637073 4.1629987 4.1624079 4.161581  4.1611481]",0.5,25,3079.9398539461245
52,"[4.1809916 4.1765032 4.1733537 4.1711092 4.1692195 4.1676445 4.1664238
 4.1654787 4.1644554 4.1637859 4.1631165 4.1622896 4.161778  4.1611872]",0.5,25,3077.638874379885
53,"[4.1808739 4.1761489 4.1732354 4.1711092 4.1690617 4.1675262 4.1663451
 4.1653214 4.1642585 4.1633921 4.1627622 4.1620927 4.1616993 4.1609511]",0.5,25,3075.603244882541
54,"[4.1807556 4.1764245 4.1732354 4.1709123 4.1691799 4.1674871 4.1663847
 4.1653609 4.1643372 4.1636286 4.1628804 4.1622896 4.161581  4.1611872]",0.5,25,3073.843060063338
55,"[4.1808739 4.1762671 4.1731567 4.1709123 4.1691408 4.1675262 4.1665025
 4.1652822 4.1643767 4.1635103 4.1627622 4.1622109 4.1616993 4.1612659]",0.5,25,3072.032033418241
56,"[4.1808343 4.1761885 4.1732354 4.1707945 4.1690617 4.1676049 4.1662269
 4.1652031 4.1641798 4.1633921 4.1628408 4.1620536 4.1615024 4.1609902]",0.5,25,3070.861623535562
57,"[4.1807947 4.1760702 4.1732354 4.1708732 4.1689043 4.1675658 4.1663055
 4.1652427 4.1641798 4.1635103 4.1626439 4.162014  4.1615024 4.1610298]",0.5,25,3069.396379955377
58,"[4.180716  4.1761098 4.1732354 4.1707945 4.1690226 4.1675262 4.1662664
 4.165164  4.1641798 4.1635103 4.1627622 4.1620927 4.1616206 4.1611085]",0.5,25,3068.0220426653364
59,"[4.180716  4.1762276 4.1731567 4.1707549 4.168983  4.1675262 4.1661878
 4.165164  4.1642189 4.1633921 4.1627622 4.162014  4.161581  4.1609116]",0.5,25,3066.148901082627
60,"[4.1807947 4.1763062 4.1730385 4.1708336 4.168983  4.167408  4.1661878
 4.1652031 4.1641798 4.163353  4.1626835 4.162014  4.1615024 4.1610298]",0.5,25,3064.043998238255
61,"[4.1807556 4.1761885 4.1732745 4.1707153 4.1691012 4.1676049 4.1663055
 4.1652427 4.1643767 4.1635103 4.1628408 4.162014  4.1615024 4.1611085]",0.5,25,3062.716552562802
62,"[4.1807947 4.1762671 4.1729598 4.1707945 4.1689043 4.167408  4.1661091
 4.1650853 4.1642189 4.1635103 4.1626048 4.1622109 4.1613841 4.1609511]",0.5,25,3061.041025330263
63,"[4.1808343 4.1761489 4.1731958 4.1708732 4.1690617 4.1674871 4.1662664
 4.1652822 4.1644945 4.1635499 4.1628017 4.1620536 4.1615415 4.1609116]",0.5,25,3059.949199550913
64,"[4.1807556 4.1761098 4.1730781 4.1707945 4.1689439 4.1674871 4.1663055
 4.1652427 4.1643372 4.163589  4.1628408 4.1619749 4.1615024 4.1609902]",0.5,25,3058.669159140489
65,"[4.180716  4.1761489 4.1730781 4.1707549 4.1690226 4.1674871 4.1661878
 4.1650853 4.1642189 4.1633921 4.1626835 4.162014  4.1615024 4.1609902]",0.5,25,3057.16673916734
66,"[4.180716  4.175952  4.1728811 4.1707153 4.1687469 4.1672506 4.1659908
 4.1648488 4.1641402 4.1632743 4.1624475 4.1618962 4.1611872 4.1607146]",0.5,25,3055.545631876629
67,"[4.1806374 4.1761489 4.1730385 4.1708336 4.1688256 4.1672506 4.1661091
 4.1650457 4.1641011 4.1633134 4.1627622 4.1621323 4.161345  4.1607542]",0.5,25,3054.39838327352
68,"[4.1806769 4.1760306 4.1729598 4.1706367 4.1687469 4.1673689 4.1660695
 4.1650457 4.1640615 4.1631951 4.1626048 4.1618962 4.1613841 4.1607146]",0.5,25,3052.8977842560494
69,"[4.180716  4.1760306 4.1729989 4.1706367 4.168786  4.1672506 4.1660299
 4.164928  4.1640615 4.1632347 4.1625652 4.1618567 4.161345  4.1607938]",0.5,25,3051.841112061905
70,"[4.1805191 4.1760306 4.1728415 4.1705976 4.1687469 4.1672506 4.1659513
 4.1650853 4.1639433 4.1632347 4.1624475 4.1618171 4.1613054 4.1607938]",0.5,25,3050.412885238713
71,"[4.1805587 4.175952  4.1729989 4.1705189 4.1688256 4.1672115 4.1659122
 4.1650066 4.1639829 4.1632347 4.1624475 4.1618171 4.1611872 4.1606755]",0.5,25,3049.175306446396
72,"[4.1805191 4.1760702 4.1728811 4.1705976 4.1687074 4.1672115 4.1659122
 4.1647701 4.164022  4.163156  4.1624475 4.1618567 4.1612659 4.1606359]",0.5,25,3047.751007000464
73,"[4.1805983 4.1758733 4.1728415 4.1706762 4.1686287 4.1672506 4.1661482
 4.1649671 4.1640615 4.1632347 4.1625261 4.1617384 4.1611872 4.1607146]",0.5,25,3046.596773739692
74,"[4.1805983 4.1757946 4.1727629 4.1706367 4.1686683 4.1670537 4.1659513
 4.1648884 4.1639042 4.163156  4.1622896 4.1617384 4.1612267 4.1607938]",0.5,25,3045.143425472545
75,"[4.1805587 4.1759129 4.1728024 4.1705189 4.1686683 4.1672115 4.1659122
 4.1648884 4.1638646 4.1630378 4.1623683 4.1617384 4.1612659 4.1604786]",0.5,25,3043.898258280165
76,"[4.1805587 4.1760306 4.1727629 4.1705189 4.1687074 4.1672115 4.1659513
 4.1650457 4.164022  4.163156  4.1624475 4.1616993 4.1611872 4.1606755]",0.5,25,3042.913280692138
77,"[4.1804013 4.1759129 4.1726446 4.1704006 4.1686287 4.1670146 4.1658335
 4.164731  4.1637073 4.1628804 4.1622109 4.1616993 4.1608725 4.1604786]",0.5,25,3041.136221186116
78,"[4.1805983 4.1757946 4.1727233 4.1703219 4.1687074 4.1670146 4.1658726
 4.1646914 4.1638646 4.1630378 4.1622109 4.1616993 4.1611085 4.1604786]",0.5,25,3040.085130718857
79,"[4.1805191 4.1758733 4.1727233 4.1704006 4.1685896 4.1669359 4.1657543
 4.1646914 4.1638646 4.1630378 4.1623683 4.1616993 4.1610298 4.1604786]",0.5,25,3038.8506559453663
80,"[4.1805191 4.175755  4.1727233 4.1703219 4.1685104 4.1669359 4.1658726
 4.1646523 4.1637464 4.1628804 4.1622109 4.1615415 4.1610298 4.1605968]",0.5,25,3037.703743915337
81,"[4.1803226 4.1758342 4.1726842 4.1703219 4.1685896 4.1670146 4.1657939
 4.1646914 4.1637859 4.1629591 4.1623292 4.1615024 4.1610694 4.160439 ]",0.5,25,3036.520079752879
82,"[4.1804013 4.1757159 4.1726055 4.1703219 4.1685104 4.1670146 4.1656756
 4.1646523 4.1637073 4.1628017 4.1620927 4.161581  4.1609902 4.1605182]",0.5,25,3035.315194742023
83,"[4.1804404 4.175755  4.1726842 4.1702824 4.1685104 4.1668963 4.1656756
 4.1644554 4.1636286 4.1627231 4.1619749 4.1614237 4.1607938 4.1603999]",0.5,25,3034.058071625978
84,"[4.1803617 4.1757946 4.1726842 4.1704006 4.1685104 4.1669359 4.1657543
 4.1646914 4.1637073 4.1629591 4.1620927 4.1614237 4.1609116 4.1603603]",0.5,25,3033.066477453476
85,"[4.1803617 4.1757159 4.1726446 4.170361  4.1682744 4.1668963 4.1655579
 4.1644158 4.1636286 4.1628804 4.1621323 4.1613841 4.1608329 4.1604786]",0.5,25,3031.642358993735
86,"[4.1804013 4.1757159 4.1726842 4.170361  4.1682744 4.1670933 4.1656756
 4.1646914 4.1636677 4.1628804 4.1620927 4.161581  4.1608725 4.1603603]",0.5,25,3030.6892752155186
87,"[4.1803226 4.1755586 4.1724873 4.1700854 4.1682744 4.1668963 4.1655183
 4.1644158 4.1635103 4.1626439 4.1619749 4.1615415 4.1608725 4.1601634]",0.5,25,3029.294037190485
88,"[4.1804013 4.1756763 4.1725659 4.1701641 4.16855   4.1668177 4.1657939
 4.1646523 4.1636286 4.1628408 4.1620927 4.1613841 4.1608329 4.160203 ]",0.5,25,3028.427077998451
89,"[4.1804013 4.1755977 4.1725659 4.1702824 4.1682348 4.1668177 4.165597
 4.1646523 4.163589  4.1627622 4.1620536 4.1613841 4.1608725 4.1603603]",0.5,25,3027.346844179417
90,"[4.1802831 4.1757159 4.1724873 4.1702037 4.1683531 4.1666994 4.1655579
 4.1646128 4.1634316 4.1626835 4.1620536 4.1612659 4.1607542 4.1603212]",0.5,25,3026.058256009388
91,"[4.1801648 4.1756763 4.1726055 4.1702824 4.1684318 4.166975  4.1656365
 4.1644945 4.1636677 4.1627622 4.1619749 4.1615415 4.1609116 4.1601634]",0.5,25,3025.14893253635
92,"[4.1803226 4.175519  4.1724477 4.1702824 4.1682744 4.1666994 4.1655183
 4.1644158 4.163589  4.1628804 4.1619353 4.1612659 4.1607542 4.1603603]",0.5,25,3023.862489912655
93,"[4.1802435 4.175519  4.1724086 4.170125  4.1682348 4.1667781 4.1654
 4.1643372 4.1633921 4.1626048 4.1620927 4.1612659 4.1607146 4.1600847]",0.5,25,3022.439773608129
94,"[4.1802831 4.1756372 4.1728811 4.1702037 4.1682348 4.1668177 4.1655183
 4.1644554 4.1637073 4.1626439 4.1619749 4.1614628 4.1607938 4.1602426]",0.5,25,3021.472081131999
95,"[4.1803226 4.1755977 4.172369  4.1702433 4.1682744 4.1668568 4.165597
 4.1644158 4.1634316 4.1626048 4.162014  4.1612659 4.1606755 4.1600456]",0.5,25,3020.268675926108
96,"[4.1800861 4.175519  4.1722903 4.1699281 4.1681561 4.1668568 4.1654396
 4.1642585 4.1634707 4.1625261 4.1616993 4.1611481 4.1606359 4.1599669]",0.5,25,3019.018340672336
97,"[4.1802435 4.1754403 4.1724873 4.1701641 4.1681957 4.1668177 4.1653214
 4.1644158 4.1635103 4.1626835 4.1619353 4.1613054 4.1606359 4.1601243]",0.5,25,3018.0211183601923
98,"[4.1802435 4.1754403 4.1722512 4.1702037 4.1680384 4.1666207 4.1654
 4.1642189 4.1634316 4.1626439 4.1618962 4.1612267 4.1606359 4.1600847]",0.5,25,3016.743239924995
99,"[4.1800861 4.1753221 4.1722903 4.1700068 4.1682744 4.1665812 4.1653609
 4.1641402 4.1631951 4.1623683 4.1616597 4.1611085 4.1603999 4.1598487]",0.5,25,3015.643266936172
100,"[4.1802435 4.1754794 4.1724086 4.1699677 4.1680775 4.1666207 4.1654
 4.1642585 4.163156  4.1624866 4.1618171 4.1610694 4.1603999 4.1599669]",0.5,25,3014.681635904001
101,"[4.1802044 4.1756763 4.1723299 4.1699281 4.168314  4.1665812 4.1655183
 4.1643372 4.163353  4.1626439 4.1618567 4.1611085 4.1605968 4.1601243]",0.5,25,3013.678756702745
103,"[4.1799679 4.1752434 4.1722116 4.169692  4.1678414 4.1663847 4.1651244
 4.1641011 4.1629987 4.1622109 4.1614628 4.1607938 4.1602817 4.1597304]",0.5,25,3011.751411425647
104,"[4.180047  4.1752434 4.172133  4.1697707 4.1679592 4.1664634 4.1651244
 4.1639433 4.1630774 4.1622896 4.1615024 4.1608329 4.1604786 4.1596913]",0.5,25,3010.6662394475647
105,"[4.1801648 4.1754794 4.1724086 4.1700463 4.1680384 4.1665812 4.1654396
 4.1641011 4.1633134 4.1624079 4.1616993 4.1611481 4.1605968 4.1598487]",0.5,25,3010.175533049593
106,"[4.1802044 4.1753616 4.1722116 4.1698885 4.1680384 4.1665421 4.1653214
 4.1641011 4.1632743 4.1622505 4.1616206 4.1611085 4.1605968 4.1598091]",0.5,25,3008.920391429035
107,"[4.1799679 4.1751251 4.1722116 4.1697311 4.1679592 4.1664634 4.1652427
 4.1639433 4.163156  4.1622505 4.1615415 4.1609116 4.160203  4.15977  ]",0.5,25,3007.343858518205
108,"[4.1801257 4.1752434 4.1723299 4.169692  4.1678414 4.1665025 4.1650853
 4.1641402 4.1631165 4.1621718 4.161581  4.1609116 4.1601243 4.1598091]",0.5,25,3006.2189824032957
109,"[4.1799679 4.1751251 4.1720934 4.169692  4.1679201 4.1661878 4.1651244
 4.164022  4.1629987 4.1622896 4.161345  4.1608725 4.1601634 4.1598878]",0.5,25,3005.1904338358568
110,"[4.1799679 4.1753616 4.1722512 4.1696525 4.1678414 4.1665025 4.1652427
 4.1640615 4.1629591 4.1622896 4.1615415 4.1609511 4.1603999 4.1598091]",0.5,25,3004.250114702149
111,"[4.1799679 4.1752038 4.1720934 4.169692  4.1679592 4.1663055 4.1650066
 4.1639042 4.1629591 4.1623683 4.1615415 4.1607542 4.160203  4.1595731]",0.5,25,3003.016252939591
112,"[4.1800075 4.1752038 4.1720543 4.1698494 4.1677628 4.1664238 4.165164
 4.1639042 4.1631951 4.1622505 4.1614628 4.1608329 4.160203  4.1598091]",0.5,25,3002.087433959826
113,"[4.1799288 4.1753221 4.1720543 4.1698098 4.1679592 4.1663055 4.1650066
 4.1639433 4.1629591 4.1622505 4.1615415 4.1609116 4.1602426 4.1595731]",0.5,25,3001.0077960030108
114,"[4.180047  4.1751251 4.1720543 4.1697311 4.1678414 4.1664238 4.1649671
 4.1639433 4.1629591 4.1621323 4.161345  4.1606755 4.160203  4.1596518]",0.5,25,2999.990386024037
115,"[4.1798501 4.1753221 4.1720934 4.1697707 4.1678805 4.1662664 4.164928
 4.164022  4.1628804 4.1620927 4.1613841 4.1609511 4.1603212 4.1596518]",0.5,25,2998.8313362387403
116,"[4.1799288 4.1752038 4.171936  4.1694951 4.1676049 4.1662269 4.1649671
 4.1637464 4.1629195 4.1620536 4.1611872 4.1607938 4.1598878 4.1595731]",0.5,25,2997.672128499215
117,"[4.1799288 4.1751251 4.1720934 4.169692  4.1678805 4.1663451 4.1650853
 4.164022  4.1629195 4.1622896 4.1613841 4.1608725 4.160203  4.1596913]",0.5,25,2996.804794101835
118,"[4.1798892 4.175283  4.172133  4.1698098 4.1677628 4.1662269 4.164928
 4.164022  4.1630378 4.1622109 4.1612659 4.1607542 4.1600847 4.1595731]",0.5,25,2995.759524615478
119,"[4.1800075 4.1752434 4.1720543 4.1697707 4.1678805 4.1663451 4.1650853
 4.1641402 4.1630378 4.1622109 4.1613841 4.1608329 4.1602426 4.1595731]",0.5,25,2994.842073029513
120,"[4.1798105 4.1752038 4.1720147 4.1694555 4.1678414 4.1661878 4.1649671
 4.1638646 4.1629591 4.162014  4.161345  4.1606755 4.1601634 4.1595335]",0.5,25,2993.867016101618
121,"[4.1797318 4.1751251 4.171936  4.1696129 4.1677232 4.1662664 4.1648488
 4.1639042 4.1628408 4.1620927 4.1613841 4.160439  4.160006  4.1595335]",0.5,25,2992.5377262245
122,"[4.1798501 4.1750073 4.1718965 4.1694555 4.1676049 4.1661482 4.1648488
 4.1637859 4.1626835 4.1619353 4.1612267 4.1606359 4.1599274 4.1594944]",0.5,25,2991.506528257785
123,"[4.1797714 4.175086  4.1719756 4.1695738 4.1676836 4.1660299 4.1647701
 4.1637464 4.1627622 4.1620536 4.1611872 4.1605573 4.1598487 4.1595335]",0.5,25,2990.4471338861763
124,"[4.1797318 4.1748104 4.1717787 4.1693769 4.1673689 4.1659513 4.1646128
 4.1635103 4.1624866 4.161778  4.1608725 4.1602817 4.1596913 4.1591401]",0.5,25,2988.99097644979
125,"[4.1797714 4.1748891 4.1718574 4.1694951 4.1673689 4.1659908 4.164731
 4.1636286 4.1625261 4.161778  4.1610298 4.1602426 4.1598091 4.1592188]",0.5,25,2988.1573245102254
126,"[4.1795745 4.1749282 4.1717787 4.1693373 4.1674871 4.1659513 4.1646523
 4.1635103 4.1625261 4.1618171 4.1610298 4.1603999 4.1597304 4.1591005]",0.5,25,2987.239721876084
127,"[4.1796532 4.1749282 4.1716208 4.1693373 4.1674476 4.1659513 4.164731
 4.1636677 4.1626835 4.1618567 4.1611085 4.1603999 4.1598091 4.1593761]",0.5,25,2986.5213448290992
128,"[4.1796532 4.1748495 4.1718178 4.1693373 4.1673689 4.1659122 4.1645732
 4.1634316 4.1625652 4.1617384 4.1609902 4.1602426 4.1596913 4.1591792]",0.5,25,2985.318557094591
129,"[4.1796532 4.1749678 4.1717787 4.1692982 4.1674871 4.1659908 4.1646128
 4.163589  4.1627231 4.1618171 4.1611085 4.1603212 4.1597304 4.1592579]",0.5,25,2984.55315926134
130,"[4.1796532 4.1748495 4.1717391 4.1692982 4.167408  4.1659908 4.1645732
 4.1635499 4.1626048 4.1616597 4.1609511 4.160439  4.1596913 4.1591401]",0.5,25,2983.400453955212
131,"[4.1797318 4.1747708 4.1717    4.1692982 4.1673293 4.1658726 4.1645732
 4.163589  4.1626048 4.1616993 4.1609511 4.1603603 4.1596122 4.1592188]",0.5,25,2982.464984463702
132,"[4.1795745 4.1747708 4.1715031 4.1690617 4.1673293 4.1657543 4.1644158
 4.1634316 4.1624079 4.1615415 4.1608329 4.1601634 4.1595731 4.1591792]",0.5,25,2981.175606166993
133,"[4.1796923 4.1749282 4.1715817 4.1692195 4.1673293 4.1657939 4.1643767
 4.1634316 4.1624079 4.1615415 4.1608329 4.160203  4.1596518 4.1591005]",0.5,25,2980.398764045277
134,"[4.1794958 4.1747708 4.1716208 4.1691799 4.1672115 4.1656756 4.1643372
 4.1633134 4.1623292 4.1614237 4.1606359 4.1600847 4.1594944 4.1589036]",0.5,25,2979.180800629477
135,"[4.1794167 4.1748104 4.1715422 4.1691012 4.167408  4.165597  4.1644554
 4.1633921 4.1622896 4.1614237 4.1607542 4.1600847 4.1594157 4.1589432]",0.5,25,2978.244922966986
136,"[4.1796532 4.1748495 4.1716604 4.1692586 4.1673293 4.1658335 4.1644554
 4.1633134 4.1623683 4.1614628 4.1610298 4.160203  4.1596518 4.1590219]",0.5,25,2977.5475188309747
137,"[4.1796532 4.1748495 4.1716208 4.1693373 4.1672115 4.1657939 4.1645341
 4.1635103 4.1624079 4.1615415 4.1607542 4.1601243 4.1594157 4.159061 ]",0.5,25,2976.403941568876
138,"[4.1794958 4.1746135 4.1714635 4.1691799 4.1672115 4.1656756 4.1644158
 4.1634707 4.1623292 4.1615415 4.1606359 4.160006  4.1594157 4.1588645]",0.5,25,2975.160924281277
139,"[4.1796532 4.1746922 4.1715817 4.1689439 4.167172  4.1655579 4.1644158
 4.1632347 4.1622896 4.1615415 4.1607542 4.1601634 4.1594157 4.1589823]",0.5,25,2974.260744863961
140,"[4.1793776 4.1746135 4.1713061 4.1690617 4.1670933 4.165597  4.1642585
 4.1631165 4.1622109 4.1613054 4.1604786 4.1598487 4.1592188 4.158628 ]",0.5,25,2972.839430171575
141,"[4.1794958 4.1747708 4.1715817 4.1690617 4.1672115 4.1655183 4.1642976
 4.1630378 4.1620927 4.1613841 4.1607146 4.160006  4.1594548 4.1589036]",0.5,25,2972.12236432278
142,"[4.179338  4.1745739 4.1715031 4.1690226 4.1670537 4.1656365 4.1642585
 4.1631165 4.1620927 4.1613841 4.1606359 4.1599274 4.1593366 4.1587067]",0.5,25,2971.023815309112
143,"[4.1794958 4.1748104 4.1715031 4.1690617 4.1670933 4.1657543 4.1641798
 4.1633921 4.1622505 4.1614628 4.1605573 4.1599669 4.1592975 4.1588645]",0.5,25,2970.225052636448
144,"[4.1792989 4.1744561 4.1713848 4.168786  4.1668963 4.1655183 4.1639829
 4.1629591 4.162014  4.1612267 4.1603603 4.15977   4.1592975 4.1586676]",0.5,25,2968.971713653836
145,"[4.179338  4.1747708 4.1714635 4.1690617 4.1670933 4.1655579 4.1643767
 4.163156  4.1621718 4.1613841 4.1605182 4.1598091 4.1592188 4.1587067]",0.5,25,2968.272813565808
146,"[4.1793776 4.1745348 4.1714244 4.1691799 4.1671324 4.1654787 4.1642585
 4.163156  4.1621323 4.161345  4.1605573 4.1598487 4.1591401 4.1587067]",0.5,25,2967.598657325169
147,"[4.179338  4.1745739 4.1713457 4.168983  4.1670146 4.165597  4.1642189
 4.1631165 4.1619749 4.1612267 4.1603999 4.1596518 4.1592579 4.1587462]",0.5,25,2966.302676108804
148,"[4.1794562 4.1744561 4.1713848 4.1689043 4.1670537 4.1654787 4.1641798
 4.1631165 4.1620536 4.1610694 4.1603212 4.1596122 4.1590219 4.1585889]",0.5,25,2965.22593355184
149,"[4.1794167 4.1745739 4.1714244 4.1690226 4.1670933 4.1655183 4.1641798
 4.1629591 4.1621323 4.1613054 4.1604786 4.1598487 4.1591401 4.1586676]",0.5,25,2964.512306443684
150,"[4.179338  4.1745348 4.1712666 4.1689043 4.1668177 4.1653609 4.1641402
 4.1629195 4.1618567 4.1612267 4.1603212 4.1596913 4.159061  4.1584311]",0.5,25,2963.243275444881
151,"[4.179338  4.1744165 4.1711488 4.1688256 4.1669359 4.1654    4.164022
 4.1628017 4.1620536 4.1610298 4.1602817 4.1594944 4.1590219 4.1583133]",0.5,25,2962.0037881460216
152,"[4.1792989 4.1745348 4.1713061 4.1689043 4.1670146 4.1654787 4.1642976
 4.1629591 4.1620536 4.1611872 4.1603212 4.1597304 4.1590219 4.1585493]",0.5,25,2961.0860761381014
154,"[4.179338  4.1744165 4.1714635 4.1688652 4.1670537 4.1654    4.1640615
 4.1629195 4.1619353 4.1610298 4.1601634 4.1595731 4.1589823 4.1582737]",0.5,25,2959.9278136094817
155,"[4.1794562 4.1745739 4.1713848 4.1689439 4.1671324 4.1652822 4.164022
 4.1629987 4.1619749 4.1611872 4.1605182 4.1596518 4.1589823 4.1585102]",0.5,25,2958.445636102296
156,"[4.1792593 4.1743379 4.1712666 4.1689043 4.1668963 4.1653214 4.1641798
 4.1628017 4.1620536 4.1610694 4.160203  4.1596518 4.159061  4.1584706]",0.5,25,2956.5075942196995
157,"[4.1792593 4.1746135 4.1711092 4.1688652 4.1668963 4.1653609 4.1640615
 4.1628017 4.1619749 4.1610298 4.1603603 4.1594548 4.1588645 4.158392 ]",0.5,25,2954.626812222089
158,"[4.1792202 4.1745739 4.1712275 4.168786  4.1669359 4.1653609 4.1641011
 4.1631165 4.162014  4.1609902 4.160439  4.1596122 4.1589823 4.158392 ]",0.5,25,2952.763065668134
159,"[4.1793776 4.1744561 4.1712666 4.1689043 4.1668963 4.1654    4.1641402
 4.1629987 4.1621323 4.1610694 4.1602426 4.1597304 4.159061  4.1583524]",0.5,25,2950.8391855977397
160,"[4.1794167 4.1744165 4.1713457 4.1688652 4.1670537 4.1652822 4.1640615
 4.1629987 4.1620536 4.1611481 4.1603212 4.1596122 4.1589432 4.1584311]",0.5,25,2949.027813051895
161,"[4.1792989 4.174377  4.1712275 4.1688256 4.1670146 4.1653609 4.1639829
 4.1629987 4.1620536 4.1611085 4.1602426 4.1596122 4.1589432 4.1585102]",0.5,25,2947.0435313909243
162,"[4.1792202 4.1745348 4.1713061 4.1688652 4.1668963 4.1654396 4.1641402
 4.1630774 4.1619749 4.1612267 4.1603999 4.1596913 4.1591401 4.1585102]",0.5,25,2945.1189008835163
163,"[4.1790624 4.1742196 4.1709909 4.16855   4.1668963 4.1652427 4.1638646
 4.1626835 4.1616993 4.1609116 4.1601243 4.1594944 4.1587858 4.1582737]",0.5,25,2942.8232511063625
164,"[4.1791019 4.174377  4.1710305 4.1687074 4.1668568 4.1652427 4.1638646
 4.1627622 4.1618567 4.1609902 4.1602426 4.1595335 4.1589432 4.1583524]",0.5,25,2940.83145104302
165,"[4.1791806 4.1742196 4.1710701 4.1685896 4.1668963 4.1653214 4.1639433
 4.1626048 4.161778  4.1608725 4.1600847 4.1595731 4.158628  4.1582737]",0.5,25,2938.774552518852
166,"[4.1790233 4.1742592 4.1711488 4.1687074 4.166739  4.1651244 4.1637464
 4.1628017 4.1617384 4.1608725 4.1602426 4.1594944 4.1587462 4.1582346]",0.5,25,2936.935203047008
167,"[4.179141  4.174377  4.1711488 4.1686287 4.1669359 4.1652427 4.164022
 4.1628804 4.1617384 4.1610298 4.1602426 4.1595731 4.1589036 4.1584311]",0.5,25,2934.907646009928
168,"[4.1789446 4.1742196 4.1710305 4.1686287 4.1666603 4.1650457 4.1639042
 4.1626439 4.1618567 4.1607542 4.160203  4.1593366 4.1588645 4.1582346]",0.5,25,2932.436800776095
169,"[4.1790624 4.1741805 4.1709909 4.16855   4.1668568 4.1650853 4.1637859
 4.1626048 4.1616206 4.1609902 4.1601243 4.1595335 4.1588249 4.1581163]",0.5,25,2930.1166048670784
170,"[4.1791019 4.1741805 4.1709909 4.1686287 4.1665812 4.1650066 4.1638255
 4.1626439 4.1617384 4.1606755 4.1599669 4.1592188 4.1587858 4.1580768]",0.5,25,2927.9710774477803
171,"[4.1791019 4.1739836 4.1708336 4.1682744 4.1664634 4.164928  4.1635499
 4.1625261 4.1614628 4.1605573 4.1598091 4.1591005 4.1585102 4.157959 ]",0.5,25,2925.462157807347
172,"[4.1789446 4.1740623 4.1708732 4.1684318 4.1663847 4.1648097 4.1634316
 4.1625652 4.1614628 4.1605573 4.1596518 4.159061  4.1584706 4.1578407]",0.5,25,2923.264749431425
173,"[4.178905  4.1740227 4.1706762 4.1683927 4.1665025 4.1648488 4.1635103
 4.1623683 4.161581  4.1605573 4.1598487 4.1590219 4.1585102 4.157959 ]",0.5,25,2921.384292006427
174,"[4.1788263 4.1740227 4.1707945 4.168314  4.1663847 4.1648097 4.1635499
 4.1623683 4.1614628 4.1605182 4.15977   4.159061  4.1584706 4.157959 ]",0.5,25,2919.271995927871
175,"[4.1788263 4.1741014 4.1706367 4.1682348 4.1662269 4.1645732 4.1632347
 4.1622896 4.1612659 4.1602426 4.1596122 4.1589432 4.1582737 4.1576438]",0.5,25,2917.279906297877
176,"[4.1788654 4.1739836 4.1707549 4.1682348 4.1664634 4.1648097 4.1634707
 4.1624079 4.161345  4.1605573 4.1596913 4.1589823 4.1583524 4.1578012]",0.5,25,2915.5647514851894
177,"[4.1789446 4.1739049 4.1708732 4.1682744 4.1664238 4.1647701 4.1634707
 4.1622896 4.1613054 4.1602817 4.1595335 4.1591005 4.158195  4.1576438]",0.5,25,2913.6987092693407
178,"[4.1787081 4.1739836 4.1706762 4.1681957 4.1662269 4.1646523 4.1632743
 4.1622109 4.1612659 4.1603212 4.1595335 4.1588249 4.1582346 4.1576438]",0.5,25,2911.816101156547
179,"[4.1788654 4.1738653 4.1708336 4.1683531 4.1663847 4.1647701 4.1634316
 4.1622505 4.1612267 4.1604786 4.1596913 4.1589432 4.1584706 4.1577225]",0.5,25,2910.326821499568
180,"[4.1788654 4.173944  4.1706762 4.1681957 4.1663847 4.164928  4.1633921
 4.1622505 4.1613054 4.1603603 4.1596518 4.1589432 4.1583524 4.1576438]",0.5,25,2908.566306666122
181,"[4.1785898 4.1738653 4.1706367 4.1680384 4.1661482 4.1644554 4.1633134
 4.1621323 4.1611872 4.160203  4.1594157 4.1587462 4.1581163 4.1575651]",0.5,25,2906.7171725661906
182,"[4.1787081 4.173944  4.1704793 4.1680384 4.1661091 4.1644945 4.1631951
 4.1620536 4.1610298 4.1600847 4.1592975 4.1585493 4.1580768 4.1576438]",0.5,25,2905.29884518758
183,"[4.1786294 4.1737866 4.1705976 4.1680775 4.1660695 4.1644945 4.1631951
 4.1620536 4.1610298 4.1601634 4.1594157 4.1586676 4.1580377 4.1575255]",0.5,25,2903.226274034965
184,"[4.1787081 4.1737866 4.1706367 4.1681561 4.1662269 4.1645341 4.1632743
 4.1619749 4.1609116 4.1601243 4.1593761 4.1587858 4.158195  4.1574864]",0.5,25,2902.18448354858
185,"[4.1785507 4.1737471 4.170558  4.1679988 4.1661878 4.1644554 4.1632347
 4.1621323 4.1611085 4.1601634 4.1593366 4.1587858 4.1581163 4.1574078]",0.5,25,2900.361331322971
186,"[4.1785507 4.1737866 4.170361  4.1680384 4.1659513 4.1645732 4.1630774
 4.1619749 4.1609902 4.1599274 4.1592188 4.1584311 4.1580377 4.1573682]",0.5,25,2898.968337756349
187,"[4.1787081 4.1736684 4.1704793 4.1680775 4.1661878 4.1644945 4.1631951
 4.1618171 4.1609511 4.1600847 4.1592188 4.1585493 4.1580377 4.1572895]",0.5,25,2897.652654881863
188,"[4.178472  4.1734715 4.1703219 4.1679592 4.1659908 4.1642585 4.1630774
 4.1618171 4.1609116 4.1599669 4.1591401 4.158392  4.1578407 4.1572895]",0.5,25,2895.644234199085
189,"[4.1785111 4.1737471 4.1703219 4.168117  4.1659513 4.1644554 4.1631951
 4.1619353 4.1608725 4.1599669 4.1593366 4.1584706 4.1578798 4.1573286]",0.5,25,2894.334091439347
190,"[4.1785507 4.173708  4.1704006 4.1679201 4.1658726 4.1642976 4.1630774
 4.1618567 4.1607938 4.160006  4.1591401 4.1584706 4.1578407 4.1572108]",0.5,25,2892.609860158962
191,"[4.1785507 4.1735501 4.1704006 4.1678414 4.1659908 4.1644945 4.1631165
 4.1618962 4.1608725 4.1599669 4.1592579 4.158392  4.1578012 4.1571712]",0.5,25,2891.021678525931
192,"[4.178472  4.1736684 4.1703219 4.1678414 4.1657939 4.1643767 4.1629591
 4.1617384 4.1607938 4.1599669 4.1592188 4.1585102 4.1578798 4.1572499]",0.5,25,2889.439771976859
193,"[4.1785111 4.173511  4.1702433 4.1678019 4.1661091 4.1642976 4.1630774
 4.1616597 4.1608329 4.1599274 4.1592975 4.1584311 4.1579194 4.1571321]",0.5,25,2887.867948903402
194,"[4.1785111 4.1735897 4.1703219 4.1679201 4.1659908 4.1643767 4.1629591
 4.1619749 4.1607542 4.160006  4.1592188 4.1585889 4.1578798 4.1571712]",0.5,25,2886.4894555121523
195,"[4.1785507 4.1735897 4.1703219 4.1677628 4.1659122 4.1642585 4.1628804
 4.1618567 4.1608329 4.1599669 4.1591005 4.1585102 4.1576834 4.1571712]",0.5,25,2884.543281922611
196,"[4.178472  4.173511  4.1701641 4.1678805 4.1659908 4.1643372 4.1627231
 4.1616993 4.1606755 4.1598878 4.1591005 4.1582346 4.1577225 4.1570926]",0.5,25,2882.929025797795
197,"[4.1784325 4.1735501 4.1702037 4.1678414 4.1657152 4.1641798 4.1628408
 4.161778  4.1606755 4.1598091 4.1589823 4.1584311 4.1576438 4.1570139]",0.5,25,2881.363084963786
198,"[4.1785111 4.1735501 4.1702433 4.1676445 4.1659513 4.1643372 4.1629195
 4.161778  4.1607146 4.1598878 4.1591005 4.158392  4.1576834 4.1571712]",0.5,25,2879.793833699002
199,"[4.1785898 4.1734715 4.1702037 4.1678019 4.1657939 4.1642189 4.1629591
 4.161778  4.1607542 4.1598487 4.159061  4.158392  4.1576438 4.1569743]",0.5,25,2878.1037954281983
200,"[4.1783142 4.173511  4.170125  4.1676836 4.1658726 4.1641011 4.1629195
 4.1616993 4.1606359 4.1596913 4.1589823 4.1583133 4.1577225 4.1570926]",0.5,25,2876.350018279079
201,"[4.1783538 4.1733141 4.1700068 4.1676049 4.1657543 4.1642585 4.1626439
 4.1614628 4.1605573 4.1596913 4.1587067 4.1579981 4.1574864 4.1566987]",0.5,25,2874.419557894423
202,"[4.1781569 4.1733141 4.1700068 4.1674871 4.1656756 4.1641011 4.1626835
 4.1615024 4.1603999 4.1594157 4.1587067 4.1580768 4.1573286 4.1566596]",0.5,25,2872.782319108069
203,"[4.1781569 4.1733537 4.1699677 4.1676445 4.1656365 4.1639042 4.1626439
 4.1613841 4.160439  4.1594944 4.1587462 4.1577225 4.1572108 4.15662  ]",0.5,25,2871.0921259366883
205,"[4.1782355 4.1733537 4.1698885 4.1674871 4.1654787 4.1637073 4.1624475
 4.1613054 4.1601634 4.1593366 4.158392  4.1577621 4.1570926 4.1563444]",0.5,25,2870.196186737469
206,"[4.1781569 4.1733537 4.1699677 4.1674871 4.1652822 4.1639042 4.1625261
 4.1614237 4.1603212 4.1594157 4.1584311 4.1578407 4.157053  4.1564627]",0.5,25,2867.2631696689177
207,"[4.1783142 4.1731958 4.1697707 4.1673689 4.1653214 4.1637464 4.1624475
 4.1612267 4.1603212 4.1594157 4.1585493 4.1577225 4.157053  4.156384 ]",0.5,25,2864.6092414580626
208,"[4.1781964 4.1731958 4.1698885 4.1675658 4.1655579 4.164022  4.1624866
 4.1613841 4.1603212 4.1593366 4.1585102 4.1576834 4.1570926 4.15662  ]",0.5,25,2862.6369538529466
209,"[4.1781569 4.1733537 4.1699281 4.1674871 4.1654396 4.1639829 4.1624079
 4.1612659 4.160203  4.1592579 4.1585102 4.1577225 4.1570926 4.1564231]",0.5,25,2860.602657368709
210,"[4.1780782 4.1731567 4.1698494 4.1673293 4.1652822 4.1637464 4.1622896
 4.1609902 4.1599274 4.1591792 4.1583133 4.1574469 4.1568565 4.1563053]",0.5,25,2858.295660538873
211,"[4.1781178 4.1730781 4.1699281 4.1673293 4.1652031 4.1636677 4.1624079
 4.1611481 4.1600456 4.1591005 4.1583133 4.1576042 4.156817  4.1561871]",0.5,25,2856.628601443144
212,"[4.1779208 4.1730781 4.1697707 4.1672115 4.1650853 4.1635499 4.1621718
 4.1610298 4.160006  4.159061  4.1581554 4.1574469 4.1566987 4.1562262]",0.5,25,2854.3287394924573
213,"[4.1780386 4.1729202 4.1698098 4.1672115 4.1652822 4.1636677 4.1621323
 4.1610298 4.1599274 4.1591005 4.1580377 4.1572499 4.1567383 4.1561871]",0.5,25,2852.314809952529
214,"[4.1779599 4.1730385 4.169692  4.1672115 4.1652427 4.1636677 4.1621718
 4.1608725 4.1599274 4.1589432 4.1581163 4.1573286 4.1567774 4.1560297]",0.5,25,2850.595305339629
215,"[4.1779599 4.1729989 4.1697707 4.1671324 4.1650457 4.1636286 4.1621323
 4.1608329 4.1598487 4.1589036 4.1579981 4.1570926 4.1564627 4.1559505]",0.5,25,2848.328496306559
216,"[4.1779208 4.1729202 4.1695342 4.1671324 4.1650457 4.1634707 4.1619749
 4.1609116 4.1598091 4.1587462 4.1580377 4.1574078 4.1565018 4.1559114]",0.5,25,2846.011399682615
217,"[4.1779599 4.1728415 4.1696525 4.166975  4.1650066 4.1633134 4.1619353
 4.1607146 4.1596518 4.1587858 4.1578798 4.1571712 4.1565809 4.1557145]",0.5,25,2843.64847282959
218,"[4.1779599 4.1729202 4.169692  4.1670537 4.164928  4.1634316 4.1619749
 4.1607146 4.1596913 4.1587858 4.1578407 4.1571712 4.1564231 4.1558328]",0.5,25,2841.352101725804
219,"[4.177763  4.1729202 4.1694555 4.1668568 4.1648884 4.1631951 4.1618567
 4.1605968 4.1594944 4.1585889 4.1577621 4.1569352 4.1561475 4.1556358]",0.5,25,2838.5746664204903
220,"[4.1779599 4.1728811 4.1695738 4.1670146 4.1648884 4.1632347 4.161778
 4.1606359 4.1595335 4.158628  4.1578012 4.1570139 4.1561871 4.1557541]",0.5,25,2836.1857567270254
221,"[4.1778026 4.1728415 4.1694555 4.1668568 4.1648884 4.1633134 4.161778
 4.1606359 4.1594944 4.1585493 4.1576438 4.1568956 4.1562262 4.1556358]",0.5,25,2833.6828524411358
222,"[4.177763  4.1727629 4.1695342 4.1667781 4.1648884 4.1631951 4.1617384
 4.1606359 4.1594157 4.1584311 4.1576834 4.1568956 4.1561084 4.1553993]",0.5,25,2830.680480080159
223,"[4.1779599 4.1728811 4.1694951 4.1668177 4.1649671 4.163156  4.1618567
 4.1605573 4.1595335 4.158392  4.1576834 4.1568565 4.1561871 4.1554785]",0.5,25,2828.13571532606
224,"[4.1776452 4.1728415 4.1694951 4.1670537 4.1649671 4.1631951 4.1616597
 4.1605573 4.1592975 4.1585493 4.1575255 4.1567383 4.1562262 4.1554389]",0.5,25,2825.133956696372
225,"[4.1777239 4.1728415 4.1693769 4.1669359 4.1649671 4.1631951 4.1618171
 4.1605182 4.1594944 4.1585889 4.1577621 4.156817  4.1561475 4.1554785]",0.5,25,2822.478707483994
226,"[4.1777239 4.1726842 4.1692982 4.166739  4.1647701 4.1631165 4.1616597
 4.1603999 4.1593366 4.1582346 4.1575651 4.1565809 4.1558719 4.1553206]",0.5,25,2819.015796512315
227,"[4.1778812 4.1726446 4.1692982 4.1668568 4.1647701 4.1630774 4.1615024
 4.1604786 4.1594157 4.1583524 4.1574469 4.1567383 4.1560297 4.1553993]",0.5,25,2816.234486210938
228,"[4.1776843 4.1726842 4.1692195 4.1668177 4.164731  4.1631951 4.161581
 4.1603603 4.1592188 4.1582346 4.1574469 4.1564627 4.1558328 4.1551633]",0.5,25,2812.7309549340835
229,"[4.1776452 4.1726446 4.1690617 4.1666207 4.1646523 4.1628017 4.1615024
 4.1603603 4.1591005 4.158195  4.1572499 4.15662   4.1559114 4.1551633]",0.5,25,2809.4284387159582
230,"[4.1776452 4.1727233 4.1691012 4.1665812 4.1645732 4.1628408 4.161345
 4.1602817 4.1591005 4.1583524 4.1572895 4.15662   4.1557932 4.155242 ]",0.5,25,2806.116830538736
231,"[4.1776056 4.1725268 4.1692195 4.1666603 4.164731  4.1628017 4.1615024
 4.1601634 4.1591401 4.1581163 4.1572499 4.1564627 4.1557932 4.1550846]",0.5,25,2802.790510566
232,"[4.1776056 4.1724873 4.1691799 4.1665812 4.1645732 4.1628804 4.1614628
 4.1603999 4.1591401 4.1582737 4.1572895 4.1565018 4.1557932 4.155045 ]",0.5,25,2799.64377940362
233,"[4.1776843 4.172369  4.1690617 4.1664634 4.1643767 4.1628017 4.1612267
 4.1599669 4.159061  4.1579194 4.1570139 4.1562657 4.1555572 4.155045 ]",0.5,25,2796.096729345294
234,"[4.17733   4.1723299 4.1691408 4.1663847 4.1644554 4.1628017 4.161345
 4.1601243 4.1590219 4.157959  4.1571321 4.1561475 4.1556358 4.1549273]",0.5,25,2792.705642076957
235,"[4.1774087 4.172369  4.1689043 4.1663847 4.1642585 4.1625652 4.1611872
 4.1600847 4.1589823 4.1578012 4.1570926 4.1562657 4.1555176 4.1549664]",0.5,25,2789.316990383304
236,"[4.1774087 4.1724477 4.168983  4.1665025 4.1644158 4.1626835 4.1612267
 4.1598487 4.159061  4.1579981 4.157053  4.1563053 4.1555176 4.1549664]",0.5,25,2786.501929124349
237,"[4.1773696 4.1722903 4.168983  4.1662664 4.1642585 4.1626439 4.1613054
 4.160006  4.1587067 4.1577621 4.1568956 4.1562657 4.1553602 4.1546121]",0.5,25,2783.427276619192
238,"[4.17733   4.1724873 4.1688256 4.1663055 4.1642585 4.1625652 4.1612659
 4.160006  4.1588249 4.1579981 4.1569743 4.1562262 4.1553993 4.154809 ]",0.5,25,2780.428169271376
239,"[4.1772513 4.1722512 4.1687469 4.1663451 4.1641011 4.1624475 4.1609511
 4.1599274 4.1587067 4.1576834 4.1567383 4.1560297 4.1552815 4.1546516]",0.5,25,2776.9321829825844
240,"[4.1771727 4.1722903 4.1687074 4.1660695 4.1640615 4.1624079 4.1610694
 4.1598091 4.1585493 4.1576438 4.15662   4.1558719 4.1552815 4.1544938]",0.5,25,2773.2618713894312
241,"[4.17733   4.1721721 4.1687074 4.1661878 4.1639829 4.1623683 4.1609116
 4.1596122 4.1586676 4.1576042 4.1567383 4.1559901 4.1552815 4.1544938]",0.5,25,2770.087017057561
242,"[4.1771727 4.1720934 4.1685896 4.1661878 4.1641011 4.1621718 4.1609511
 4.1596122 4.1585493 4.1576042 4.1567774 4.1557145 4.1550846 4.154376 ]",0.5,25,2766.460809500871
243,"[4.1771727 4.171936  4.16855   4.1660299 4.164022  4.1622109 4.1607938
 4.1595335 4.1583133 4.1574078 4.1565018 4.1557145 4.1551237 4.1543365]",0.5,25,2763.216478225507
244,"[4.1772122 4.172133  4.1687074 4.1661091 4.1641402 4.1624866 4.1609116
 4.1595335 4.1585493 4.1575255 4.1566596 4.1558328 4.155045  4.1544547]",0.5,25,2760.674236435005
245,"[4.1771727 4.1720147 4.1685896 4.1661091 4.1638255 4.1622896 4.1608725
 4.1595335 4.1585102 4.1575651 4.1565809 4.1557932 4.1551237 4.1543365]",0.5,25,2757.782751723496
246,"[4.1769757 4.1720934 4.1686287 4.1658726 4.1639042 4.1620927 4.1606755
 4.1594548 4.158392  4.1573286 4.1564231 4.1556358 4.1549273 4.154376 ]",0.5,25,2755.056234867486
247,"[4.1769757 4.1720147 4.1685896 4.1659908 4.1638646 4.1621323 4.1607542
 4.1594944 4.1583133 4.1574864 4.1565018 4.1555572 4.1548877 4.1542578]",0.5,25,2752.684407790528
248,"[4.1771331 4.1719756 4.16855   4.1659908 4.1637859 4.1621323 4.1605968
 4.1593761 4.1583133 4.1572108 4.156384  4.1554785 4.1547694 4.1539822]",0.5,25,2750.107049572619
249,"[4.177094  4.1720543 4.1686287 4.1659908 4.1637464 4.1622109 4.1606359
 4.1594548 4.1583133 4.1573682 4.1563053 4.1554785 4.1548481 4.1540213]",0.5,25,2748.175358665361
250,"[4.1769757 4.1719756 4.1683531 4.1657939 4.1638646 4.1620927 4.1606359
 4.1593761 4.1581163 4.1571712 4.1563053 4.1555176 4.1546516 4.1539822]",0.5,25,2745.475068730471
251,"[4.176897  4.171936  4.16855   4.1658335 4.1637464 4.1620536 4.1606359
 4.1594157 4.158195  4.1572108 4.1562262 4.1554389 4.1546907 4.1539822]",0.5,25,2743.03276888482
252,"[4.177094  4.1718965 4.1684318 4.1659513 4.1638255 4.1619749 4.1605182
 4.1592975 4.158195  4.1570926 4.1561871 4.1554389 4.1545334 4.1539426]",0.5,25,2740.239722203637
253,"[4.1769757 4.1718965 4.1683927 4.1657152 4.1637073 4.1618962 4.1604786
 4.1591792 4.1581163 4.1570139 4.1559901 4.1553602 4.1544547 4.1535492]",0.5,25,2736.284131436903
254,"[4.176897  4.1717787 4.1682348 4.1657543 4.1635499 4.161778  4.1603999
 4.1589823 4.1580377 4.1567383 4.1560297 4.1552029 4.1542578 4.1538639]",0.5,25,2732.816916209446
256,"[4.1769757 4.1717    4.1681957 4.165597  4.1635103 4.1618171 4.1602817
 4.1589432 4.1577621 4.1566987 4.1557145 4.155045  4.1542182 4.1535883]",0.5,25,2729.506200163845
257,"[4.176897  4.1718965 4.1682348 4.1656756 4.1634707 4.1618962 4.160439
 4.1591005 4.157959  4.156817  4.1559505 4.1551237 4.1543365 4.1535492]",0.5,25,2724.706559932184
258,"[4.1767001 4.1715422 4.168117  4.1654787 4.1634316 4.161778  4.1602426
 4.1589823 4.1577225 4.156817  4.1557541 4.1549664 4.1542182 4.1533914]",0.5,25,2719.610577197268
259,"[4.176897  4.1717391 4.1682744 4.1654787 4.1635499 4.1618567 4.1601634
 4.1591005 4.1577621 4.156817  4.1558719 4.155045  4.1541791 4.1537852]",0.5,25,2714.798736950275
260,"[4.1767397 4.1717391 4.1681957 4.1656756 4.1634707 4.1616993 4.1600847
 4.1589036 4.1576834 4.1566987 4.1557541 4.155045  4.1540608 4.1533914]",0.5,25,2709.513058811989
261,"[4.1767788 4.1715031 4.1680775 4.1655183 4.163353  4.161778  4.1600456
 4.1589823 4.1578407 4.15662   4.1557541 4.1549273 4.1541395 4.1533914]",0.5,25,2704.8517261542443
262,"[4.1767397 4.1715817 4.1680775 4.1654787 4.1632743 4.1615415 4.1601243
 4.1588249 4.1576042 4.1565018 4.1555963 4.1546907 4.1539822 4.1531553]",0.5,25,2701.243213980576
263,"[4.1765819 4.1716208 4.1679592 4.1654396 4.1632347 4.1614237 4.160006
 4.1587067 4.1575255 4.1565809 4.1553993 4.1545725 4.1537457 4.152998 ]",0.5,25,2696.270683294948
264,"[4.1766214 4.1714635 4.1679988 4.1653609 4.1632743 4.1616993 4.1600847
 4.1586676 4.1575255 4.156384  4.1554389 4.1545725 4.1538248 4.1529584]",0.5,25,2690.6265077868647
265,"[4.1764641 4.1714244 4.1677232 4.1651244 4.163156  4.1613054 4.1599669
 4.1585889 4.1576834 4.1564231 4.1553993 4.1544938 4.1537457 4.152998 ]",0.5,25,2684.144311425241
266,"[4.1764641 4.1712666 4.1676836 4.165164  4.1630378 4.1612659 4.1597304
 4.1584706 4.1572499 4.1561871 4.1552815 4.154376  4.1535883 4.1528401]",0.5,25,2678.272788941513
267,"[4.1763458 4.1713061 4.1678805 4.1650853 4.1629591 4.1612267 4.1596518
 4.1583524 4.1571712 4.1561871 4.1552029 4.1544151 4.1535883 4.1526828]",0.5,25,2673.199475235596
268,"[4.1763854 4.1712275 4.1678414 4.1651244 4.1630774 4.1612659 4.1596913
 4.1584706 4.1571321 4.1559901 4.1551237 4.1544151 4.1533127 4.1526828]",0.5,25,2667.538192003717
269,"[4.1763854 4.1709909 4.1676445 4.1648488 4.1628804 4.1611481 4.1596913
 4.1582346 4.1570139 4.1561475 4.1550846 4.1541791 4.15347   4.1526828]",0.5,25,2661.5086700665997
270,"[4.1763062 4.1710701 4.1675262 4.1648097 4.1628408 4.1610694 4.1594157
 4.1581554 4.157053  4.1557932 4.1550059 4.1542578 4.1533523 4.1524858]",0.5,25,2654.696506841904
271,"[4.1763062 4.1709518 4.1675262 4.1647701 4.1626835 4.1608329 4.1592975
 4.1581163 4.1567774 4.1557932 4.155045  4.1540608 4.1531553 4.1524072]",0.5,25,2648.156513319363
272,"[4.1761885 4.1709518 4.1673689 4.1646914 4.1627231 4.1608725 4.1592975
 4.1580377 4.156817  4.1557145 4.1547303 4.1539822 4.1531157 4.1524072]",0.5,25,2641.541072647162
273,"[4.1760306 4.1709123 4.1672506 4.1646914 4.1625261 4.1607938 4.1593366
 4.1578407 4.1566596 4.1555572 4.1546516 4.1537066 4.1530371 4.1521316]",0.5,25,2634.8018278278228
274,"[4.1761489 4.1706762 4.1672115 4.1645732 4.1623683 4.1605182 4.1589432
 4.1575255 4.1564231 4.1551633 4.154376  4.15347   4.1525645 4.1519346]",0.5,25,2628.4176278237587
275,"[4.1761098 4.1708336 4.167172  4.1643767 4.1622109 4.160439  4.1587858
 4.1575255 4.1562657 4.155242  4.1542578 4.1533914 4.1525254 4.1515803]",0.5,25,2622.273464254967
276,"[4.175952  4.1705976 4.167172  4.1642189 4.1620536 4.1603999 4.1588249
 4.1573682 4.1561084 4.1550846 4.1540213 4.1532736 4.1522889 4.1515412]",0.5,25,2616.05665537774
277,"[4.175755  4.170558  4.1669359 4.1642585 4.1618567 4.1601243 4.1587067
 4.1571321 4.1558328 4.1546907 4.1538639 4.1528401 4.1520925 4.1512656]",0.5,25,2609.818789970162
278,"[4.1758342 4.1704006 4.1667781 4.1641798 4.1618171 4.160006  4.1585889
 4.1570926 4.1558328 4.1547303 4.1537066 4.1527224 4.1519346 4.1511078]",0.5,25,2604.620044554309
279,"[4.1757159 4.170361  4.166739  4.1639829 4.1617384 4.1598091 4.1583524
 4.156817  4.1556358 4.1545334 4.1535096 4.1527615 4.151659  4.1511474]",0.5,25,2599.979376319715
280,"[4.1756372 4.170361  4.1663847 4.1639433 4.161581  4.1598091 4.158195
 4.1567774 4.1555176 4.1545334 4.1533523 4.1524467 4.1515412 4.1508322]",0.5,25,2595.863175023467
281,"[4.1755977 4.1703219 4.1666207 4.1639042 4.1616206 4.1599274 4.1582346
 4.1567774 4.1554785 4.1544151 4.15347   4.1525645 4.151659  4.1508718]",0.5,25,2591.9277305334463
282,"[4.1755977 4.1703219 4.1666207 4.1637859 4.1616206 4.1597304 4.1580377
 4.1569743 4.1554389 4.1545725 4.1535096 4.1524858 4.151659  4.1507931]",0.5,25,2588.061503280032
283,"[4.1756372 4.1702433 4.1665421 4.1637859 4.1615415 4.1598487 4.1580768
 4.15662   4.1555963 4.1544547 4.1535096 4.1525645 4.1516199 4.1508322]",0.5,25,2583.936497513291
284,"[4.1757159 4.1702824 4.1664634 4.1637859 4.161581  4.1596913 4.1579194
 4.15662   4.1553993 4.1544151 4.1531944 4.1524072 4.1515803 4.1507535]",0.5,25,2580.368661299911
285,"[4.1754794 4.1702037 4.1664238 4.1637073 4.161345  4.1595731 4.1580377
 4.1565809 4.1553602 4.1542182 4.1531944 4.1523285 4.1515017 4.1506748]",0.5,25,2576.387850136041
286,"[4.175283  4.1699281 4.1663055 4.1635103 4.1611872 4.1593761 4.1578798
 4.1565413 4.1553602 4.1541791 4.1529584 4.1521316 4.1511474 4.1505175]",0.5,25,2572.303680494927
287,"[4.175519  4.1700068 4.1664238 4.1635499 4.1612659 4.1593761 4.1578407
 4.1564231 4.155242  4.1541395 4.152998  4.1521711 4.1512656 4.1503205]",0.5,25,2569.032191909585
288,"[4.1753616 4.1700068 4.1661878 4.1634316 4.1610298 4.1594157 4.1575255
 4.1562262 4.1551237 4.1538248 4.1529584 4.1520529 4.1510291 4.1503205]",0.5,25,2565.400522973908
289,"[4.1754007 4.1699281 4.1662269 4.1634707 4.1613054 4.1593366 4.1577225
 4.1564231 4.1550846 4.1538248 4.1528797 4.1519742 4.1511865 4.1504388]",0.5,25,2562.217659849583
290,"[4.175283  4.1697311 4.1661091 4.1633134 4.1611085 4.1592188 4.1575255
 4.1562262 4.1548481 4.1537852 4.1528401 4.1519346 4.1510291 4.1501632]",0.5,25,2558.562494647082
291,"[4.1753616 4.1698098 4.1661091 4.1633134 4.1611872 4.159061  4.1575255
 4.1560297 4.1548877 4.1537852 4.152801  4.1517773 4.15099   4.1501632]",0.5,25,2555.109933047283
292,"[4.1753221 4.169692  4.1661482 4.1635103 4.1610694 4.1591792 4.1576834
 4.1561871 4.154809  4.1538639 4.152801  4.1518168 4.1509504 4.1501632]",0.5,25,2551.58659670356
293,"[4.1751647 4.1697707 4.1661482 4.163353  4.1608725 4.159061  4.1574469
 4.1561084 4.1548481 4.1537457 4.1526437 4.1517377 4.1507931 4.1500053]",0.5,25,2548.001452349039
294,"[4.175086  4.169692  4.1660299 4.163156  4.1609116 4.1591792 4.1574864
 4.1559505 4.1546907 4.1538248 4.1526828 4.1515803 4.1508322 4.1498876]",0.5,25,2544.363479139813
295,"[4.175086  4.1696525 4.1659513 4.1630378 4.1608329 4.1590219 4.1572895
 4.1559505 4.1547303 4.1535096 4.1526437 4.1515803 4.1507144 4.1499267]",0.5,25,2540.811532109102
296,"[4.175086  4.1694164 4.1658726 4.1629987 4.1606755 4.1587858 4.1571321
 4.1557932 4.1545334 4.15347   4.1522889 4.1513834 4.1506352 4.1497297]",0.5,25,2537.615018838027
297,"[4.1749282 4.1694164 4.1657152 4.1628408 4.1605573 4.1587067 4.1572108
 4.1556749 4.1545334 4.1533127 4.1522889 4.1512656 4.1505175 4.1494541]",0.5,25,2534.1838446834317
298,"[4.1749282 4.1694951 4.1658335 4.1627231 4.1604786 4.1585493 4.1569352
 4.1556358 4.154376  4.1531553 4.1522102 4.1510291 4.150281  4.1493754]",0.5,25,2531.751046974286
299,"[4.1750464 4.1694164 4.1656365 4.1628408 4.1605573 4.1587067 4.157053
 4.1554785 4.154376  4.1531157 4.1522102 4.1511078 4.1503596 4.1495328]",0.5,25,2528.86766105862
300,"[4.1748891 4.1692586 4.1656756 4.1627622 4.160439  4.1585493 4.1569352
 4.1556358 4.1542578 4.1531944 4.1520529 4.1510291 4.1500449 4.1492572]",0.5,25,2525.950515453696
301,"[4.1749282 4.1693769 4.1655579 4.1626835 4.1605968 4.1584311 4.157053
 4.1555963 4.1541395 4.1529584 4.1518559 4.1509109 4.1500053 4.1491785]",0.5,25,2523.4689045412883
302,"[4.1748104 4.1693373 4.1655183 4.1627231 4.1603212 4.1585493 4.1568565
 4.1553206 4.1541004 4.1528797 4.1519346 4.1508322 4.1500449 4.1492181]",0.5,25,2519.99786409112
303,"[4.1746135 4.1691408 4.1653214 4.1624475 4.1602817 4.1583524 4.1565809
 4.1550059 4.1537852 4.1527224 4.1515017 4.1507931 4.1498084 4.1488638]",0.5,25,2516.4760738533537
304,"[4.1746922 4.1691012 4.1654    4.1625652 4.160203  4.1582737 4.1566987
 4.1553206 4.1539426 4.152801  4.1517377 4.1507535 4.1498876 4.1490607]",0.5,25,2513.3033099484587
305,"[4.1746135 4.1689043 4.1652822 4.1624475 4.1601243 4.1580768 4.1565018
 4.1550846 4.1537852 4.1527615 4.1516986 4.1505566 4.1497297 4.1491394]",0.5,25,2509.245686212295
307,"[4.1746135 4.1690617 4.1652822 4.1625261 4.1602817 4.158392  4.1566987
 4.1553206 4.1541791 4.1531157 4.1518955 4.1508718 4.1500053 4.1492968]",0.5,25,2503.129490129937
1,"[4.1822891 4.178195  4.1751246 4.1730385 4.171267  4.1699286 4.1686687
 4.1675663 4.1667399 4.1659131 4.1651258 4.1646533 4.1641026 4.1635118]",0.5,25,3186.9417284918904
2,"[4.1823287 4.1779985 4.175282  4.1729598 4.1713061 4.169889  4.168787
 4.1677241 4.1668973 4.1659527 4.1652441 4.1648502 4.1641417 4.1637483]",0.5,25,3187.108304157577
3,"[4.1823678 4.1778803 4.175046  4.1728806 4.171267  4.1697712 4.1686292
 4.1676846 4.1667399 4.1659527 4.1653228 4.1646142 4.1642599 4.1635904]",0.5,25,3186.2752096392137
4,"[4.1821709 4.1779985 4.1751246 4.1728806 4.1711884 4.1697712 4.1686292
 4.1675663 4.1668577 4.1659918 4.1652832 4.1646533 4.1641812 4.1635513]",0.5,25,3184.228211168753
5,"[4.1822891 4.1780376 4.1751246 4.1729989 4.1712275 4.169889  4.1687083
 4.1676455 4.1668973 4.1660705 4.165441  4.1648111 4.164299  4.1637874]",0.5,25,3182.42672123291
6,"[4.1822495 4.1779194 4.1750851 4.172802  4.1711884 4.1697316 4.1685901
 4.1675272 4.166779  4.1658344 4.1652832 4.1646142 4.1642203 4.1635118]",0.5,25,3179.921859048259
7,"[4.1822104 4.1778803 4.1749673 4.1727233 4.1710305 4.1696134 4.1684327
 4.1675272 4.1666217 4.1659918 4.1653619 4.1646929 4.164063  4.1635904]",0.5,25,3176.949737686768
8,"[4.1822104 4.1778016 4.174849  4.172802  4.1712275 4.1697712 4.1685901
 4.1676846 4.1667399 4.1659918 4.1654801 4.1648111 4.164299  4.1637874]",0.5,25,3174.1926870753337
9,"[4.1821709 4.1778803 4.1747704 4.1727233 4.1711092 4.1697316 4.1684718
 4.1674876 4.1664643 4.165874  4.1652832 4.1645746 4.1641026 4.1635513]",0.5,25,3171.047195503744
10,"[4.1821318 4.1776443 4.174849  4.172802  4.1709127 4.169692  4.1684327
 4.1674485 4.1664643 4.1657948 4.1651654 4.1646142 4.1639843 4.1635904]",0.5,25,3168.34563198988
11,"[4.1820135 4.1776047 4.1746917 4.1726842 4.1708341 4.1694169 4.168354
 4.167212  4.1664248 4.1655984 4.1651654 4.1645746 4.164063  4.1634727]",0.5,25,3165.574239731311
12,"[4.1819744 4.1776834 4.1747308 4.1725659 4.1708732 4.1695743 4.1682358
 4.1672516 4.166543  4.1657162 4.1651258 4.1643782 4.1639843 4.163394 ]",0.5,25,3162.452467054985
13,"[4.1819348 4.1776047 4.1748099 4.1727233 4.1710305 4.1694956 4.1682749
 4.1674485 4.1664248 4.165874  4.1650867 4.1644959 4.1639843 4.1635904]",0.5,25,3159.817346016167
14,"[4.1820922 4.1776047 4.1748886 4.1726842 4.1710305 4.1696134 4.1683931
 4.1672912 4.1665034 4.1657948 4.1650472 4.1646142 4.1639447 4.1634727]",0.5,25,3157.151698781465
15,"[4.1819744 4.1776834 4.1747704 4.1726446 4.1709518 4.1695743 4.1683145
 4.1674089 4.1666217 4.1657948 4.1651654 4.1645355 4.1639843 4.16363  ]",0.5,25,3154.136510725503
16,"[4.1818562 4.1776047 4.1747704 4.1724086 4.1706762 4.169456  4.1683931
 4.1672912 4.1665034 4.165874  4.1648898 4.1644959 4.1639843 4.1634727]",0.5,25,3151.196774216443
17,"[4.1818957 4.1776834 4.1746521 4.1724873 4.1707945 4.1694956 4.1683931
 4.1672516 4.1663857 4.1657557 4.1650076 4.1644959 4.1638269 4.163394 ]",0.5,25,3148.654301379392
18,"[4.1818957 4.177526  4.1745734 4.1724477 4.1707158 4.1693773 4.1681571
 4.167212  4.1663857 4.1656771 4.1649289 4.1643386 4.1637087 4.1632757]",0.5,25,3145.7556027185105
19,"[4.1819348 4.1776047 4.1747704 4.1726842 4.1709518 4.1696134 4.1683931
 4.1673303 4.1665826 4.1658344 4.1651654 4.1645746 4.1639447 4.1634331]",0.5,25,3143.663417326523
20,"[4.1818166 4.1775651 4.1745734 4.1725659 4.1709127 4.1695347 4.1682749
 4.1673303 4.1664643 4.1657162 4.1650472 4.1644173 4.1637874 4.1634331]",0.5,25,3140.467145438778
21,"[4.1818957 4.1777229 4.1746521 4.1724873 4.1708341 4.1694956 4.1683931
 4.1673303 4.1664643 4.1656771 4.1649685 4.1644568 4.163866  4.1634727]",0.5,25,3138.080742331404
22,"[4.1818562 4.1774077 4.174613  4.1725659 4.1707158 4.1693773 4.1682749
 4.1671729 4.1664248 4.1655588 4.1650076 4.1643386 4.1637483 4.163394 ]",0.5,25,3135.4019385238958
23,"[4.1818957 4.177526  4.174613  4.1725264 4.1707945 4.1695743 4.1682358
 4.1671333 4.1663857 4.1656375 4.1650076 4.1643782 4.1637874 4.163394 ]",0.5,25,3133.201308051353
24,"[4.1817775 4.1774864 4.1746521 4.172369  4.1708341 4.1693377 4.1682358
 4.1671333 4.1664248 4.1655588 4.1648502 4.1643386 4.1639447 4.1632757]",0.5,25,3130.768489128691
25,"[4.1818957 4.1774077 4.1744161 4.1724086 4.1705976 4.1691413 4.1681175
 4.166976  4.1661887 4.1654801 4.1648898 4.1643386 4.1636696 4.1632757]",0.5,25,3127.942259317491
26,"[4.1816988 4.177526  4.1746521 4.1724086 4.1707158 4.16922   4.1681962
 4.167212  4.1662674 4.1655588 4.1648898 4.164299  4.1637874 4.1633153]",0.5,25,3125.609051459823
27,"[4.1816988 4.1773686 4.1746917 4.1724477 4.1707945 4.169456  4.1682358
 4.1672516 4.1663461 4.1656375 4.1649289 4.164299  4.1637483 4.1634331]",0.5,25,3123.297067299939
28,"[4.1817775 4.177526  4.174613  4.172369  4.1707945 4.1692591 4.1682749
 4.1672516 4.1663461 4.1656375 4.1648898 4.1643782 4.1639056 4.1633544]",0.5,25,3121.223198154297
29,"[4.1816988 4.17729   4.1744556 4.1722512 4.1705976 4.16922   4.1680388
 4.166976  4.1662283 4.1653228 4.1646533 4.1642203 4.1636696 4.1631184]",0.5,25,3119.0682102623164
30,"[4.1818957 4.1774473 4.1743765 4.172133  4.1704798 4.1691413 4.1679206
 4.1670942 4.1661887 4.1656375 4.1646929 4.1641812 4.1636696 4.1633153]",0.5,25,3116.636933373348
31,"[4.1816988 4.1773291 4.1743765 4.1724086 4.1706371 4.1693377 4.1679997
 4.1669369 4.1664248 4.1654801 4.1648502 4.1642203 4.1637087 4.1632757]",0.5,25,3114.35013058526
32,"[4.1818166 4.1774864 4.174613  4.172369  4.1706371 4.1693773 4.1680784
 4.1670547 4.1663857 4.1655197 4.1648898 4.164299  4.1638269 4.1633153]",0.5,25,3112.680902274711
33,"[4.1818166 4.1774864 4.1745734 4.1725264 4.1707158 4.1693773 4.1680784
 4.167212  4.1663857 4.1657162 4.1648111 4.1645746 4.1637874 4.1633153]",0.5,25,3110.5206077701832
34,"[4.1819348 4.177526  4.1745343 4.1726055 4.1707158 4.1694956 4.1681571
 4.1672516 4.1663461 4.1655588 4.1649289 4.1643782 4.1639056 4.1634331]",0.5,25,3108.626926904432
35,"[4.1818562 4.177526  4.174613  4.1723299 4.1706371 4.16922   4.1680784
 4.1671333 4.166307  4.1655588 4.1648502 4.164299  4.1637874 4.1633153]",0.5,25,3106.114051283635
36,"[4.1818957 4.1774473 4.174613  4.1724873 4.1707158 4.1693377 4.1683931
 4.167212  4.1663857 4.1657162 4.1648502 4.1641812 4.163866  4.163394 ]",0.5,25,3104.4604364651145
37,"[4.1816988 4.1774077 4.1745734 4.1723299 4.1705189 4.16922   4.1679997
 4.1670156 4.1662674 4.1654801 4.1648111 4.1642599 4.16363   4.1632757]",0.5,25,3102.003541475829
38,"[4.1816988 4.1774473 4.1745734 4.1724477 4.1706762 4.1691804 4.1680388
 4.1671333 4.1662283 4.1655984 4.1650076 4.1642599 4.1637087 4.163197 ]",0.5,25,3100.23071692464
39,"[4.1815805 4.17729   4.1744947 4.1721721 4.1705189 4.1691804 4.1678419
 4.1670156 4.1661887 4.1654015 4.1647325 4.1640239 4.1635513 4.1631184]",0.5,25,3097.890849793838
40,"[4.1818166 4.1773291 4.1744161 4.1722512 4.1706762 4.1691413 4.1680388
 4.1670156 4.1662674 4.1654015 4.1647716 4.1641417 4.1635904 4.1632757]",0.5,25,3096.2016501067405
41,"[4.1818957 4.1773291 4.1744947 4.1723299 4.1706371 4.16922   4.1680784
 4.1670547 4.1661887 4.1655197 4.1648502 4.1643782 4.1637483 4.1631184]",0.5,25,3094.676967965629
42,"[4.1816988 4.1773291 4.1743765 4.1722903 4.1707549 4.16922   4.1679206
 4.1670156 4.1661491 4.1654015 4.1648111 4.1642599 4.1636696 4.163197 ]",0.5,25,3092.472581380749
43,"[4.1818166 4.1772504 4.1745343 4.1722512 4.1705976 4.1691017 4.1681571
 4.1670942 4.1661491 4.1655588 4.1647716 4.1641026 4.1634727 4.163197 ]",0.5,25,3090.883633158908
44,"[4.1818957 4.1774473 4.1745343 4.1723299 4.1705189 4.1691804 4.1679997
 4.166976  4.16611   4.1653228 4.1647325 4.1641417 4.1636696 4.1630788]",0.5,25,3089.66054285346
45,"[4.1817775 4.1774473 4.1744161 4.1722903 4.1707158 4.169023  4.1680784
 4.1670156 4.16611   4.1652832 4.1646142 4.1641417 4.16363   4.1630788]",0.5,25,3087.33256056261
46,"[4.1816201 4.1773291 4.1743374 4.1721721 4.1704798 4.169023  4.1679997
 4.1670156 4.16611   4.1653619 4.1646142 4.1641417 4.1634727 4.1631184]",0.5,25,3085.537522208655
47,"[4.1817775 4.17729   4.1743374 4.1722903 4.1704798 4.1691413 4.1678419
 4.1669369 4.1659918 4.1653619 4.1646533 4.1639843 4.1634727 4.1630397]",0.5,25,3083.726969031577
48,"[4.1816592 4.17729   4.1742191 4.172133  4.1705189 4.1691017 4.1678419
 4.1668577 4.1658344 4.1652045 4.1644959 4.164063  4.1635904 4.1630001]",0.5,25,3082.187071773818
49,"[4.1815805 4.17729   4.1744161 4.1720147 4.1704402 4.1689444 4.1678815
 4.1668577 4.1659527 4.1652441 4.1645355 4.1641026 4.1634727 4.1630001]",0.5,25,3080.836193915744
50,"[4.1815414 4.1771321 4.1740618 4.1720147 4.1704006 4.169023  4.1677241
 4.1668577 4.1659527 4.1652045 4.1645355 4.1639447 4.1632757 4.162961 ]",0.5,25,3079.3460964668798
52,"[4.1813836 4.1770144 4.1742191 4.1718969 4.1702433 4.168787  4.1674485
 4.1665826 4.1656771 4.1649685 4.1643782 4.1637087 4.1630788 4.1626854]",0.5,25,3077.904479513073
53,"[4.1813049 4.1769748 4.1741014 4.1718969 4.1700463 4.1687083 4.1675272
 4.1664643 4.1657557 4.1649289 4.1641417 4.1637874 4.1630788 4.1628032]",0.5,25,3076.2556256319203
54,"[4.1811476 4.1766601 4.1738648 4.1717    4.1698499 4.1684718 4.167212
 4.1663461 4.165441  4.1647716 4.1639843 4.1636696 4.1630001 4.1624489]",0.5,25,3073.814232767469
55,"[4.1811476 4.1768565 4.1739044 4.1716604 4.1700463 4.1687474 4.1672912
 4.1663461 4.1657162 4.1648898 4.1641417 4.1635118 4.1630001 4.1625276]",0.5,25,3072.125246334771
56,"[4.1812658 4.1766992 4.1739435 4.1715426 4.1697712 4.1685901 4.1672516
 4.1663461 4.1653228 4.1646929 4.1639843 4.163394  4.1628428 4.1626067]",0.5,25,3070.653727126468
57,"[4.1813836 4.1768565 4.1740222 4.1719756 4.1700859 4.1686292 4.1674876
 4.1664643 4.1655984 4.1649685 4.1642203 4.1636696 4.1631184 4.1626067]",0.5,25,3069.529801901043
58,"[4.1811476 4.1768565 4.1738648 4.1716213 4.1700463 4.1686292 4.1673698
 4.166543  4.1657162 4.1648898 4.1641026 4.1635513 4.1629214 4.1624489]",0.5,25,3067.644424909668
59,"[4.1812263 4.1768174 4.1740222 4.1717391 4.1699286 4.1684718 4.1673303
 4.1665034 4.165441  4.1647716 4.1641417 4.1635904 4.1629214 4.1625276]",0.5,25,3065.893688310276
60,"[4.1812658 4.1769357 4.1739044 4.1717787 4.1699677 4.1686687 4.1675663
 4.1664248 4.1657557 4.1649685 4.164299  4.1638269 4.1630001 4.1627641]",0.5,25,3064.142080569661
61,"[4.1812263 4.1768565 4.1740222 4.1717787 4.1700859 4.1686292 4.1676059
 4.1665826 4.1656771 4.1648502 4.1641026 4.1636696 4.1630788 4.1625276]",0.5,25,3062.2672859269237
62,"[4.1813445 4.1768174 4.1738257 4.1717787 4.1700859 4.1686292 4.1675663
 4.1663461 4.1655588 4.1647325 4.1641417 4.1635904 4.1628819 4.1624885]",0.5,25,3060.924393719212
63,"[4.1813049 4.1770144 4.1740618 4.1718574 4.1699677 4.1686687 4.1674876
 4.166543  4.1656375 4.1648111 4.1642599 4.1635904 4.1631575 4.1626854]",0.5,25,3059.3047367978247
64,"[4.1812658 4.1768174 4.1739435 4.1717787 4.1700463 4.1686687 4.1674089
 4.1663857 4.1655197 4.1648502 4.1641026 4.1635118 4.1631575 4.1624885]",0.5,25,3057.894357262099
65,"[4.1813836 4.1769357 4.1738648 4.1718574 4.1702433 4.1687083 4.1675663
 4.1664643 4.1656771 4.1648502 4.1642203 4.1635513 4.1631575 4.1627245]",0.5,25,3056.4272094455296
66,"[4.1812263 4.1768961 4.1737862 4.1716604 4.1699677 4.1685901 4.1673303
 4.1664248 4.1655588 4.1648111 4.1642599 4.16363   4.1630788 4.1624489]",0.5,25,3055.100226676839
67,"[4.181108  4.1766601 4.1737075 4.1715031 4.169889  4.168354  4.1672912
 4.166307  4.165441  4.1646142 4.163866  4.1633544 4.1628819 4.1624098]",0.5,25,3053.744875606283
68,"[4.1811872 4.1768961 4.1738648 4.1715817 4.1698499 4.1683931 4.1673698
 4.1662674 4.165441  4.1648111 4.1640239 4.1634727 4.1630001 4.1624098]",0.5,25,3052.493488877358
69,"[4.1812263 4.1766601 4.1738257 4.1716213 4.1699286 4.1684327 4.1673698
 4.166307  4.1654015 4.1646533 4.1641026 4.163394  4.1628819 4.1622524]",0.5,25,3051.092116324463
70,"[4.181108  4.1768565 4.1737862 4.1716213 4.1700859 4.1683931 4.1673303
 4.1663857 4.1655984 4.1646533 4.1641417 4.163394  4.162961  4.1624098]",0.5,25,3049.9042828704164
71,"[4.1810689 4.1766992 4.1737862 4.1715426 4.1697316 4.1684718 4.1672912
 4.1661887 4.1653228 4.1645746 4.1639447 4.1632757 4.1626854 4.1623311]",0.5,25,3048.378757137584
72,"[4.1811476 4.1767387 4.1738257 4.1716213 4.1697712 4.1684718 4.1673303
 4.1661887 4.1655984 4.1647325 4.164063  4.1633153 4.1628032 4.1624885]",0.5,25,3047.216821880696
73,"[4.181108  4.1765418 4.1735106 4.1715426 4.169692  4.1682358 4.1670156
 4.16611   4.1653619 4.1644568 4.163866  4.1633153 4.1627245 4.1622915]",0.5,25,3045.673206093476
74,"[4.1810689 4.1767387 4.1736684 4.1714244 4.169692  4.1682749 4.1671333
 4.1660314 4.1653619 4.1644568 4.1639056 4.1631575 4.1628032 4.1621733]",0.5,25,3044.231554748264
75,"[4.1809115 4.1765814 4.1737075 4.1714244 4.1697712 4.1683145 4.1670547
 4.1661887 4.1652832 4.1645355 4.1638269 4.1632361 4.1627641 4.1622524]",0.5,25,3043.392925338406
76,"[4.181108  4.1767387 4.1738257 4.1716213 4.1698499 4.1683931 4.1672516
 4.166307  4.1653228 4.1646142 4.1639843 4.1633544 4.1628428 4.1622524]",0.5,25,3042.056173040772
77,"[4.1809902 4.1764631 4.1734319 4.1713848 4.1696134 4.1682358 4.1668577
 4.1660314 4.1651258 4.1642599 4.1637087 4.1630397 4.1625276 4.1620555]",0.5,25,3040.4385406206598
78,"[4.1809506 4.1766205 4.1736684 4.1713848 4.169692  4.1683145 4.1671333
 4.1659918 4.1653228 4.1644959 4.1637874 4.1631575 4.1627641 4.1622915]",0.5,25,3039.30291401408
79,"[4.1809506 4.1765418 4.1736684 4.1714244 4.1698499 4.1682358 4.1671729
 4.16611   4.1653228 4.1644959 4.1639447 4.163394  4.1626854 4.1622128]",0.5,25,3038.320050362685
80,"[4.180872  4.1765814 4.1735501 4.1714244 4.1698103 4.1681962 4.1670942
 4.1660314 4.1653228 4.1644568 4.16363   4.1631184 4.1624885 4.1620946]",0.5,25,3036.819513676894
81,"[4.1809506 4.1766992 4.1736288 4.1715817 4.1698103 4.1683145 4.1670156
 4.1661887 4.1652441 4.1644568 4.1637874 4.1630788 4.1627245 4.1621342]",0.5,25,3035.795971072594
82,"[4.1809506 4.1765418 4.1735892 4.1714635 4.1696134 4.1682358 4.1670156
 4.1659527 4.1650076 4.1643782 4.1636696 4.1630788 4.1626067 4.1621733]",0.5,25,3034.4476915281844
83,"[4.181108  4.1764631 4.1735501 4.1713457 4.169692  4.1681175 4.1670156
 4.16611   4.1650867 4.1643386 4.1637483 4.1631575 4.1625671 4.1621733]",0.5,25,3033.0436002773718
84,"[4.1809506 4.1765022 4.1736288 4.1713457 4.169456  4.1681571 4.166976
 4.1658344 4.1650867 4.1643386 4.1636696 4.1630001 4.1625671 4.161819 ]",0.5,25,3031.611355651177
85,"[4.180872  4.1764235 4.1733532 4.1713061 4.1694169 4.1679206 4.166779
 4.1657557 4.1649685 4.1642599 4.1635513 4.1630397 4.1622915 4.1619372]",0.5,25,3030.223921461319
86,"[4.180872  4.1764235 4.1734319 4.1711884 4.169456  4.1679997 4.1670156
 4.1657948 4.1648898 4.1641417 4.1634331 4.1628032 4.1624098 4.1619372]",0.5,25,3029.137855668263
87,"[4.1807537 4.1765022 4.1735106 4.1712275 4.1696134 4.1680388 4.1669369
 4.1659918 4.1650867 4.1643782 4.1635904 4.1628819 4.1623702 4.1618981]",0.5,25,3028.1671724785683
88,"[4.1808329 4.1765418 4.1734319 4.1711884 4.1695347 4.1680388 4.1669369
 4.1659527 4.1651654 4.1642203 4.1635118 4.162961  4.1624098 4.1620555]",0.5,25,3027.074208245849
89,"[4.1809115 4.1763844 4.1733141 4.1711488 4.169456  4.1682358 4.166976
 4.1659527 4.1650472 4.164299  4.1634331 4.1629214 4.1623702 4.161819 ]",0.5,25,3025.797762232256
90,"[4.1809902 4.1763449 4.1734319 4.1711884 4.1694956 4.1680388 4.1668577
 4.1657948 4.1649289 4.1642599 4.1635904 4.162961  4.1624098 4.1618586]",0.5,25,3024.893027488607
91,"[4.1807933 4.1764631 4.1734319 4.1711488 4.1694169 4.1679206 4.1668186
 4.1657557 4.1648898 4.1641812 4.163394  4.1627641 4.1624489 4.1617403]",0.5,25,3023.5027259924323
92,"[4.180872  4.1763449 4.1732349 4.1711488 4.1694956 4.1678028 4.1667399
 4.1656771 4.1647325 4.1641417 4.1634331 4.1628428 4.1622128 4.1617799]",0.5,25,3022.37167584744
93,"[4.1805964 4.1761479 4.1731563 4.1711092 4.16922   4.1676846 4.1665034
 4.1656771 4.1648111 4.1640239 4.1634331 4.1625671 4.1620555 4.1616225]",0.5,25,3020.822849984811
94,"[4.1807146 4.1763058 4.1733141 4.1711488 4.1692591 4.1678028 4.1667004
 4.1655984 4.1648111 4.1639447 4.1632757 4.1626854 4.1621342 4.1617403]",0.5,25,3020.0431870705847
95,"[4.1807933 4.1763449 4.1733532 4.1711488 4.1693377 4.1679997 4.1668186
 4.1658344 4.1649289 4.1642599 4.1634727 4.1627641 4.1622524 4.1617799]",0.5,25,3019.0469254178884
96,"[4.1807537 4.1763058 4.1732349 4.1712275 4.1692986 4.1679206 4.1666217
 4.1656771 4.1648111 4.1641417 4.163394  4.1628819 4.1622128 4.1617012]",0.5,25,3018.05573646118
97,"[4.1807537 4.1762662 4.1731563 4.1709914 4.1692591 4.1678419 4.1667004
 4.1655984 4.1648111 4.1641026 4.1632361 4.1626854 4.1622128 4.1617403]",0.5,25,3016.7582644725208
98,"[4.1805177 4.1763449 4.1733532 4.1710701 4.1691804 4.1677632 4.1667004
 4.1657162 4.1646929 4.1639447 4.1632361 4.1627245 4.1621342 4.1615043]",0.5,25,3015.839791834039
99,"[4.180675  4.1762662 4.1733141 4.1711488 4.16922   4.1678419 4.1666613
 4.1657948 4.1646929 4.1639056 4.1633153 4.1627641 4.1620555 4.1617012]",0.5,25,3014.6973528283697
100,"[4.1808329 4.1762271 4.1733141 4.1709914 4.1694169 4.1679206 4.1663857
 4.1655588 4.1648111 4.1639056 4.1633544 4.1626458 4.1620159 4.1615829]",0.5,25,3013.853560214843
101,"[4.180675  4.1762271 4.1731563 4.1710305 4.16922   4.1678419 4.1665826
 4.1656375 4.1648502 4.164063  4.1632361 4.1626854 4.1620555 4.1615829]",0.5,25,3012.743264273819
103,"[4.1806359 4.1761479 4.1731563 4.1708732 4.1691017 4.1676846 4.1664643
 4.1654015 4.1644173 4.1637087 4.1630001 4.1624098 4.1618981 4.1614256]",0.5,25,3011.504205712078
104,"[4.1807146 4.1761479 4.1731563 4.1708732 4.1690626 4.1676455 4.1664248
 4.1653619 4.1646533 4.1638269 4.1632361 4.1624098 4.1621342 4.1614256]",0.5,25,3010.271484579129
105,"[4.1806359 4.1760693 4.1729989 4.1708341 4.1689835 4.1676455 4.1663857
 4.1653619 4.1645746 4.1637087 4.162961  4.1624489 4.1619372 4.1612682]",0.5,25,3009.868011333279
106,"[4.1803603 4.1758728 4.1729202 4.1707549 4.1689835 4.1673698 4.166307
 4.1652832 4.1643782 4.16363   4.162961  4.1622915 4.1617012 4.1611896]",0.5,25,3008.402176634796
107,"[4.1805573 4.1761088 4.1731172 4.1707549 4.1690626 4.1676455 4.166307
 4.1653619 4.1645355 4.1637483 4.1630788 4.1623702 4.1619372 4.1613073]",0.5,25,3007.502694203155
108,"[4.1805573 4.1760302 4.1728806 4.1707549 4.168787  4.1675663 4.1662283
 4.1653228 4.1645355 4.1637874 4.1628428 4.1622524 4.1617403 4.1613073]",0.5,25,3006.099392432455
109,"[4.180439  4.1759906 4.1729202 4.1707945 4.168787  4.1674876 4.1662674
 4.1651654 4.1644959 4.16363   4.1628428 4.1622128 4.1617012 4.1611896]",0.5,25,3005.07055039361
110,"[4.1804786 4.1759906 4.1729989 4.1708341 4.1691017 4.1675272 4.1663857
 4.1652832 4.1643782 4.1635513 4.1629214 4.1622915 4.1617403 4.1612682]",0.5,25,3004.156370244679
111,"[4.180439  4.1759119 4.1729598 4.1708341 4.1688657 4.1674876 4.1664248
 4.1652045 4.1644173 4.1637483 4.1630788 4.1624098 4.1617799 4.1612287]",0.5,25,3003.225837230634
112,"[4.180675  4.1759119 4.1729989 4.1706371 4.169023  4.1676059 4.16611
 4.1653228 4.1644568 4.1635904 4.162961  4.1624098 4.1617012 4.1613073]",0.5,25,3002.0912677779133
113,"[4.1803994 4.1758332 4.1728806 4.1707158 4.168787  4.1672516 4.1662283
 4.1651654 4.1644568 4.1637087 4.162961  4.1621342 4.1615829 4.1613469]",0.5,25,3001.0074854187
114,"[4.180439  4.1760693 4.1730385 4.1708341 4.1689444 4.1675663 4.166307
 4.1653228 4.1644959 4.1635513 4.1628819 4.1624098 4.1617799 4.16115  ]",0.5,25,3000.1440337619347
115,"[4.1803603 4.1759515 4.1728415 4.1706371 4.168787  4.1674876 4.1661491
 4.1650867 4.1644173 4.1635904 4.1626458 4.1623311 4.1615438 4.1610713]",0.5,25,2998.930450552169
116,"[4.1803603 4.1757545 4.1729202 4.1705189 4.168787  4.167212  4.1660705
 4.1651258 4.1642599 4.1634727 4.1627641 4.1622524 4.1615438 4.1610317]",0.5,25,2997.817117892253
117,"[4.180675  4.1759119 4.1728806 4.1705976 4.1688657 4.1672912 4.1662674
 4.1651654 4.164299  4.1635118 4.1626067 4.1622128 4.1615829 4.1610317]",0.5,25,2997.020096703152
118,"[4.180439  4.1759906 4.1729202 4.1705976 4.1689048 4.1675663 4.1661491
 4.1651654 4.1641812 4.1635118 4.1628819 4.1621733 4.1616225 4.1613073]",0.5,25,2995.7858139926507
119,"[4.1803603 4.1759119 4.1729202 4.1705976 4.1689048 4.1674485 4.16611
 4.1651258 4.164299  4.1633544 4.1626458 4.1622524 4.1615829 4.1611104]",0.5,25,2994.936989610324
120,"[4.1803207 4.1758332 4.1728415 4.1705585 4.168787  4.1674089 4.1659131
 4.1650076 4.1641417 4.163394  4.1625276 4.1620159 4.1615438 4.1609139]",0.5,25,2993.755939554849
121,"[4.1803603 4.1759119 4.1728415 4.1706371 4.1689048 4.1674089 4.16611
 4.1650867 4.1642203 4.163394  4.1628032 4.1621342 4.1614256 4.160953 ]",0.5,25,2993.0292528895397
122,"[4.1800847 4.175715  4.1725264 4.1704402 4.1687474 4.1671729 4.1659918
 4.1649685 4.1639447 4.163394  4.1625671 4.1618981 4.1612682 4.1608353]",0.5,25,2991.457213662245
123,"[4.1803603 4.1758332 4.1727629 4.1705189 4.1686687 4.1672516 4.1659918
 4.1650472 4.1640239 4.1632361 4.1625276 4.1620946 4.1614647 4.1608744]",0.5,25,2990.6836727598743
124,"[4.1803994 4.1757936 4.1726842 4.1706371 4.1685901 4.1671729 4.1659527
 4.1648111 4.1640239 4.1632757 4.1625276 4.1618586 4.161386  4.160953 ]",0.5,25,2989.537222565918
125,"[4.1803994 4.1758332 4.172802  4.1704798 4.1687474 4.1671729 4.1660705
 4.1649685 4.1639843 4.1632757 4.1625671 4.1619768 4.1615043 4.1608744]",0.5,25,2988.764818448214
126,"[4.1802816 4.1757936 4.1726446 4.1705189 4.1685505 4.1670942 4.1660705
 4.1647716 4.1640239 4.163197  4.1626067 4.1618981 4.1613073 4.1607957]",0.5,25,2987.572373769936
127,"[4.1803994 4.1757936 4.1727629 4.1704798 4.1685901 4.1672912 4.1659918
 4.1650076 4.1639843 4.1631184 4.1626458 4.1618981 4.1614647 4.1608744]",0.5,25,2986.889159064129
128,"[4.180439  4.1759119 4.172802  4.1704402 4.1687083 4.167212  4.1660314
 4.1650472 4.1641812 4.1633153 4.1626067 4.1618586 4.1612682 4.1608353]",0.5,25,2985.972876684028
129,"[4.1803994 4.1757545 4.1727233 4.1705585 4.1687083 4.1673303 4.1660705
 4.1649685 4.164063  4.1633153 4.1626458 4.1619768 4.1615438 4.1608744]",0.5,25,2984.998810420869
130,"[4.180439  4.1757545 4.172802  4.1704798 4.1686687 4.1672516 4.1660314
 4.1648502 4.1641026 4.163197  4.1625671 4.1617799 4.1614647 4.1607957]",0.5,25,2983.915732481961
131,"[4.1802816 4.1757545 4.1726446 4.1705585 4.1685901 4.1671729 4.1659527
 4.1649289 4.1640239 4.1630788 4.1624098 4.1618981 4.1612682 4.1608353]",0.5,25,2982.9138304756657
132,"[4.1802816 4.1756363 4.1725264 4.1704798 4.1685901 4.1671729 4.1659527
 4.1649289 4.1638269 4.163197  4.1624885 4.1617799 4.1613073 4.1608353]",0.5,25,2981.8468064633507
133,"[4.1801243 4.1756363 4.1727629 4.1704006 4.1684718 4.1670156 4.1659131
 4.1647716 4.1639056 4.1631575 4.1624098 4.1617799 4.16115   4.1605597]",0.5,25,2980.8709787495923
134,"[4.1801243 4.1755972 4.1724873 4.1702828 4.1684327 4.1670942 4.1657557
 4.1647325 4.1639056 4.1630001 4.1623311 4.1615829 4.1612287 4.1606383]",0.5,25,2979.758407971056
135,"[4.1800847 4.1755972 4.1724873 4.1702042 4.1685901 4.1670942 4.1658344
 4.1647325 4.1637874 4.1631184 4.1623311 4.1617403 4.1611896 4.1605597]",0.5,25,2978.80148739746
136,"[4.1802421 4.1755972 4.1726446 4.1704402 4.1685505 4.1671729 4.1659131
 4.1648111 4.163866  4.1633153 4.1624489 4.1617799 4.1613469 4.1605988]",0.5,25,2978.0144228146696
137,"[4.1800847 4.1756363 4.1725659 4.1702828 4.1685114 4.166976  4.1657948
 4.1647716 4.1637874 4.1630001 4.1623702 4.1615438 4.1611896 4.1605988]",0.5,25,2976.837758873565
138,"[4.1800847 4.1754789 4.1725659 4.1701646 4.1683931 4.1668973 4.1655588
 4.1646142 4.1637483 4.1630001 4.1622128 4.1615829 4.1610713 4.1605201]",0.5,25,2975.736840149605
139,"[4.1801634 4.1755972 4.1724873 4.1702828 4.1685114 4.1670156 4.1656771
 4.1646929 4.1637087 4.1630788 4.1622524 4.1615438 4.1610317 4.1605988]",0.5,25,2975.0513683504228
140,"[4.180006  4.1754394 4.1724086 4.1701255 4.1682749 4.1667399 4.165441
 4.1645355 4.1635513 4.1628032 4.1619768 4.161386  4.1609139 4.1605201]",0.5,25,2973.702066093888
141,"[4.1801634 4.1754789 4.1725659 4.1702433 4.1683931 4.1668577 4.1657557
 4.1645746 4.1636696 4.1628819 4.1622128 4.1616225 4.1609139 4.1603627]",0.5,25,2972.886743321402
142,"[4.1800847 4.1754789 4.1724086 4.1700859 4.168354  4.1669369 4.1655588
 4.1646533 4.16363   4.1627245 4.1621342 4.1616225 4.1608353 4.1604018]",0.5,25,2971.845582378202
143,"[4.1800847 4.1754789 4.1723299 4.1702433 4.168354  4.1669369 4.1655984
 4.1646929 4.1635904 4.1627245 4.1620159 4.1615043 4.1608353 4.160481 ]",0.5,25,2970.813193792318
144,"[4.1801243 4.1754789 4.1724086 4.1702042 4.1685114 4.166779  4.1655984
 4.1645746 4.1635904 4.162961  4.1620555 4.1614256 4.1609926 4.160481 ]",0.5,25,2970.078559662545
145,"[4.1801243 4.1755185 4.1724086 4.1701646 4.1683145 4.1667399 4.1657162
 4.1645746 4.16363   4.1628819 4.1620946 4.161386  4.160717  4.1603231]",0.5,25,2969.0845583546256
146,"[4.1801634 4.1755185 4.1724477 4.1701255 4.1682749 4.1667004 4.1657557
 4.1645355 4.1635513 4.1628032 4.1620946 4.1615043 4.1610317 4.1604018]",0.5,25,2968.143873990884
147,"[4.1799664 4.1754789 4.1722903 4.1699677 4.1683145 4.1666613 4.1655984
 4.1643782 4.1634727 4.1626458 4.1618586 4.1613469 4.1606774 4.1601658]",0.5,25,2966.908805655788
148,"[4.1801243 4.1754789 4.1723299 4.1700463 4.1681962 4.1666613 4.1655197
 4.1644568 4.1635118 4.1626854 4.1618981 4.1613469 4.1606383 4.1602445]",0.5,25,2965.918521956245
149,"[4.180006  4.1752429 4.1721721 4.1698499 4.1679602 4.1666217 4.1652832
 4.1642203 4.1633544 4.1624489 4.1617799 4.1610713 4.1605201 4.1600871]",0.5,25,2964.4624525552003
150,"[4.1800847 4.1754003 4.1722903 4.1701255 4.1681962 4.1667399 4.1655197
 4.1645355 4.163394  4.1626458 4.161819  4.1612682 4.1605988 4.1601658]",0.5,25,2963.808800808786
151,"[4.180006  4.1754789 4.172369  4.1700859 4.1681175 4.1666217 4.1652832
 4.1643386 4.1633153 4.1625276 4.1617403 4.1610317 4.160717  4.1599689]",0.5,25,2962.397862681612
152,"[4.1798487 4.175282  4.1721721 4.1698499 4.1682358 4.1665826 4.1652832
 4.1644173 4.1632757 4.1623311 4.1617403 4.16115   4.1604414 4.1600084]",0.5,25,2961.2320535748963
154,"[4.1799664 4.1754003 4.1723299 4.1699677 4.1681962 4.1665826 4.1653619
 4.1642599 4.163394  4.1624885 4.161819  4.1610713 4.1606383 4.1599298]",0.5,25,2960.0498823577173
155,"[4.1798091 4.1753607 4.1723299 4.1698499 4.1681571 4.1667004 4.1653619
 4.1644173 4.1633153 4.1624885 4.1617799 4.1611104 4.1606383 4.1600871]",0.5,25,2958.5835883722607
156,"[4.17977   4.1752429 4.1722116 4.1697712 4.1678815 4.1664248 4.1652832
 4.1641026 4.1632757 4.1624489 4.1616616 4.1609139 4.160284  4.1599689]",0.5,25,2956.6025103709558
157,"[4.1798487 4.1752033 4.1720147 4.169889  4.1681571 4.1666217 4.1652045
 4.1642599 4.1633153 4.1625276 4.161819  4.1610713 4.1604414 4.1600084]",0.5,25,2955.274775580375
158,"[4.1798487 4.1754003 4.1722512 4.1697712 4.1680388 4.166543  4.1653228
 4.1642203 4.1631575 4.1623702 4.1617012 4.1609926 4.1604414 4.1599298]",0.5,25,2953.7271248514803
159,"[4.1798878 4.1751642 4.172133  4.1699677 4.1681175 4.1666613 4.1652441
 4.1643386 4.1632757 4.1626067 4.161819  4.1611896 4.1605597 4.1599298]",0.5,25,2952.3477135270177
160,"[4.1798091 4.1753216 4.1720934 4.169889  4.1680388 4.1665034 4.1654015
 4.1642599 4.1632757 4.1626067 4.161819  4.1612287 4.1605201 4.1598511]",0.5,25,2950.755913274195
161,"[4.1798091 4.1752429 4.1721721 4.1699677 4.1680784 4.166543  4.1652832
 4.164299  4.1632757 4.1624885 4.1616616 4.1611104 4.1605201 4.1600084]",0.5,25,2949.3059362580016
162,"[4.1798487 4.1753216 4.1722116 4.169889  4.1680388 4.166543  4.165441
 4.164299  4.1633544 4.1625276 4.1617799 4.1612287 4.160481  4.1599689]",0.5,25,2947.7601063704437
163,"[4.1798487 4.1751642 4.1722512 4.1699286 4.1681571 4.166543  4.1652045
 4.1642599 4.1632757 4.1625671 4.161819  4.1611104 4.1605988 4.1600475]",0.5,25,2946.158583944905
164,"[4.1798878 4.175282  4.172133  4.1699677 4.1681962 4.1666217 4.165441
 4.1642599 4.1635118 4.1626458 4.1617403 4.1612287 4.1605597 4.1601658]",0.5,25,2944.689296260986
165,"[4.1798487 4.1751246 4.172133  4.1698103 4.1679206 4.1665034 4.1652045
 4.1641812 4.1632361 4.1624098 4.161819  4.1611896 4.1604018 4.1599298]",0.5,25,2942.617237101373
166,"[4.1796908 4.175282  4.1719756 4.1697316 4.1678419 4.1664248 4.1652832
 4.1642203 4.1632361 4.1623702 4.1615829 4.1608353 4.1604018 4.1598115]",0.5,25,2940.8644072835323
167,"[4.1796908 4.1752429 4.1721721 4.1698103 4.1679206 4.1666217 4.1652441
 4.164299  4.163394  4.1625276 4.1617012 4.1610713 4.160481  4.1598902]",0.5,25,2939.562164489475
168,"[4.1798878 4.1750851 4.1722116 4.1697712 4.1680388 4.1664248 4.1652832
 4.1641812 4.1632361 4.1623311 4.1617403 4.1611104 4.1604414 4.1600084]",0.5,25,2937.862104696724
169,"[4.1797304 4.175046  4.1719756 4.1698103 4.1679602 4.1665826 4.1651654
 4.1641026 4.1634331 4.1624098 4.1616616 4.1608353 4.1603627 4.1598115]",0.5,25,2935.878221303304
170,"[4.1798487 4.1750851 4.1720543 4.1698103 4.1679602 4.1664248 4.1652441
 4.1641812 4.1631184 4.1623311 4.1615829 4.1608744 4.1604414 4.1598511]",0.5,25,2934.1428377971743
171,"[4.17977   4.175282  4.1720543 4.1696134 4.1679206 4.1663461 4.1651654
 4.1641812 4.1631184 4.1622915 4.1616225 4.1609926 4.1603231 4.1597724]",0.5,25,2932.404295169405
172,"[4.1796122 4.1749277 4.1719756 4.169456  4.1676846 4.166307  4.1649685
 4.1639447 4.1630397 4.1621342 4.1615043 4.160717  4.1600084 4.1596146]",0.5,25,2930.291042056477
173,"[4.1794157 4.1750851 4.1718969 4.1695743 4.1678419 4.1662674 4.1648898
 4.1639843 4.162961  4.1620946 4.1613469 4.1606383 4.1601267 4.1595359]",0.5,25,2928.63189303887
174,"[4.1795335 4.1749277 4.1718178 4.169456  4.1676846 4.16611   4.1649685
 4.1638269 4.1627641 4.1621342 4.1613469 4.1606383 4.1600871 4.1595755]",0.5,25,2926.786674761012
175,"[4.1796908 4.1750851 4.171936  4.1696529 4.1677241 4.1662674 4.1649685
 4.1640239 4.162961  4.1621733 4.1613469 4.1608744 4.160284  4.1597328]",0.5,25,2925.355358868138
176,"[4.1795731 4.1748886 4.1718178 4.1695347 4.1676455 4.1662283 4.1649685
 4.1637874 4.1628032 4.1619768 4.161386  4.1606383 4.1600475 4.1594572]",0.5,25,2923.471888685976
177,"[4.1796517 4.1750851 4.171936  4.1696529 4.1677632 4.1661887 4.1650076
 4.1638269 4.1628819 4.1621733 4.1613469 4.1607957 4.1600475 4.1594968]",0.5,25,2921.972018776314
178,"[4.1794548 4.175046  4.1718574 4.169456  4.1675663 4.1660705 4.1650076
 4.1638269 4.1628428 4.1619372 4.16115   4.1605988 4.1599689 4.1594968]",0.5,25,2920.4050784678834
179,"[4.1794157 4.1748099 4.1717787 4.1694169 4.1675663 4.1660705 4.1647716
 4.1637483 4.1626854 4.1620946 4.16115   4.1603627 4.1599689 4.1592212]",0.5,25,2918.5261491505244
180,"[4.1793365 4.1748099 4.1716213 4.1694169 4.1675272 4.1660705 4.1647716
 4.1635904 4.1625276 4.1618981 4.1609926 4.1603231 4.1596932 4.1592999]",0.5,25,2916.692731409637
181,"[4.1794157 4.1747704 4.1717391 4.1695347 4.1675272 4.1659527 4.1646929
 4.1637087 4.1627245 4.1617403 4.1610713 4.1605597 4.1598902 4.1593785]",0.5,25,2915.0173815104167
182,"[4.1795335 4.1749277 4.1717391 4.1693773 4.1674876 4.1659527 4.1648111
 4.1635904 4.1627245 4.161819  4.1610713 4.1605201 4.1598115 4.1594181]",0.5,25,2913.504703426512
183,"[4.1794548 4.1747308 4.1716604 4.1691804 4.1675663 4.1659527 4.1646142
 4.1635904 4.1626854 4.161819  4.1609926 4.160284  4.1597724 4.1592999]",0.5,25,2911.681954159884
184,"[4.1793761 4.1748099 4.1715817 4.16922   4.1673698 4.1659131 4.1645746
 4.1635513 4.1625671 4.1616616 4.160953  4.1603627 4.1597724 4.1591029]",0.5,25,2909.852487664386
185,"[4.1793365 4.1747308 4.1715817 4.1693377 4.1675663 4.165874  4.1646533
 4.1635118 4.1626067 4.1617403 4.1609926 4.1603231 4.1598902 4.1592212]",0.5,25,2908.396314810248
186,"[4.1793365 4.1747308 4.1715426 4.1692986 4.1673303 4.1659131 4.1645746
 4.1635904 4.1625671 4.1617799 4.1609139 4.1602445 4.1597724 4.1591816]",0.5,25,2906.5229842940253
187,"[4.1792579 4.1745734 4.1715426 4.1691413 4.1672516 4.1657162 4.1645355
 4.163394  4.1624098 4.1617012 4.1608353 4.1600475 4.1594968 4.1588273]",0.5,25,2904.380165211724
188,"[4.1794157 4.1746521 4.1716604 4.1693377 4.1675272 4.1660705 4.1645746
 4.1634331 4.1625671 4.1616616 4.16115   4.160481  4.1597328 4.1592212]",0.5,25,2903.2757869447164
189,"[4.1793761 4.1747308 4.1715031 4.16922   4.1672516 4.1657557 4.1644959
 4.1633544 4.1624489 4.1615043 4.1608744 4.1601267 4.1594572 4.1589456]",0.5,25,2901.4064850077307
190,"[4.1791792 4.1743765 4.1713457 4.1691017 4.1671333 4.1655588 4.1643782
 4.1632757 4.1624098 4.1615829 4.1606774 4.1601267 4.1594572 4.1587486]",0.5,25,2899.688424152021
191,"[4.1791401 4.1744947 4.1713457 4.169023  4.1671729 4.1656771 4.1643386
 4.1633544 4.1624098 4.1614647 4.160717  4.1601658 4.1592999 4.158906 ]",0.5,25,2898.1774537452534
192,"[4.1792974 4.1746917 4.1715426 4.1691017 4.1672912 4.1656771 4.1643782
 4.1634727 4.1625671 4.1614647 4.1608744 4.1600871 4.1596146 4.1590242]",0.5,25,2896.799310269231
193,"[4.1792188 4.1744556 4.1713848 4.169023  4.1672516 4.1655984 4.1643782
 4.1632757 4.1621733 4.161386  4.1605201 4.1598511 4.1593785 4.158906 ]",0.5,25,2894.976492006021
194,"[4.1792188 4.1745734 4.1715817 4.1691804 4.1673303 4.1657948 4.1645746
 4.1633544 4.1623311 4.1615829 4.160717  4.1600871 4.1595359 4.1589847]",0.5,25,2893.681797384574
195,"[4.1792188 4.1745343 4.1714635 4.1691413 4.1670942 4.1657557 4.1643386
 4.1631575 4.1623702 4.1615438 4.1606383 4.1599689 4.159339  4.1588669]",0.5,25,2891.848282727321
196,"[4.1790614 4.1745343 4.1714635 4.1691413 4.1673303 4.1656771 4.1643782
 4.163394  4.1621733 4.1614256 4.160717  4.1600084 4.1594181 4.1587486]",0.5,25,2890.59243167291
197,"[4.1791401 4.1744556 4.1714635 4.169023  4.167212  4.1655588 4.164299
 4.1632361 4.1621342 4.1614256 4.1605988 4.1599689 4.159339  4.1587486]",0.5,25,2888.900929802652
198,"[4.1790218 4.1743765 4.1714244 4.1689835 4.166976  4.1655197 4.1642203
 4.1630788 4.1621342 4.1612287 4.1604018 4.1598511 4.1592999 4.1586304]",0.5,25,2887.27797113566
199,"[4.1792579 4.1742978 4.1713457 4.1689835 4.1671333 4.1655197 4.1641812
 4.1631184 4.1621342 4.1613073 4.1605988 4.1598115 4.1592999 4.1585913]",0.5,25,2886.023609002959
200,"[4.1791792 4.1743374 4.1713848 4.1689048 4.166976  4.165441  4.1642203
 4.1630788 4.1622524 4.1612682 4.160481  4.1598511 4.159339  4.1585913]",0.5,25,2884.649964078774
201,"[4.1789823 4.1743765 4.1710701 4.1687474 4.1668186 4.1654015 4.1641026
 4.1629214 4.1622128 4.16115   4.1604414 4.1597328 4.1590638 4.1583943]",0.5,25,2882.953341879068
202,"[4.1790614 4.1743374 4.1712275 4.1689048 4.1670942 4.1655197 4.1642203
 4.1630397 4.1620946 4.1612287 4.1605201 4.1598511 4.1591816 4.1585517]",0.5,25,2881.786883147652
203,"[4.1790218 4.1742587 4.171267  4.1688657 4.1668577 4.1654801 4.1641026
 4.1629214 4.1620555 4.1611896 4.1604414 4.1596541 4.1589847 4.158473 ]",0.5,25,2880.368865275472
1,"[4.1819482 4.1772232 4.1745062 4.1721439 4.1704507 4.1688757 4.1677337
 4.1667495 4.1658044 4.1648989 4.1643476 4.1637568 4.163166  4.1625757]",0.5,25,3209.157796678333
2,"[4.1816726 4.177381  4.1744671 4.172183  4.170608  4.1691117 4.1676946
 4.1667495 4.1658435 4.1652136 4.1645441 4.1639142 4.1632447 4.1628513]",0.5,25,3209.819508229982
3,"[4.1818695 4.1775775 4.1744671 4.1722226 4.170608  4.1691909 4.1679702
 4.1670251 4.16608   4.1653318 4.1647019 4.1639538 4.1632447 4.1629691]",0.5,25,3210.342542103677
4,"[4.1817908 4.1775384 4.1747031 4.1723013 4.1707263 4.1690726 4.167891
 4.1669068 4.1660013 4.1652136 4.1645837 4.1641111 4.1633239 4.1628513]",0.5,25,3209.337399697402
5,"[4.1819091 4.1774597 4.1744671 4.1722622 4.1705689 4.1691909 4.1680489
 4.1669855 4.1660013 4.1654105 4.164741  4.1640325 4.1634026 4.1630874]",0.5,25,3208.919328203937
6,"[4.1818695 4.1773415 4.1744671 4.1721439 4.1704507 4.1689939 4.1679306
 4.1668673 4.1659226 4.1652136 4.1644263 4.1640325 4.1634026 4.1628118]",0.5,25,3207.193891097007
7,"[4.1817517 4.1774201 4.1744275 4.1722226 4.1704111 4.1689939 4.1678519
 4.1667886 4.1661983 4.1650953 4.1645837 4.1639142 4.1632447 4.16293  ]",0.5,25,3205.284524874947
8,"[4.1817122 4.1774597 4.1743884 4.172183  4.1706867 4.1691513 4.1680093
 4.1668282 4.16608   4.1653714 4.1646233 4.1640716 4.1636386 4.1631269]",0.5,25,3204.246541521948
9,"[4.1817122 4.1772628 4.1743097 4.1721044 4.1704507 4.1690331 4.1679306
 4.1668673 4.1659226 4.1652923 4.1643867 4.1638751 4.163363  4.1630478]",0.5,25,3201.686357841389
10,"[4.1815939 4.1770658 4.1742306 4.1720653 4.1702538 4.1688361 4.167655
 4.1667099 4.1658435 4.1652136 4.1644263 4.1637568 4.1633239 4.1627331]",0.5,25,3200.024614537624
11,"[4.1817122 4.1773415 4.1743884 4.1721439 4.1704507 4.1690331 4.1680093
 4.1669068 4.1658435 4.1652532 4.1644263 4.1639538 4.163363  4.16293  ]",0.5,25,3198.231464450684
12,"[4.1815939 4.1770263 4.1742306 4.1720653 4.1702538 4.168797  4.167655
 4.1666312 4.1658044 4.1650953 4.1643476 4.1638751 4.1632447 4.1627722]",0.5,25,3195.986998201228
13,"[4.1815939 4.1772628 4.1744275 4.1719861 4.1704507 4.1689939 4.1676946
 4.1668282 4.1658831 4.1652136 4.1645441 4.1638355 4.1634026 4.1628904]",0.5,25,3194.254829747448
14,"[4.1815939 4.1770263 4.1741128 4.1720653 4.1702538 4.1688757 4.1675763
 4.1665916 4.1658435 4.1649776 4.1642294 4.1638355 4.1631269 4.1627722]",0.5,25,3191.940549337975
15,"[4.1815152 4.1773019 4.1743097 4.1721044 4.170372  4.1690331 4.1676946
 4.1667495 4.1659617 4.1650167 4.1644654 4.1637173 4.1632447 4.1629691]",0.5,25,3189.481310307887
16,"[4.1815152 4.1771841 4.1742306 4.1721439 4.1705294 4.1688757 4.167891
 4.1667495 4.16608   4.1650562 4.1644654 4.1637568 4.1633239 4.1630874]",0.5,25,3187.336362894426
17,"[4.1815939 4.1771054 4.1742702 4.1720257 4.1703324 4.168797  4.1677337
 4.1667495 4.1658044 4.1650562 4.1643476 4.1637173 4.1630874 4.1627331]",0.5,25,3184.850984078235
18,"[4.1815152 4.1771445 4.1739945 4.1719861 4.1702933 4.1688361 4.1676946
 4.1665916 4.1657257 4.1648593 4.1644263 4.1639142 4.1632447 4.1627722]",0.5,25,3183.0751966388643
19,"[4.1814365 4.1769872 4.1740336 4.171947  4.1701355 4.1688361 4.1676154
 4.1664739 4.1655679 4.1648989 4.1641898 4.1637959 4.1630478 4.1626148]",0.5,25,3180.685713569201
20,"[4.1815152 4.1770263 4.1740336 4.1720257 4.1703324 4.1688361 4.167655
 4.1665525 4.1658435 4.1650167 4.1643081 4.1637173 4.163166  4.1626544]",0.5,25,3178.7447773442937
21,"[4.1816335 4.1769872 4.1741128 4.1718683 4.1702147 4.1689544 4.1675763
 4.1666312 4.1659226 4.164938  4.1643476 4.1637959 4.1630874 4.1627331]",0.5,25,3176.2929846854686
22,"[4.1813579 4.1768689 4.1741519 4.1717896 4.1702147 4.1687574 4.167419
 4.1664343 4.1658044 4.1648593 4.1641507 4.1635599 4.1630874 4.1626544]",0.5,25,3173.877594011773
23,"[4.1815548 4.1771054 4.1741128 4.1718683 4.1701751 4.1688757 4.1676946
 4.1666708 4.1656861 4.164938  4.1643081 4.1638355 4.1630478 4.1627722]",0.5,25,3172.34668391737
24,"[4.1814761 4.1770263 4.1741128 4.1717105 4.1701355 4.1687183 4.167655
 4.1667886 4.1657648 4.1647806 4.1641898 4.1636782 4.1632447 4.1626148]",0.5,25,3170.168851347792
25,"[4.1815548 4.1771841 4.1745062 4.1719861 4.1702147 4.1689544 4.1676154
 4.1666312 4.1657257 4.1648989 4.1644263 4.1637173 4.1630478 4.1627722]",0.5,25,3167.990107130804
26,"[4.1813579 4.1770658 4.1740336 4.1718683 4.1700568 4.168797  4.1673794
 4.1663952 4.1656861 4.164938  4.1641111 4.1636386 4.1631269 4.1626935]",0.5,25,3165.753525809191
27,"[4.1813183 4.1771054 4.1739159 4.1718683 4.1701355 4.1685214 4.1675763
 4.1664739 4.1655679 4.1648593 4.1640325 4.1635995 4.16293   4.1626148]",0.5,25,3163.787367600233
28,"[4.1814365 4.1768689 4.1739945 4.1718683 4.1703324 4.1684818 4.1674976
 4.166513  4.1657257 4.1647806 4.1641898 4.1638355 4.1630478 4.1624966]",0.5,25,3161.622298857561
29,"[4.1813579 4.1770263 4.1739159 4.1717105 4.1701355 4.1685214 4.1673398
 4.1665525 4.1657648 4.1647806 4.1640716 4.1635203 4.1629691 4.1626544]",0.5,25,3159.3861189255126
30,"[4.1812396 4.1767902 4.1740336 4.1716318 4.1698599 4.1684031 4.1671824
 4.1663952 4.1653318 4.1646233 4.1640325 4.1634417 4.1628118 4.1624179]",0.5,25,3157.023618888885
31,"[4.1812792 4.1767902 4.1739945 4.1717501 4.1698995 4.1684818 4.1673398
 4.1663952 4.1655288 4.1647019 4.1639929 4.1634812 4.1628513 4.1622605]",0.5,25,3155.139278880481
32,"[4.1812396 4.1767116 4.173955  4.1716714 4.1699781 4.1685605 4.1673794
 4.1664739 4.1655288 4.1647806 4.1640325 4.1635203 4.16293   4.1624179]",0.5,25,3153.2463570288096
33,"[4.1813183 4.1768293 4.1738372 4.1717105 4.1698995 4.1683245 4.1673007
 4.1662769 4.1655288 4.1646233 4.1639929 4.1636386 4.16293   4.1624966]",0.5,25,3151.1755560711013
34,"[4.1813579 4.1770658 4.1738763 4.1716318 4.1698995 4.1685214 4.1673398
 4.1663556 4.1655288 4.1645837 4.1641898 4.163363  4.1628513 4.1623392]",0.5,25,3149.30671652574
35,"[4.1812792 4.1767902 4.173955  4.1717105 4.1698208 4.1684031 4.1673007
 4.1661587 4.1653714 4.164741  4.1640325 4.1632447 4.1628118 4.1623001]",0.5,25,3147.308403349746
36,"[4.181397  4.1768293 4.173758  4.1716318 4.1700964 4.1686392 4.1673007
 4.1663556 4.1655679 4.1647019 4.1641507 4.163363  4.16293   4.1624179]",0.5,25,3145.763325233019
37,"[4.1812396 4.1767902 4.173955  4.1716714 4.1700177 4.1684818 4.1674581
 4.1661983 4.1654892 4.1645441 4.1639538 4.1634417 4.1628513 4.1622605]",0.5,25,3144.6621477543126
38,"[4.1814365 4.1768689 4.1738372 4.1717501 4.1697812 4.1684818 4.167419
 4.166316  4.1654501 4.1647019 4.1639538 4.1634026 4.1628904 4.1624966]",0.5,25,3141.8741869807955
39,"[4.1812792 4.176672  4.1737189 4.1715927 4.1698995 4.1684427 4.1673794
 4.16608   4.1652923 4.1644654 4.1638751 4.1633239 4.1626544 4.1623001]",0.5,25,3139.5894709956874
40,"[4.1812396 4.1768293 4.1737976 4.1716714 4.1698599 4.1684031 4.167222
 4.16608   4.1653318 4.1645837 4.1639929 4.1632056 4.1627722 4.1622605]",0.5,25,3137.888812135009
41,"[4.1811213 4.1767507 4.1737976 4.1716318 4.1698995 4.1684818 4.1672611
 4.1661983 4.1653318 4.1645837 4.1639538 4.1632843 4.1626544 4.1621032]",0.5,25,3136.222291377767
42,"[4.1811213 4.1767507 4.1737976 4.1713562 4.1698208 4.1682062 4.1669855
 4.1661191 4.1651349 4.1643867 4.1637568 4.1632056 4.1624966 4.1621819]",0.5,25,3134.119894069416
43,"[4.1811609 4.176672  4.1736007 4.1715531 4.1697421 4.1681671 4.167222
 4.1661191 4.1652532 4.164505  4.1637173 4.1631269 4.1626935 4.1622605]",0.5,25,3132.497392252605
44,"[4.1812005 4.176672  4.1736403 4.1714349 4.1697812 4.1682458 4.1671433
 4.1660013 4.1652532 4.1644654 4.1638355 4.1632447 4.1625361 4.162221 ]",0.5,25,3130.723976465386
45,"[4.1811213 4.1767116 4.1737976 4.1713958 4.1698208 4.1683636 4.1669464
 4.1661983 4.1654105 4.1644654 4.1639929 4.1632056 4.1626148 4.1621423]",0.5,25,3129.14731812161
46,"[4.1811213 4.1767116 4.1738372 4.1714745 4.1697812 4.1683245 4.1671038
 4.1661191 4.1651349 4.1643867 4.1639538 4.1631269 4.1626935 4.1622605]",0.5,25,3127.594636298555
47,"[4.1810427 4.176475  4.1736007 4.1711988 4.169663  4.168088  4.1670251
 4.1659617 4.1650167 4.1643867 4.1636386 4.1632056 4.1624179 4.162024 ]",0.5,25,3125.795307452933
48,"[4.1810036 4.1765933 4.1734824 4.1713562 4.1696239 4.1682849 4.1669068
 4.1658831 4.1649776 4.1643476 4.1636782 4.1630087 4.1626148 4.162024 ]",0.5,25,3124.098918340523
49,"[4.1810822 4.176672  4.1736403 4.1713958 4.1697421 4.1684031 4.1671038
 4.1661983 4.1651349 4.1644263 4.1637959 4.1631269 4.1626148 4.1621423]",0.5,25,3122.7526233489302
50,"[4.1810427 4.1766329 4.1736403 4.1714349 4.169663  4.1683245 4.1671038
 4.1660404 4.1651745 4.1643867 4.1637568 4.1632056 4.1624575 4.1621819]",0.5,25,3121.159635019937
51,"[4.1809244 4.1765933 4.1734433 4.1714349 4.1695452 4.1681671 4.1670642
 4.1659617 4.1649776 4.1642294 4.1636782 4.1630087 4.1625361 4.1620636]",0.5,25,3119.346006278347
52,"[4.1810427 4.176475  4.1736007 4.1712384 4.1695452 4.1682062 4.1669855
 4.1658435 4.1650562 4.1644654 4.1635203 4.1630874 4.1624179 4.1619849]",0.5,25,3117.9250478801814
53,"[4.1810036 4.176672  4.1736007 4.1713562 4.1697421 4.1683245 4.1669855
 4.1659617 4.1650167 4.1643081 4.1636386 4.1632056 4.1625361 4.1621819]",0.5,25,3116.5430118033837
54,"[4.1810822 4.176475  4.173522  4.1712384 4.1695843 4.1682849 4.1669464
 4.1660404 4.1650953 4.1644654 4.1636386 4.16293   4.1626148 4.1619849]",0.5,25,3114.9574815302226
55,"[4.1809244 4.1765933 4.1735616 4.1712384 4.1694665 4.1681275 4.1669068
 4.1659617 4.1650167 4.1642685 4.1635203 4.1630087 4.1624575 4.1620636]",0.5,25,3113.2894295846863
56,"[4.180964  4.1763964 4.1736007 4.1712384 4.1695056 4.1680093 4.1668673
 4.1658044 4.1650167 4.1643476 4.1634417 4.16293   4.1623392 4.1619062]",0.5,25,3111.946867322862
57,"[4.1808853 4.1763964 4.173522  4.1713171 4.1695843 4.1681275 4.1669855
 4.1658831 4.1649776 4.1641898 4.1635995 4.1630087 4.1623001 4.1619849]",0.5,25,3110.583105110271
58,"[4.1811213 4.1763964 4.1736007 4.1711988 4.1695056 4.1680093 4.1669068
 4.1658435 4.1648989 4.1641898 4.1635995 4.1628904 4.1624179 4.1618667]",0.5,25,3109.121172424995
59,"[4.1809244 4.176475  4.1733646 4.1712384 4.1695056 4.167891  4.1667886
 4.1659226 4.164938  4.1642294 4.1635599 4.1628513 4.1623392 4.1618667]",0.5,25,3107.7053233871807
60,"[4.1809244 4.1763964 4.173522  4.1713562 4.1695056 4.168088  4.1667495
 4.1657648 4.164938  4.1641111 4.1635995 4.1628513 4.1623788 4.1619849]",0.5,25,3106.203250361872
61,"[4.1810036 4.1763573 4.1734037 4.1712775 4.1694665 4.1680093 4.1667886
 4.1658435 4.164938  4.1640325 4.1634026 4.1628513 4.1623392 4.1619062]",0.5,25,3104.401058482532
62,"[4.1808066 4.1763573 4.1733646 4.1712384 4.1693087 4.168088  4.1667099
 4.1658044 4.1648989 4.1641507 4.1632843 4.1627331 4.1623392 4.161788 ]",0.5,25,3103.22748995348
63,"[4.1808066 4.1764359 4.1734037 4.1711988 4.1693873 4.1680093 4.1669068
 4.1659226 4.1650562 4.1639929 4.1634026 4.1629691 4.1623392 4.162024 ]",0.5,25,3102.022188502605
64,"[4.180964  4.1763573 4.1734824 4.1711593 4.1694269 4.1681275 4.1669068
 4.1657648 4.164938  4.1641111 4.1635599 4.1628513 4.1622605 4.1618667]",0.5,25,3100.717944062364
65,"[4.1808066 4.1763177 4.1732464 4.1710415 4.1693482 4.1678123 4.1667099
 4.1657648 4.1649776 4.1640716 4.1633239 4.1626544 4.1623001 4.1616697]",0.5,25,3098.930879277347
66,"[4.1807671 4.1763573 4.1734037 4.1711593 4.1693873 4.167891  4.1666312
 4.1657648 4.1648989 4.1641111 4.163363  4.1628904 4.162221  4.1618667]",0.5,25,3097.7323422809527
67,"[4.1809244 4.1763177 4.173522  4.1712384 4.1696239 4.1679306 4.1667886
 4.165647  4.164938  4.1643081 4.1636386 4.16293   4.1624179 4.1619849]",0.5,25,3096.730084723717
68,"[4.1808853 4.1765537 4.1736007 4.1713171 4.1695056 4.1681275 4.1670251
 4.1658831 4.1650167 4.1642685 4.1635599 4.16293   4.1623788 4.162024 ]",0.5,25,3095.852417349854
69,"[4.1808853 4.1762781 4.1733251 4.1711202 4.16923   4.1677337 4.1667495
 4.165647  4.1647806 4.1641111 4.163363  4.1626544 4.1623001 4.1616697]",0.5,25,3094.109059567735
70,"[4.180964  4.1765537 4.1734037 4.1711202 4.1693482 4.1680093 4.1668282
 4.1660013 4.1648989 4.1641898 4.1634812 4.1628904 4.1623001 4.161788 ]",0.5,25,3093.3683794783533
71,"[4.1808457 4.1761994 4.1734824 4.1710806 4.16923   4.167891  4.1668282
 4.1657648 4.1648593 4.1641507 4.1632843 4.1627722 4.1623001 4.1616697]",0.5,25,3091.126084588894
72,"[4.1806884 4.1763964 4.1734037 4.1710415 4.1693873 4.167891  4.1667099
 4.1655679 4.164741  4.1640325 4.163363  4.1628513 4.1621819 4.1616306]",0.5,25,3089.8857717651363
73,"[4.1809244 4.1763573 4.1734037 4.1710806 4.1693482 4.168088  4.1667886
 4.1658435 4.1648197 4.1639538 4.1634812 4.1627331 4.1621423 4.1617484]",0.5,25,3089.1342208451347
74,"[4.1809244 4.1763573 4.1733251 4.1711593 4.1693873 4.1679306 4.1667886
 4.1656075 4.1648593 4.1641111 4.1634417 4.16293   4.1623001 4.1617484]",0.5,25,3088.168987320014
75,"[4.180728  4.1763573 4.1733646 4.1710415 4.1693482 4.167891  4.1665525
 4.1655679 4.1646624 4.1639538 4.1634026 4.1627722 4.162221  4.161788 ]",0.5,25,3086.689781392415
76,"[4.1808457 4.1763573 4.1734433 4.1711202 4.1691513 4.1678519 4.1668673
 4.1655288 4.1648593 4.1640716 4.163363  4.1628118 4.162221  4.1617484]",0.5,25,3085.31719302436
77,"[4.1806884 4.1760421 4.1731281 4.1710019 4.1690726 4.1677732 4.166513
 4.1654105 4.1645837 4.1637173 4.1630478 4.1623788 4.1618667 4.1613941]",0.5,25,3083.084719673935
78,"[4.1806097 4.1760817 4.1730099 4.1708446 4.1690726 4.1676154 4.1663952
 4.1654501 4.1644263 4.1637568 4.1630087 4.1624179 4.161788  4.1614337]",0.5,25,3081.671345202097
79,"[4.1804523 4.1760025 4.1728921 4.1704507 4.1687574 4.167419  4.1662374
 4.1652923 4.1641898 4.1635203 4.1628118 4.162221  4.1615911 4.1610794]",0.5,25,3079.912477157118
80,"[4.1806488 4.1760817 4.173089  4.1709232 4.1689148 4.1675367 4.166316
 4.1654105 4.164505  4.1634812 4.1630087 4.1622605 4.1616697 4.1613154]",0.5,25,3079.193688981935
81,"[4.1804523 4.1759634 4.1729312 4.170608  4.1689939 4.1675367 4.1661983
 4.1652136 4.1641507 4.1634812 4.1629691 4.162221  4.161552  4.1611972]",0.5,25,3077.697420635174
82,"[4.1806488 4.1758451 4.1730099 4.1708837 4.1689148 4.1677337 4.166513
 4.1652532 4.1643867 4.1635995 4.1627722 4.162221  4.1618667 4.1612763]",0.5,25,3076.757572355957
83,"[4.1803732 4.1760025 4.1728921 4.1705689 4.1688757 4.1673794 4.1662374
 4.1651745 4.1643867 4.1635203 4.1626935 4.1621819 4.1616697 4.1612368]",0.5,25,3075.410776814371
84,"[4.1805701 4.1759238 4.1729312 4.1708837 4.1688361 4.167419  4.16608
 4.1650953 4.1643081 4.1635599 4.1628904 4.1623001 4.1616697 4.1613154]",0.5,25,3073.966844699029
85,"[4.1804523 4.1759634 4.1729708 4.1707659 4.1689148 4.1672611 4.1660404
 4.1652532 4.1643476 4.1635203 4.1628513 4.162221  4.1615911 4.1611972]",0.5,25,3072.831211382241
86,"[4.1804523 4.1758056 4.1729312 4.1706476 4.1688361 4.1673007 4.1661191
 4.1650167 4.1640716 4.1634026 4.1628118 4.1621032 4.1617093 4.1608825]",0.5,25,3071.55898621053
87,"[4.180531  4.1759634 4.1729312 4.1706867 4.1689148 4.1674581 4.1661983
 4.1652923 4.1643867 4.1634812 4.1629691 4.1623001 4.1616697 4.1612368]",0.5,25,3070.664858236626
88,"[4.1804914 4.1760025 4.1728921 4.1707263 4.1686788 4.1673794 4.1661191
 4.1650953 4.1641898 4.1634417 4.1628513 4.162221  4.1614728 4.1611972]",0.5,25,3069.572659327936
89,"[4.1804523 4.1758056 4.1728525 4.1705294 4.1687574 4.1671824 4.16608
 4.1650953 4.1639929 4.1634026 4.1626935 4.162024  4.1615124 4.1608429]",0.5,25,3068.0197588686824
90,"[4.1803732 4.1757665 4.1727343 4.1704903 4.1686788 4.1673398 4.1660404
 4.1650953 4.1641898 4.1634026 4.1626544 4.162024  4.1615911 4.1610398]",0.5,25,3067.014036974963
91,"[4.1803341 4.1757665 4.1727343 4.170805  4.1688361 4.167419  4.1661587
 4.1650562 4.1641898 4.1634417 4.1628118 4.162221  4.1615124 4.1611185]",0.5,25,3065.799044086913
92,"[4.1802158 4.1759238 4.1727343 4.1704903 4.1687183 4.1671824 4.1660013
 4.1651349 4.1641898 4.1632843 4.1625361 4.1620636 4.1614728 4.1609216]",0.5,25,3064.266190452745
93,"[4.1804128 4.1756482 4.1727343 4.1703324 4.1686392 4.167222  4.1659617
 4.1648197 4.1639538 4.1631269 4.1626148 4.1619849 4.161355  4.1609216]",0.5,25,3063.2461210199654
94,"[4.1803341 4.1759634 4.1729708 4.170608  4.1687574 4.167419  4.1661983
 4.1650953 4.1642294 4.1635203 4.1626935 4.1620636 4.1615124 4.1610398]",0.5,25,3062.4747015684666
95,"[4.1804523 4.1759238 4.1728921 4.170608  4.1689544 4.1673398 4.1661191
 4.1650167 4.1642685 4.1633239 4.1627331 4.162024  4.1617093 4.1611185]",0.5,25,3061.1443776262736
96,"[4.180531  4.1756482 4.1726556 4.1704111 4.1686392 4.1672611 4.1660013
 4.1650167 4.1641111 4.1633239 4.1627722 4.1618667 4.1614728 4.1610003]",0.5,25,3059.95819546658
97,"[4.1802158 4.1758451 4.1728134 4.1705689 4.1687183 4.1673007 4.1659226
 4.1649776 4.1641507 4.163166  4.1625361 4.1619453 4.1613941 4.1608429]",0.5,25,3058.653921247017
98,"[4.1802945 4.1757665 4.1727343 4.1704507 4.1686001 4.1671824 4.1660013
 4.164938  4.1642294 4.163363  4.1625757 4.1618667 4.161355  4.1608429]",0.5,25,3057.5737444812016
99,"[4.1803341 4.1757665 4.1727738 4.1705294 4.1685214 4.167222  4.1660404
 4.164938  4.1639929 4.1632843 4.1625361 4.1619849 4.1613941 4.1608038]",0.5,25,3056.420826460639
100,"[4.1801767 4.1756878 4.1727343 4.1704507 4.1684031 4.1673007 4.1658044
 4.164938  4.1640716 4.163166  4.1625757 4.1618276 4.1612763 4.1608429]",0.5,25,3055.2176027785936
101,"[4.1804128 4.1758451 4.1726556 4.1704111 4.1686392 4.1671824 4.1658435
 4.1648989 4.1638751 4.1629691 4.1624179 4.1619062 4.1612368 4.1609612]",0.5,25,3054.1540750143813
102,"[4.1802158 4.1755695 4.1725769 4.1702933 4.1684427 4.1670251 4.1657648
 4.1646233 4.1637959 4.1630874 4.1623001 4.161552  4.1611972 4.1606069]",0.5,25,3052.772201282283
103,"[4.1802945 4.1757269 4.1726952 4.1702933 4.1684427 4.1670251 4.1658831
 4.164741  4.1639538 4.1629691 4.1624179 4.1617093 4.1611581 4.1606069]",0.5,25,3051.8025838353137
104,"[4.1802554 4.1757269 4.1725378 4.1703324 4.1685214 4.1671038 4.1657257
 4.164741  4.1638751 4.1632447 4.1623001 4.1617484 4.1611185 4.1607642]",0.5,25,3050.839890645347
105,"[4.1802945 4.1756878 4.1725769 4.1703324 4.1683245 4.1669464 4.1656861
 4.1645441 4.1639538 4.1630478 4.1623788 4.1616306 4.1610398 4.1605282]",0.5,25,3049.539635427112
106,"[4.1803341 4.1756482 4.1727343 4.1705294 4.1686001 4.1671038 4.1658044
 4.1648989 4.1639538 4.1631269 4.1623001 4.1617093 4.1610003 4.1606855]",0.5,25,3048.681275237497
107,"[4.1802945 4.1757665 4.1724586 4.1702147 4.1683245 4.1669068 4.1658044
 4.1646233 4.1636782 4.1628904 4.162221  4.161552  4.1610794 4.160449 ]",0.5,25,3047.337210819635
108,"[4.1801767 4.1756091 4.1724586 4.1702538 4.1683636 4.1668673 4.1654892
 4.1645837 4.1636782 4.1628118 4.1621032 4.1615124 4.1609612 4.1605282]",0.5,25,3045.970776946071
109,"[4.1800585 4.1754513 4.1724982 4.1701355 4.1684031 4.1668282 4.1656075
 4.1646624 4.1637173 4.1628118 4.1621819 4.1614728 4.1609216 4.1604886]",0.5,25,3044.863593460964
110,"[4.1801372 4.1754909 4.1724586 4.1703324 4.1684818 4.1668673 4.1656075
 4.1645837 4.1635203 4.1628118 4.162221  4.1615911 4.1608825 4.160449 ]",0.5,25,3043.954858438313
111,"[4.1802158 4.1756091 4.1724982 4.1702538 4.1684427 4.1667495 4.1656075
 4.1645837 4.1636782 4.1630478 4.162221  4.1617093 4.1610398 4.1603703]",0.5,25,3042.915323876141
112,"[4.1803341 4.1755695 4.17238   4.1702538 4.1683636 4.1668673 4.1655679
 4.1646233 4.1635995 4.1629691 4.1620636 4.161552  4.1611185 4.160449 ]",0.5,25,3041.737313704156
113,"[4.1800585 4.1757269 4.1723409 4.1700964 4.1683245 4.1667886 4.1654501
 4.1646233 4.1635995 4.1626935 4.1621032 4.1615911 4.1610003 4.1604099]",0.5,25,3040.658925158826
114,"[4.1800976 4.1757269 4.1725378 4.1700964 4.1684031 4.1667495 4.1658044
 4.1645837 4.1636782 4.1627331 4.162221  4.1615911 4.1609216 4.1606069]",0.5,25,3039.586864349636
115,"[4.1799402 4.1753726 4.1723409 4.1698599 4.1682062 4.1667495 4.1654501
 4.1643867 4.1634026 4.1627331 4.1620636 4.1613941 4.1608825 4.1604099]",0.5,25,3038.165255403784
116,"[4.1800976 4.1754513 4.17238   4.1701751 4.1682458 4.1667886 4.1654892
 4.1643476 4.1634417 4.1628904 4.1620636 4.1613154 4.1607642 4.1602917]",0.5,25,3037.153363186713
117,"[4.1800585 4.1754909 4.17238   4.1700568 4.1681671 4.1667099 4.1652923
 4.1644263 4.1635995 4.1626935 4.1619062 4.161355  4.1608038 4.1601343]",0.5,25,3035.8819981519896
118,"[4.1800976 4.1754513 4.1723013 4.1701355 4.1684031 4.1665916 4.1653714
 4.1642685 4.163363  4.1625757 4.1618667 4.1611972 4.160646  4.160213 ]",0.5,25,3034.675300891793
119,"[4.1800976 4.1754909 4.1724195 4.1701355 4.1682458 4.1669068 4.1654501
 4.1645837 4.1635995 4.1626935 4.1619849 4.1612368 4.1606069 4.1601734]",0.5,25,3033.722345281844
120,"[4.1799798 4.1754122 4.17238   4.1700964 4.1683245 4.1665916 4.1654501
 4.1643081 4.1635203 4.1626148 4.1618667 4.1614337 4.1608429 4.1601734]",0.5,25,3032.7295791589368
121,"[4.1799798 4.1751366 4.1722226 4.1699386 4.1680093 4.1664739 4.1652136
 4.1643476 4.1632447 4.1626148 4.1617093 4.1612763 4.160449  4.1599765]",0.5,25,3031.327641358237
122,"[4.1799402 4.1753726 4.17238   4.1700177 4.1682062 4.1665916 4.1653318
 4.1642294 4.1632843 4.1625361 4.1617484 4.1610794 4.1604886 4.160213 ]",0.5,25,3030.154139518908
123,"[4.1801767 4.1754513 4.1724586 4.1700177 4.1681275 4.1666708 4.1652923
 4.1641898 4.1632843 4.1625757 4.1618276 4.1611185 4.1606069 4.1600947]",0.5,25,3028.89194711168
124,"[4.1799798 4.1753726 4.1721439 4.1699386 4.1680093 4.1665916 4.1653714
 4.1642294 4.1633239 4.1624179 4.1617484 4.1610794 4.1604886 4.1599374]",0.5,25,3027.602673691001
125,"[4.1799798 4.1752939 4.1722622 4.1699386 4.1680093 4.1664343 4.1653318
 4.1641507 4.1632056 4.1623001 4.161788  4.1610794 4.1603312 4.1598587]",0.5,25,3026.108148929714
126,"[4.1800189 4.1754513 4.1722226 4.1699781 4.1682458 4.1666708 4.1653318
 4.1643476 4.1631269 4.1624966 4.1617484 4.1610398 4.1605282 4.1599765]",0.5,25,3025.28780710734
127,"[4.1799006 4.1753726 4.1722622 4.1698599 4.1680489 4.1665916 4.1654105
 4.1642294 4.1632447 4.1623788 4.1617093 4.1611185 4.1604099 4.1599374]",0.5,25,3023.751936861839
128,"[4.1799798 4.1752939 4.1722226 4.1700568 4.1681275 4.166513  4.1653318
 4.1643081 4.1632843 4.1624179 4.1617093 4.1611972 4.1606069 4.1600947]",0.5,25,3022.683266283233
129,"[4.1800189 4.1753726 4.1722226 4.1699781 4.168088  4.1666312 4.1653318
 4.1642685 4.1631269 4.1624575 4.1615911 4.1611581 4.1606069 4.1599374]",0.5,25,3021.497890440946
130,"[4.1798615 4.1754513 4.1722226 4.1698208 4.1680489 4.1665916 4.1654105
 4.1642685 4.1632843 4.1623392 4.161552  4.1608825 4.1602526 4.1599374]",0.5,25,3019.981197292891
131,"[4.1797042 4.1751757 4.1720257 4.1697421 4.1681671 4.1664739 4.1653318
 4.1642294 4.1630874 4.1624179 4.1616697 4.1610003 4.1603703 4.15978  ]",0.5,25,3018.775026156543
132,"[4.1799006 4.1752939 4.172183  4.1699386 4.1680093 4.1663952 4.1652136
 4.1641898 4.1631269 4.1623788 4.1617093 4.1611581 4.1606069 4.1598191]",0.5,25,3017.510575787353
133,"[4.1798615 4.1754122 4.1723409 4.1698995 4.1681275 4.1664343 4.1652923
 4.1642685 4.1632447 4.1624575 4.161552  4.1611185 4.1602917 4.1597404]",0.5,25,3016.121916097681
134,"[4.1799006 4.1752543 4.1722622 4.1699781 4.1681671 4.1664739 4.1652136
 4.1643081 4.1632056 4.1622605 4.1615911 4.1610003 4.1602917 4.1598587]",0.5,25,3014.926932245146
135,"[4.1797433 4.175097  4.1720257 4.1696239 4.167891  4.1663556 4.1652136
 4.1640325 4.1632056 4.1621032 4.1614337 4.1608825 4.1602526 4.1596618]",0.5,25,3013.162303994685
136,"[4.1799402 4.1752152 4.1721439 4.1698599 4.1679306 4.166513  4.1652532
 4.1641111 4.1631269 4.1624179 4.1616306 4.1608825 4.1604099 4.1599374]",0.5,25,3012.225116814237
137,"[4.1798615 4.1751757 4.1722226 4.1699781 4.1679702 4.1664343 4.1650562
 4.1641111 4.1630478 4.1621819 4.161552  4.1610003 4.1604099 4.1598587]",0.5,25,3010.795556919625
138,"[4.1798615 4.1752543 4.1722226 4.1697421 4.1678519 4.166513  4.1652136
 4.1640325 4.1630478 4.1623392 4.1614337 4.1609216 4.1600947 4.1597009]",0.5,25,3009.36188178006
139,"[4.1802945 4.1759238 4.1726556 4.1704903 4.1686001 4.1671433 4.1667886
 4.1667099 4.1667495 4.1668282 4.1655679 4.164505  4.1635995 4.1629691]",0.5,25,3010.484184527041
140,"[4.1797433 4.1750579 4.1720653 4.1697025 4.1677732 4.1662769 4.1649776
 4.1639142 4.16293   4.1620636 4.1614337 4.1608038 4.1602526 4.1595044]",0.5,25,3006.77583487359
141,"[4.1795464 4.1749787 4.172183  4.1697421 4.1678519 4.166316  4.1650953
 4.1639538 4.1630478 4.1621819 4.1614337 4.1609216 4.160213  4.1597009]",0.5,25,3005.0973363559306
142,"[4.1797042 4.1752152 4.1720257 4.1697421 4.167891  4.1662374 4.1650953
 4.1640716 4.1631269 4.162221  4.161552  4.1609216 4.1602526 4.1597009]",0.5,25,3003.867714000382
143,"[4.1797433 4.1749001 4.1721044 4.1698208 4.167891  4.1663952 4.1650562
 4.1640716 4.16293   4.162221  4.1614337 4.1609612 4.1603312 4.1596222]",0.5,25,3002.546269293076
144,"[4.179822  4.175097  4.1719074 4.1698995 4.167891  4.1663556 4.1651349
 4.1637959 4.1630874 4.1621423 4.1614728 4.1608429 4.1600947 4.1594648]",0.5,25,3001.027734682079
145,"[4.1794677 4.1751366 4.171947  4.1695452 4.1678123 4.1663556 4.1651349
 4.1637959 4.16293   4.162221  4.1613941 4.160646  4.1600161 4.1594648]",0.5,25,2999.36551956394
146,"[4.1795073 4.1750183 4.1721044 4.1695843 4.1678123 4.1663952 4.1650167
 4.1641898 4.1628513 4.1620636 4.1614728 4.1607642 4.1599374 4.1596222]",0.5,25,2997.8363703601062
147,"[4.1795073 4.1749787 4.1717896 4.1695452 4.1675763 4.16608   4.1648197
 4.1637568 4.1627722 4.1619453 4.1611581 4.1607642 4.1598978 4.1593466]",0.5,25,2996.192442278101
148,"[4.1796646 4.1749787 4.1717501 4.1695452 4.1676946 4.1660404 4.1648197
 4.1637959 4.1628513 4.1619849 4.1613154 4.1605673 4.1598978 4.1595435]",0.5,25,2994.6755205296504
149,"[4.1795464 4.1750183 4.1717896 4.1694665 4.1675763 4.16608   4.164938
 4.1637959 4.16293   4.162024  4.1613154 4.1606069 4.1601343 4.1593466]",0.5,25,2993.163689128821
150,"[4.179625  4.1749396 4.1718287 4.1696239 4.1678519 4.1661191 4.1649776
 4.1639538 4.16293   4.162024  4.1612763 4.1606855 4.1599374 4.1595831]",0.5,25,2991.914968966064
151,"[4.1795073 4.1749001 4.1718683 4.1695843 4.1677337 4.16608   4.1648593
 4.1637568 4.16293   4.1621032 4.1611972 4.1605282 4.1600161 4.1594648]",0.5,25,2990.396512745501
152,"[4.1794286 4.1748214 4.1719861 4.1693482 4.1675367 4.16608   4.1648197
 4.1637959 4.1626935 4.1619062 4.1611185 4.1606069 4.1598191 4.1594648]",0.5,25,2988.563465594213
153,"[4.1795859 4.1749787 4.1717501 4.1695452 4.1674976 4.1660404 4.1647806
 4.1637568 4.1627722 4.161788  4.1614337 4.160449  4.15978   4.1594648]",0.5,25,2986.996866924915
154,"[4.179389  4.1747818 4.1718683 4.1693482 4.1676154 4.1660404 4.1648593
 4.1637173 4.1626935 4.1618667 4.1612763 4.1604099 4.1597404 4.1592679]",0.5,25,2985.184420041639
155,"[4.1794286 4.1749001 4.1716714 4.1695056 4.1675763 4.1659617 4.1646233
 4.1636386 4.1626935 4.1618667 4.1610794 4.1605282 4.15978   4.1592288]",0.5,25,2983.594006397705
156,"[4.1793494 4.1749787 4.1716318 4.1692696 4.1674581 4.1659617 4.1646624
 4.1636386 4.1627331 4.1619849 4.1612368 4.1604099 4.1597009 4.1591892]",0.5,25,2981.9394744565197
157,"[4.179389  4.1747818 4.1715531 4.1691513 4.1673794 4.1660013 4.1645837
 4.1634417 4.1625361 4.161788  4.1611185 4.1603703 4.1597404 4.1590319]",0.5,25,2980.1288931212043
158,"[4.1793494 4.1747427 4.1716318 4.1693482 4.1673398 4.1658044 4.1645837
 4.1636386 4.1626148 4.161788  4.1610398 4.1602917 4.1596618 4.1591496]",0.5,25,2978.128007439778
159,"[4.1795859 4.1747427 4.1715927 4.16923   4.1673794 4.1659226 4.164741
 4.1634812 4.1626935 4.1618667 4.1611185 4.1602526 4.1598191 4.1592288]",0.5,25,2976.5933968172194
160,"[4.1794286 4.1749396 4.1717105 4.1691909 4.1673794 4.1659617 4.1645837
 4.1635995 4.1627331 4.1617484 4.1610003 4.1602526 4.1597404 4.159071 ]",0.5,25,2975.016232736951
161,"[4.1791921 4.1745062 4.171514  4.1692696 4.1673794 4.1659226 4.1645441
 4.1634417 4.1626544 4.1615911 4.1610398 4.1602526 4.1596618 4.159071 ]",0.5,25,2973.147236454538
162,"[4.1794286 4.1747427 4.171514  4.1692696 4.1673398 4.1658435 4.1646233
 4.1634026 4.1623788 4.161552  4.1609216 4.1600556 4.1595435 4.1591496]",0.5,25,2971.446077416722
163,"[4.1793103 4.1747427 4.1715531 4.16923   4.1673007 4.1658044 4.1646233
 4.1634417 4.1624966 4.1616697 4.1609612 4.1604099 4.1596618 4.1591892]",0.5,25,2969.8874050252284
164,"[4.1793494 4.174664  4.1717105 4.1693873 4.1673398 4.1658435 4.1645441
 4.1633239 4.1624966 4.1616306 4.1608429 4.1603312 4.1596618 4.1591496]",0.5,25,2968.4361133946395
165,"[4.1793494 4.1745458 4.1713562 4.1690331 4.1671038 4.1656075 4.1642685
 4.1632447 4.1621819 4.1614728 4.1607246 4.1600161 4.1594648 4.158874 ]",0.5,25,2966.274058779973
166,"[4.179153  4.1746244 4.1713171 4.1690331 4.1671433 4.1656861 4.1644263
 4.1630874 4.1622605 4.1613941 4.160646  4.1600161 4.1593466 4.1588349]",0.5,25,2964.6671215760634
167,"[4.1792316 4.1743097 4.1712384 4.1689939 4.1670642 4.1656075 4.1642685
 4.1632056 4.1621032 4.1612763 4.160646  4.1598587 4.1592288 4.1586771]",0.5,25,2962.940785905493
168,"[4.1791921 4.1745062 4.1714349 4.1690726 4.1672611 4.1657257 4.1643476
 4.1632056 4.162221  4.1614337 4.1605282 4.1600161 4.1594253 4.158874 ]",0.5,25,2961.601335737578
169,"[4.1792316 4.1745062 4.1713562 4.1688361 4.1670642 4.1654501 4.1642685
 4.163166  4.162221  4.1612763 4.160646  4.1598587 4.1593466 4.1587563]",0.5,25,2959.8652649437154
170,"[4.178956  4.1743884 4.1711593 4.168797  4.1670642 4.1654501 4.1641898
 4.16293   4.1619453 4.1610794 4.1604099 4.1596618 4.159071  4.1585593]",0.5,25,2957.974404302434
171,"[4.1790738 4.1743884 4.1711988 4.1690726 4.1671038 4.1655288 4.1641507
 4.1630874 4.162024  4.1613154 4.1605673 4.1598191 4.1592288 4.1585984]",0.5,25,2956.499860465357
172,"[4.1790347 4.1742306 4.1710806 4.1688361 4.1670251 4.1654892 4.1640325
 4.1628904 4.1620636 4.1610398 4.1603703 4.1597009 4.1591892 4.1586771]",0.5,25,2954.4554569650622
173,"[4.1790738 4.1741915 4.1711593 4.168797  4.1669068 4.1654105 4.1640325
 4.1629691 4.1619849 4.1611581 4.1605282 4.1596618 4.1589527 4.1584411]",0.5,25,2952.962880974798
174,"[4.1790347 4.1742306 4.1712384 4.1685605 4.1669068 4.1653318 4.1640325
 4.1628513 4.162024  4.1610794 4.1603703 4.1596618 4.1592288 4.1585593]",0.5,25,2951.0740794056533
175,"[4.1790347 4.1741915 4.1709623 4.1687183 4.1668673 4.1652136 4.1639929
 4.1630478 4.162024  4.1610794 4.160449  4.1595435 4.1589136 4.1584411]",0.5,25,2949.143856798504
176,"[4.1789951 4.1741519 4.1711593 4.1686788 4.1668282 4.1652532 4.1640325
 4.1628904 4.161788  4.1608429 4.1601343 4.1593862 4.158874  4.1582837]",0.5,25,2947.040839399412
177,"[4.1791134 4.1741519 4.1710019 4.1686001 4.1669068 4.1653318 4.1638355
 4.1626935 4.1618276 4.1608825 4.160213  4.1596618 4.1589527 4.1583624]",0.5,25,2945.378493593615
178,"[4.178956  4.1741519 4.1710019 4.1686788 4.1667099 4.1652532 4.1637959
 4.1627331 4.1617093 4.1609612 4.160213  4.1595831 4.1588349 4.1582837]",0.5,25,2943.5566394836405
179,"[4.178956  4.1742306 4.1710019 4.1686392 4.1666708 4.1652136 4.1637568
 4.1628904 4.1618276 4.1609612 4.160213  4.1595435 4.158874  4.1583228]",0.5,25,2941.84681459771
180,"[4.1788769 4.1740336 4.1709232 4.1683636 4.166513  4.164938  4.1638355
 4.1624966 4.1616697 4.1608825 4.1598587 4.1593466 4.1587167 4.1579685]",0.5,25,2939.49959010715
181,"[4.178956  4.1742702 4.1712384 4.1685214 4.1668282 4.1649776 4.1638355
 4.1626544 4.1616697 4.1608429 4.1598587 4.1591892 4.158638  4.1580868]",0.5,25,2937.923604749622
182,"[4.1788378 4.1740732 4.1708446 4.1686788 4.1666708 4.1650167 4.1637959
 4.1626148 4.1617093 4.1608825 4.1599765 4.1592679 4.1586771 4.1581655]",0.5,25,2936.0570558808063
183,"[4.1789165 4.1741519 4.1708446 4.1684427 4.1665916 4.1650562 4.1636782
 4.1626935 4.1616697 4.1608429 4.1598587 4.1593466 4.158638  4.1580868]",0.5,25,2934.193815970729
184,"[4.1787195 4.173955  4.1707659 4.1683245 4.1663952 4.1650953 4.1634417
 4.1624179 4.1614728 4.1605282 4.1598191 4.1591496 4.1585197 4.1578503]",0.5,25,2932.176452754176
185,"[4.1786804 4.1741519 4.1707263 4.1684031 4.166316  4.1648593 4.1635995
 4.1623788 4.1614728 4.1605673 4.1597404 4.1590319 4.1583228 4.1579289]",0.5,25,2930.239383087022
186,"[4.1787982 4.1739945 4.1708446 4.1683245 4.1666312 4.1648989 4.1635203
 4.1624966 4.1616306 4.1605673 4.1598191 4.1590319 4.1585593 4.1578503]",0.5,25,2928.262513561607
187,"[4.1786408 4.1739159 4.1707263 4.1681671 4.1663952 4.1648593 4.1634812
 4.1624179 4.1613154 4.1605282 4.1597009 4.158874  4.1585593 4.1578503]",0.5,25,2926.2015736622448
188,"[4.1784835 4.1738763 4.1705689 4.1682458 4.1662769 4.1646624 4.1632056
 4.162221  4.161355  4.1604886 4.1595435 4.1587563 4.1584015 4.1575356]",0.5,25,2924.1293465452727
189,"[4.1787591 4.1739945 4.1706867 4.1684031 4.1664343 4.1647806 4.1635599
 4.1623001 4.1614728 4.1604099 4.1598191 4.1589527 4.1584411 4.1578112]",0.5,25,2922.6018966647694
190,"[4.1786408 4.173758  4.1705689 4.1681275 4.1661983 4.1646624 4.1632447
 4.1621423 4.1611185 4.1603312 4.1595831 4.1589136 4.1585197 4.1576929]",0.5,25,2920.479404214952
191,"[4.1784439 4.173758  4.1704903 4.1681275 4.166316  4.1646233 4.1635995
 4.1621423 4.1610794 4.1602526 4.1595435 4.1589136 4.1581259 4.1575356]",0.5,25,2918.5128391753497
